Marca temporal,1.     Edad en años,2.     Género:,3.     Institución educativa:,4.     Área de residencia:,5.     ¿En qué año escolar estás actualmente?,6.       ¿Qué idiomas hablas? ,7.     ¿Cuál es el nivel educativo más alto que han alcanzado tus padres o tutores?,¿Cuál es el ingreso familiar mensual aproximado?,"9.       ¿Qué tan interesado se siente en actividades científicas (experimentos, laboratorios)? ",10.     ¿Cuáles de las siguientes actividades te gusta realizar? ,11.     ¿Qué asignaturas disfrutas más en el colegio?,12.     ¿Cuál de las siguientes carreras te parece más atractiva?,13.     ¿Quién influye más en tu decisión sobre qué estudiar en el futuro?,"14.      ¿Tus maestros te han animado a explorar temas relacionados con la ciencia o la tecnología? (Escala de Likert: 1 = Nunca, 5 = Siempre) (S/T)",15.     ¿Qué opinan tus amigos sobre el estudio de disciplinas relacionadas con la tecnología o la ciencia?,"16.     ¿Qué tanto apoyo recibes de tu familia para estudiar temas relacionados con las matemáticas o la ciencia? (Escala de Likert: 1 = Nada, 5 = Mucho) (M/S)","17.     ¿Qué obstáculos sientes que podrías enfrentar al seguir una de estas carreras? (Ciencia, tecnología, ingeniería, Arte y Matemáticas) (Selecciona todas las que apliquen)",18.     ¿Qué sectores te interesan más para trabajar en el futuro?,"19.      ¿Qué tan optimista te sientes sobre tu futuro en una carrera que involucre tecnología o ciencia? (Escala de Likert: 1 = Nada optimista, 5 = Muy optimista)","20.     ¿Crees que tu carrera te brindará estabilidad económica?  (Escala de Likert: 1 = Nada, 5 = Mucho)",21.     ¿Qué esperas lograr con tu carrera en términos de impacto social o tecnológico?,"22.      ¿Crees que las innovaciones tecnológicas están mejorando la calidad de vida de las personas? (Escala de Likert: 1 = Nada, 5 = Mucho)",23.     ¿Qué área consideras más importante para que avance tecnológicamente?,"24.      ¿Cuál es la probabilidad de que selecciones una carrera relacionada con Ciencia, Tecnología, Ingeniería, Arte o Matemáticas? (STEAM)
(Escala de Likert: 1 = Nada, 5 = Mucho)","25.     ¿Qué tan informado/a te sientes sobre las diferentes opciones de carrera dentro de las áreas de Ciencia, tecnología, ingeniería, Arte y Matemáticas? (STEAM)"
5/6/2026 9:55:51,18,Masculico,VICENTE ANDA AGUIRRE,Rural,Segundo de bachillerato,Español,Bachillerato,Menos de $500,"Me interesa trabajar con herramientas, máquinas y equipos., Disfruto explorando y aprendiendo sobre seres vivos como animales, peces y plantas., Me interesa trabajar con materiales físicos (como pinturas, arcilla, telas) para crear productos artísticos.",Analizar datos para encontrar patrones y conclusiones., Matemáticas, Ingeniero/a civil, Nadie en particular,4, Neutro,3, Falta de recursos educativos, Tecnología,4,4, Contribuir a la sostenibilidad,4, Energía,5, Neutro
5/6/2026 9:56:25,15,Masculico,VICENTE ANDA AGUIRRE,Rural,Segundo de bachillerato,Español,Bachillerato,Menos de $500,"Me interesa investigar fenómenos físicos, biológicos y/o culturales para entender sus causas y efectos.",Aprender sobre nuevos descubrimientos científicos., Matemáticas, Ingeniero/a civil, Familia,2, Neutro,4, Dificultad en las materias, Tecnología,4,3, Innovar y crear nuevas tecnologías,4, Educación,3, Neutro
5/6/2026 9:56:47,16,Masculico,VICENTE ANDA AGUIRRE,Rural,Segundo de bachillerato,Español,Bachillerato,Menos de $500,"Me interesa trabajar con herramientas, máquinas y equipos.",Analizar datos y realizar interpretaciones estadísticas, Matemáticas, Ingeniero/a civil, Familia,2, Neutro,2, Dificultad en las materias, Medio ambiente,4,4, Contribuir a la sostenibilidad,4, Educación,4, Neutro
5/6/2026 9:57:25,16,Masculico,VICENTE ANDA AGUIRRE,Rural,Segundo de bachillerato,Español,Bachillerato,Menos de $500,"Me interesa trabajar con herramientas, máquinas y equipos., Disfruto arreglando o construyendo cosas físicas (por ejemplo, reparaciones en casa, proyectos de bricolaje)., Me siento atraído/a por temas relacionados con mecánica y automóviles., Encuentro fascinante la ingeniería y cómo se utiliza para diseñar y construir soluciones prácticas a problemas cotidianos y globales.","Aprender sobre nuevos descubrimientos científicos., Crear obras artísticas como pinturas, dibujos o esculturas., Compartir y recibir retroalimentación sobre tu arte.", Biología, Artista digital, Familia,4, Neutro,1, Falta de apoyo familiar, Salud,2,1, Desarrollar nuevas ideas artísticas,1, Energía,1, Neutro
5/6/2026 9:58:01,15,Masculico,VICENTE ANDA AGUIRRE,Rural,Segundo de bachillerato,Español,Bachillerato,$501 - $1000,Me gusta jugar ajedrez,Resolver problemas usando herramientas y software tecnológico., Matemáticas,Contaduria," Familia,  Maestros",3, Neutro,4, Dificultad en las materias, Tecnología,3,2, No estoy seguro(a),3, Medio ambiente,2, Neutro
5/6/2026 9:59:54,16,Femenino,VICENTE ANDA AGUIRRE,Rural,Segundo de bachillerato,Español,Bachillerato,Menos de $500,"Me interesa trabajar con herramientas, máquinas y equipos., Me gusta leer novelas de detectives y explorar el razonamiento detrás de los casos y las soluciones propuestas., Disfruto de actividades artísticas como la música, el teatro o la literatura que involucran la creación de obras y expresiones creativas.","Resolver problemas usando herramientas y software tecnológico., Resolver problemas matemáticos y encontrar soluciones eficientes", Matemáticas, Desarrollador/a de software, Familia,5, Positivo,5, Falta de recursos educativos, Salud,4,5, Mejorar la calidad de vida de las personas,4, Salud,4, Muy informado/a
5/6/2026 10:03:46,17,Femenino,VICENTE ANDA AGUIRRE,Rural,Tercero de bachillerato,Español,Bachillerato,Menos de $500,"Me interesa trabajar con herramientas, máquinas y equipos.",Analizar datos para encontrar patrones y conclusiones.," Matemáticas,  Arte", Ingeniero/a civil, Familia,1, Positivo,1, Dificultad en las materias, Tecnología,3,4, Mejorar la calidad de vida de las personas,4, Medio ambiente,1, Nada informado/a
5/6/2026 10:14:35,16,Femenino,VICENTE ANDA AGUIRRE,Rural,Segundo de bachillerato,Español,Bachillerato,Menos de $500,"Me interesa trabajar con herramientas, máquinas y equipos.",Resolver problemas matemáticos y encontrar soluciones eficientes, Matemáticas," Investigador/a científico/a,  Desarrollador/a de software", Redes sociales,3, Neutro,5, Falta de recursos educativos, Tecnología,4,4, Innovar y crear nuevas tecnologías,3, Educación,3, Poco informado/a
5/6/2026 10:17:32,16,Masculico,VICENTE ANDA AGUIRRE,Rural,Segundo de bachillerato,Español,Bachillerato,Menos de $500,"Me interesa trabajar con herramientas, máquinas y equipos., Me siento atraído/a por temas relacionados con mecánica y automóviles., Disfruto explorando y aprendiendo sobre seres vivos como animales, peces y plantas., Encuentro fascinante la ingeniería y cómo se utiliza para diseñar y construir soluciones prácticas a problemas cotidianos y globales., Me interesa investigar fenómenos físicos, biológicos y/o culturales para entender sus causas y efectos., Disfruto explorando temas relacionados con ciencia ficción y avances científicos futuristas., Me interesa trabajar con materiales físicos (como pinturas, arcilla, telas) para crear productos artísticos., Disfruto explorando temas relacionados con arte y belleza visual en diferentes formas de expresión (dibujo, pintura, escultura)., Disfruto de actividades artísticas como la música, el teatro o la literatura que involucran la creación de obras y expresiones creativas.","Resolver problemas usando herramientas y software tecnológico., Diseñar y construir estructuras o dispositivos prácticos., Crear obras artísticas como pinturas, dibujos o esculturas., Compartir y recibir retroalimentación sobre tu arte., Resolver problemas matemáticos y encontrar soluciones eficientes", Biología, Ingeniero/a civil, Familia,3, Neutro,3, Falta de apoyo familiar, Medio ambiente,2,2, Innovar y crear nuevas tecnologías,3, Educación,3, Neutro
5/6/2026 10:23:11,16,Masculico,VICENTE ANDA AGUIRRE,Rural,Segundo de bachillerato,Español,Bachillerato,$501 - $1000,"Me interesa trabajar con herramientas, máquinas y equipos., Me gusta leer novelas de detectives y explorar el razonamiento detrás de los casos y las soluciones propuestas.",Resolver problemas complejos de manera creativa., Biología," Ingeniero/a civil, ", Familia,3, Neutro,5, Dificultad en las materias, Tecnología,3,3, No estoy seguro(a),3, Energía,3, Informado/a
5/6/2026 10:29:58,16,Masculico,VICENTE ANDA AGUIRRE,Rural,Segundo de bachillerato,Español,Bachillerato,$501 - $1000,Me siento atraído/a por temas relacionados con mecánica y automóviles.,Explorar nuevas tecnologías y sus impactos en la sociedad., Física," Investigador/a científico/a,  Ingeniero/a civil, ", Familia,2, Neutro,2, Dificultad en las materias, Tecnología,3,4, No estoy seguro(a),4, Salud,3, Informado/a
5/6/2026 10:35:22,17,Masculico,VICENTE ANDA AGUIRRE,Rural,Primero de bachillerato,Español,Bachillerato,Menos de $500,"Me interesa trabajar con herramientas, máquinas y equipos., Me siento atraído/a por temas relacionados con mecánica y automóviles., Encuentro fascinante la ingeniería y cómo se utiliza para diseñar y construir soluciones prácticas a problemas cotidianos y globales.",Explorar nuevas tecnologías y sus impactos en la sociedad., Física, Ingeniero/a civil," Familia,  Maestros",5, Positivo,3, Dificultad en las materias, Tecnología,1,3, Mejorar la calidad de vida de las personas,5, Energía,2, Poco informado/a
5/6/2026 10:36:02,17,Masculico,VICENTE ANDA AGUIRRE,Rural,Tercero de bachillerato,Español,Bachillerato,$2000 - $3000,"Me interesa trabajar con materiales físicos (como pinturas, arcilla, telas) para crear productos artísticos.","Aprender sobre nuevos descubrimientos científicos., Resolver problemas matemáticos y encontrar soluciones eficientes", Biología, Investigador/a científico/a, Nadie en particular,1, Muy negativo,3, Falta de recursos educativos, Tecnología,1,3, No estoy seguro(a),2, Salud,1, Nada informado/a
5/6/2026 10:39:19,16,Femenino,VICENTE ANDA AGUIRRE,Rural,Segundo de bachillerato,Español,Bachillerato,$501 - $1000,"Disfruto arreglando o construyendo cosas físicas (por ejemplo, reparaciones en casa, proyectos de bricolaje)., Me interesa investigar fenómenos físicos, biológicos y/o culturales para entender sus causas y efectos., Disfruto explorando temas relacionados con arte y belleza visual en diferentes formas de expresión (dibujo, pintura, escultura).","Analizar datos para encontrar patrones y conclusiones., Resolver problemas usando herramientas y software tecnológico., Resolver problemas complejos de manera creativa., Analizar datos y realizar interpretaciones estadísticas"," Física,  Tecnología,  Arte"," Desarrollador/a de software,  Ingeniero/a civil,  Artista digital", Familia,2, Neutro,3, Dificultad en las materias, Tecnología,3,3, Desarrollar nuevas ideas artísticas,2, Salud,5, Neutro
5/6/2026 10:40:25,16,Femenino,VICENTE ANDA AGUIRRE,Rural,Tercero de bachillerato,Español,Bachillerato,$2000 - $3000,"Me interesa investigar fenómenos físicos, biológicos y/o culturales para entender sus causas y efectos., Encuentros fascinantes los misterios sin resolver y me gusta buscar soluciones lógicas y científicas para resolverlos., Me gusta leer novelas de detectives y explorar el razonamiento detrás de los casos y las soluciones propuestas., Me interesa trabajar con materiales físicos (como pinturas, arcilla, telas) para crear productos artísticos., Disfruto explorando temas relacionados con arte y belleza visual en diferentes formas de expresión (dibujo, pintura, escultura)., Disfruto de actividades artísticas como la música, el teatro o la literatura que involucran la creación de obras y expresiones creativas.","Analizar datos para encontrar patrones y conclusiones., Aprender sobre nuevos descubrimientos científicos., Crear obras artísticas como pinturas, dibujos o esculturas."," Biología,  Química,  Arte",Médico, Familia,3, Positivo,5, Falta de recursos educativos, Salud,5,4, Mejorar la calidad de vida de las personas,3, Salud,5, Muy informado/a
5/6/2026 10:59:47,16,Masculico,VICENTE ANDA AGUIRRE,Rural,Segundo de bachillerato,Español,Bachillerato,Menos de $500,"Me interesa trabajar con herramientas, máquinas y equipos.","Crear obras artísticas como pinturas, dibujos o esculturas.", Tecnología, Matemático/a o estadístico/a, Familia,3, Positivo,4, Falta de recursos educativos, Tecnología,5,5, Mejorar la calidad de vida de las personas,3, Educación,4, Informado/a
5/6/2026 12:06:28,17,Femenino,VICENTE ANDA AGUIRRE,Rural,Tercero de bachillerato,Español,Bachillerato,Menos de $500,"Encuentros fascinantes los misterios sin resolver y me gusta buscar soluciones lógicas y científicas para resolverlos., Me gusta leer novelas de detectives y explorar el razonamiento detrás de los casos y las soluciones propuestas., Disfruto explorando temas relacionados con arte y belleza visual en diferentes formas de expresión (dibujo, pintura, escultura).","Explorar nuevas tecnologías y sus impactos en la sociedad., Crear obras artísticas como pinturas, dibujos o esculturas.", Arte, Artista digital, Familia,4, Positivo,3, Falta de recursos educativos, Arte,3,3, Desarrollar nuevas ideas artísticas,3, Salud,3, Informado/a
5/6/2026 12:41:19,17,Femenino,VICENTE ANDA AGUIRRE,Rural,Tercero de bachillerato,Español,Bachillerato,Menos de $500,"Me interesa trabajar con materiales físicos (como pinturas, arcilla, telas) para crear productos artísticos.",Diseñar y construir estructuras o dispositivos prácticos., Arte," Ingeniero/a civil, ", Nadie en particular,5, Positivo,5, Dificultad en las materias, Salud,3,5, No estoy seguro(a),4, Salud,3, Neutro
5/6/2026 12:58:47,14,Femenino,VICENTE ANDA AGUIRRE,Rural,Primero de bachillerato,Español,Bachillerato,Menos de $500,Me gusta leer novelas de detectives y explorar el razonamiento detrás de los casos y las soluciones propuestas.,Diseñar y construir estructuras o dispositivos prácticos., Matemáticas, Artista digital, Nadie en particular,4, Neutro,5, Falta de recursos educativos, Medio ambiente,3,3, Desarrollar nuevas ideas artísticas,3, Educación,3, Neutro
5/6/2026 14:03:24,16,Femenino,VICENTE ANDA AGUIRRE,Rural,Tercero de bachillerato,Español,Bachillerato,Menos de $500,"Me interesa trabajar con herramientas, máquinas y equipos., Me interesa trabajar con materiales físicos (como pinturas, arcilla, telas) para crear productos artísticos.","Crear obras artísticas como pinturas, dibujos o esculturas.", Física, Artista digital," Familia,  Maestros",5, Neutro,4, Falta de recursos educativos, Medio ambiente,3,3, Mejorar la calidad de vida de las personas,3, Educación,2, Poco informado/a
5/6/2026 14:33:51,16,Masculico,VICENTE ANDA AGUIRRE,Rural,Tercero de bachillerato,Español,Bachillerato,$501 - $1000,"Me siento atraído/a por temas relacionados con mecánica y automóviles., Disfruto explorando y aprendiendo sobre seres vivos como animales, peces y plantas., Me gusta jugar ajedrez, Disfruto explorando temas relacionados con ciencia ficción y avances científicos futuristas., Encuentros fascinantes los misterios sin resolver y me gusta buscar soluciones lógicas y científicas para resolverlos., Me gusta leer novelas de detectives y explorar el razonamiento detrás de los casos y las soluciones propuestas., Me interesa trabajar con materiales físicos (como pinturas, arcilla, telas) para crear productos artísticos.","Analizar datos para encontrar patrones y conclusiones., Resolver problemas usando herramientas y software tecnológico., Diseñar y construir estructuras o dispositivos prácticos."," Tecnología,  Arte"," Investigador/a científico/a,  Desarrollador/a de software", Familia,5, Positivo,5, Falta de recursos educativos, Salud,5,4, Contribuir a la sostenibilidad,4, Energía,4, Informado/a
5/6/2026 14:39:30,16,Masculico,VICENTE ANDA AGUIRRE,Rural,Tercero de bachillerato,Español,Bachillerato,$1001 - $2000,"Me interesa trabajar con herramientas, máquinas y equipos.",Analizar datos para encontrar patrones y conclusiones., Biología, Ingeniero/a civil, Familia,2, Neutro,1, Dificultad en las materias, Tecnología,3,4, No estoy seguro(a),2, Energía,1, Neutro
5/6/2026 14:43:44,17,Masculico,VICENTE ANDA AGUIRRE,Rural,Tercero de bachillerato,Español,Bachillerato,Menos de $500,"Disfruto arreglando o construyendo cosas físicas (por ejemplo, reparaciones en casa, proyectos de bricolaje)., Me interesa investigar fenómenos físicos, biológicos y/o culturales para entender sus causas y efectos., Disfruto explorando temas relacionados con ciencia ficción y avances científicos futuristas., Encuentros fascinantes los misterios sin resolver y me gusta buscar soluciones lógicas y científicas para resolverlos., Me interesa trabajar con materiales físicos (como pinturas, arcilla, telas) para crear productos artísticos.","Analizar datos para encontrar patrones y conclusiones., Diseñar y construir estructuras o dispositivos prácticos., Compartir y recibir retroalimentación sobre tu arte."," Matemáticas,  Tecnología", Desarrollador/a de software, Familia,5, Positivo,5, Dificultad en las materias, Salud,3,5, Desarrollar nuevas ideas artísticas,4, Salud,3, Neutro
5/6/2026 14:50:19,16,Masculico,VICENTE ANDA AGUIRRE,Rural,Segundo de bachillerato,Español,Bachillerato,Menos de $500,"Me interesa trabajar con herramientas, máquinas y equipos., Disfruto arreglando o construyendo cosas físicas (por ejemplo, reparaciones en casa, proyectos de bricolaje).","Aprender sobre nuevos descubrimientos científicos., Explorar nuevas tecnologías y sus impactos en la sociedad., Resolver problemas usando herramientas y software tecnológico.", Biología, Desarrollador/a de software, Familia,3, Neutro,4, Dificultad en las materias, Medio ambiente,4,3, Mejorar la calidad de vida de las personas,2, Medio ambiente,3, Informado/a
5/6/2026 14:54:00,15,Femenino,VICENTE ANDA AGUIRRE,Rural,Segundo de bachillerato,Español,Bachillerato,Menos de $500,"Encuentros fascinantes los misterios sin resolver y me gusta buscar soluciones lógicas y científicas para resolverlos., Disfruto de actividades artísticas como la música, el teatro o la literatura que involucran la creación de obras y expresiones creativas.","Crear obras artísticas como pinturas, dibujos o esculturas."," Física,  Arte", Artista digital, Nadie en particular,4, Neutro,2, Dificultad en las materias, Arte,2,3, Desarrollar nuevas ideas artísticas,4, Educación,3, Poco informado/a
5/6/2026 15:02:14,15,Masculico,VICENTE ANDA AGUIRRE,Rural,Primero de bachillerato,Español,Bachillerato,$501 - $1000,"Me interesa trabajar con herramientas, máquinas y equipos.",Aprender sobre nuevos descubrimientos científicos.," Química,  Arte", Matemático/a o estadístico/a, Familia,2, Neutro,3, Falta de apoyo familiar, Arte,1,2, Desarrollar nuevas ideas artísticas,2, Educación,2, Neutro
5/6/2026 15:37:07,17,Masculico,VICENTE ANDA AGUIRRE,Rural,Tercero de bachillerato,Español,Bachillerato,Más de $3000,"Me interesa trabajar con herramientas, máquinas y equipos., Me siento atraído/a por temas relacionados con mecánica y automóviles., Encuentro fascinante la ingeniería y cómo se utiliza para diseñar y construir soluciones prácticas a problemas cotidianos y globales.",Diseñar y construir estructuras o dispositivos prácticos., Arte, Ingeniero/a civil, Nadie en particular,2, Positivo,2, Dificultad en las materias, Salud,1,5, Mejorar la calidad de vida de las personas,3, Educación,5, Poco informado/a
5/6/2026 15:52:01,17,Masculico,VICENTE ANDA AGUIRRE,Rural,Segundo de bachillerato,Español,Bachillerato,Menos de $500,Me siento atraído/a por temas relacionados con mecánica y automóviles.,Compartir y recibir retroalimentación sobre tu arte., Arte, Artista digital, Familia,2, Neutro,1, Dificultad en las materias, Educación (T/S/A),2,2, Mejorar la calidad de vida de las personas,2, Salud,2, Poco informado/a
5/6/2026 16:09:03,15,Masculico,VICENTE ANDA AGUIRRE,Rural,Primero de bachillerato,Español,Bachillerato,Menos de $500,"Disfruto explorando y aprendiendo sobre seres vivos como animales, peces y plantas., Disfruto explorando temas relacionados con ciencia ficción y avances científicos futuristas., Encuentros fascinantes los misterios sin resolver y me gusta buscar soluciones lógicas y científicas para resolverlos.","Aprender sobre nuevos descubrimientos científicos., Explorar nuevas tecnologías y sus impactos en la sociedad."," Biología,  Física,  Química", Investigador/a científico/a, Familia,3, Neutro,5,,,3,4, Contribuir a la sostenibilidad,5, Educación,4, Informado/a
5/6/2026 16:09:28,15,Femenino,VICENTE ANDA AGUIRRE,Rural,Primero de bachillerato,Español,Bachillerato,$501 - $1000,"Disfruto explorando y aprendiendo sobre seres vivos como animales, peces y plantas.",Analizar datos para encontrar patrones y conclusiones., Biología, Ingeniero/a civil, Nadie en particular,3, Neutro,4, Dificultad en las materias, Tecnología,4,3, Mejorar la calidad de vida de las personas,, Salud,5, Poco informado/a
5/6/2026 16:29:05,16,Masculico,VICENTE ANDA AGUIRRE,Rural,Primero de bachillerato,Español,Bachillerato,Menos de $500,Disfruto explorando temas relacionados con ciencia ficción y avances científicos futuristas.,Analizar datos y realizar interpretaciones estadísticas, Biología, Ingeniero/a civil, Familia,2, Positivo,5, Dificultad en las materias, Salud,4,5, No estoy seguro(a),3, Educación,3, Informado/a
5/6/2026 16:42:53,16,Masculico,VICENTE ANDA AGUIRRE,Rural,Tercero de bachillerato,Español,Bachillerato,Menos de $500,"Me interesa trabajar con herramientas, máquinas y equipos.",Explorar nuevas tecnologías y sus impactos en la sociedad., Tecnología," Investigador/a científico/a,  Desarrollador/a de software", Familia,1, Positivo,1, Falta de recursos educativos, Tecnología,1,2, Innovar y crear nuevas tecnologías,1, Educación,2, Poco informado/a
5/6/2026 17:05:03,15,Femenino,VICENTE ANDA AGUIRRE,Rural,Primero de bachillerato,Español,Bachillerato,Menos de $500,"Me gusta leer novelas de detectives y explorar el razonamiento detrás de los casos y las soluciones propuestas., Disfruto de actividades artísticas como la música, el teatro o la literatura que involucran la creación de obras y expresiones creativas.",Resolver problemas matemáticos y encontrar soluciones eficientes," Matemáticas,  Biología",Psicología/medicina, Nadie en particular,3, Positivo,3,Falta de dinero , Salud,5,4, Mejorar la calidad de vida de las personas,3, Salud,5, Poco informado/a
5/6/2026 17:50:36,15,Masculico,VICENTE ANDA AGUIRRE,Rural,Primero de bachillerato,Español,Bachillerato,$501 - $1000,"Me interesa trabajar con herramientas, máquinas y equipos.",Analizar datos para encontrar patrones y conclusiones.," Física,  Tecnología,  Arte", Desarrollador/a de software," Familia,  Maestros,  Nadie en particular",3, Neutro,5, Dificultad en las materias, Tecnología,5,5, No estoy seguro(a),5, Energía,5, Muy informado/a
5/6/2026 17:58:06,14,Masculico,VICENTE ANDA AGUIRRE,Rural,Primero de bachillerato,,Bachillerato,$501 - $1000,"Me interesa trabajar con herramientas, máquinas y equipos., Me interesa investigar fenómenos físicos, biológicos y/o culturales para entender sus causas y efectos.","Analizar datos para encontrar patrones y conclusiones., Resolver problemas complejos de manera creativa., Resolver problemas matemáticos y encontrar soluciones eficientes", Matemáticas, Desarrollador/a de software, Familia,2, Neutro,5, Dificultad en las materias, Tecnología,4,3, Mejorar la calidad de vida de las personas,3, Energía,3, Informado/a
5/6/2026 18:05:31,14,Femenino,VICENTE ANDA AGUIRRE,Rural,Primero de bachillerato,Español,Bachillerato,$501 - $1000,"Me interesa trabajar con herramientas, máquinas y equipos.","Diseñar y construir estructuras o dispositivos prácticos., Crear obras artísticas como pinturas, dibujos o esculturas.", Química, Ingeniero/a civil, Nadie en particular,2, Positivo,5,, Educación (T/S/A),3,3, No estoy seguro(a),3, Educación,2, Informado/a
5/6/2026 18:23:46,15,Femenino,VICENTE ANDA AGUIRRE,Rural,Primero de bachillerato,Español,Bachillerato,Menos de $500,"Disfruto explorando y aprendiendo sobre seres vivos como animales, peces y plantas.",Explorar nuevas tecnologías y sus impactos en la sociedad.," Química,  Tecnología"," Investigador/a científico/a,  Desarrollador/a de software", Familia,3, Neutro,4, Dificultad en las materias, Medio ambiente,5,3, Desarrollar nuevas ideas artísticas,3, Educación,3, Informado/a
5/6/2026 18:32:17,15,Femenino,VICENTE ANDA AGUIRRE,Rural,Primero de bachillerato,Español,Bachillerato,Menos de $500,"Me interesa investigar fenómenos físicos, biológicos y/o culturales para entender sus causas y efectos., Encuentros fascinantes los misterios sin resolver y me gusta buscar soluciones lógicas y científicas para resolverlos., Me gusta leer novelas de detectives y explorar el razonamiento detrás de los casos y las soluciones propuestas., Me interesa trabajar con materiales físicos (como pinturas, arcilla, telas) para crear productos artísticos., Disfruto explorando temas relacionados con arte y belleza visual en diferentes formas de expresión (dibujo, pintura, escultura).",Compartir y recibir retroalimentación sobre tu arte.," Matemáticas,  Química"," Investigador/a científico/a,  Ingeniero/a civil", Nadie en particular,3, Neutro,4, Falta de recursos educativos, Tecnología,3,4, Innovar y crear nuevas tecnologías,4, Energía,5, Informado/a
5/6/2026 18:41:54,17,Femenino,VICENTE ANDA AGUIRRE,Rural,Tercero de bachillerato,Español,Bachillerato,$501 - $1000,"Me interesa trabajar con materiales físicos (como pinturas, arcilla, telas) para crear productos artísticos.",Aprender sobre nuevos descubrimientos científicos., Tecnología, Ingeniero/a civil, Nadie en particular,3, Neutro,5, Dificultad en las materias, Salud,3,5, Mejorar la calidad de vida de las personas,3, Salud,5, Neutro
5/6/2026 18:43:57,17,Masculico,VICENTE ANDA AGUIRRE,Rural,Tercero de bachillerato,Español,Bachillerato,Menos de $500,"Me interesa trabajar con herramientas, máquinas y equipos.","Analizar datos para encontrar patrones y conclusiones., Explorar nuevas tecnologías y sus impactos en la sociedad., Diseñar y construir estructuras o dispositivos prácticos., Resolver problemas complejos de manera creativa., Compartir y recibir retroalimentación sobre tu arte.", Arte, Ingeniero/a civil, Redes sociales,5, Positivo,2, Falta de apoyo familiar, Medio ambiente,2,4, Contribuir a la sostenibilidad,4, Transporte,3, Informado/a
5/6/2026 18:55:23,17,Femenino,VICENTE ANDA AGUIRRE,Rural,Tercero de bachillerato,Español,Bachillerato,Menos de $500,"Disfruto de actividades artísticas como la música, el teatro o la literatura que involucran la creación de obras y expresiones creativas.",Explorar nuevas tecnologías y sus impactos en la sociedad.," Biología,  Física",Medicina , Familia,5, Positivo,5, Falta de recursos educativos, Salud,5,3, No estoy seguro(a),3, Medio ambiente,5, Poco informado/a
5/6/2026 19:42:45,17,Masculico,VICENTE ANDA AGUIRRE,Rural,Tercero de bachillerato,Español,Bachillerato,$1001 - $2000,"Me interesa trabajar con herramientas, máquinas y equipos., Disfruto arreglando o construyendo cosas físicas (por ejemplo, reparaciones en casa, proyectos de bricolaje)., Disfruto explorando y aprendiendo sobre seres vivos como animales, peces y plantas., Encuentro fascinante la ingeniería y cómo se utiliza para diseñar y construir soluciones prácticas a problemas cotidianos y globales., Disfruto explorando temas relacionados con ciencia ficción y avances científicos futuristas., Encuentros fascinantes los misterios sin resolver y me gusta buscar soluciones lógicas y científicas para resolverlos., Me gusta leer novelas de detectives y explorar el razonamiento detrás de los casos y las soluciones propuestas.","Analizar datos para encontrar patrones y conclusiones., Aprender sobre nuevos descubrimientos científicos., Explorar nuevas tecnologías y sus impactos en la sociedad., Resolver problemas usando herramientas y software tecnológico., Diseñar y construir estructuras o dispositivos prácticos., Resolver problemas complejos de manera creativa., Analizar datos y realizar interpretaciones estadísticas"," Biología,  Física,  Tecnología"," Investigador/a científico/a, Médico Forense", Nadie en particular,4, Neutro,5, Falta de recursos educativos, Salud,5,3, Innovar y crear nuevas tecnologías,4, Salud,5, Informado/a
7/6/2026 10:23:27,16,Femenino,VICENTE ANDA AGUIRRE,Rural,Tercero de bachillerato,Español,Bachillerato,$2000 - $3000,"Disfruto arreglando o construyendo cosas físicas (por ejemplo, reparaciones en casa, proyectos de bricolaje)., Disfruto explorando y aprendiendo sobre seres vivos como animales, peces y plantas., Encuentros fascinantes los misterios sin resolver y me gusta buscar soluciones lógicas y científicas para resolverlos., Me gusta leer novelas de detectives y explorar el razonamiento detrás de los casos y las soluciones propuestas., Me interesa trabajar con materiales físicos (como pinturas, arcilla, telas) para crear productos artísticos., Disfruto de actividades artísticas como la música, el teatro o la literatura que involucran la creación de obras y expresiones creativas.","Analizar datos para encontrar patrones y conclusiones., Aprender sobre nuevos descubrimientos científicos., Crear obras artísticas como pinturas, dibujos o esculturas."," Biología,  Arte",Médico , Nadie en particular,5, Neutro,5, Falta de recursos educativos, Salud,5,5, Mejorar la calidad de vida de las personas,4, Salud,5, Muy informado/a
7/6/2026 10:39:04,17,Masculico,VICENTE ANDA AGUIRRE,Rural,Tercero de bachillerato,Español,Bachillerato,Menos de $500,"Disfruto explorando y aprendiendo sobre seres vivos como animales, peces y plantas.","Explorar nuevas tecnologías y sus impactos en la sociedad., Resolver problemas matemáticos y encontrar soluciones eficientes"," Matemáticas,  Biología", Ingeniero/a civil, Familia,1, Positivo,5, Falta de recursos educativos, Tecnología,3,4, Mejorar la calidad de vida de las personas,5, Educación,3, Informado/a
7/6/2026 11:25:48,17,Masculico,VICENTE ANDA AGUIRRE,Rural,Tercero de bachillerato,Español,Bachillerato,$2000 - $3000,"Me interesa trabajar con herramientas, máquinas y equipos.",Compartir y recibir retroalimentación sobre tu arte., Biología, Artista digital, Familia,3, Neutro,3, Dificultad en las materias, Arte,3,3, Contribuir a la sostenibilidad,3, Salud,2, Neutro
7/6/2026 11:33:25,17,Masculico,VICENTE ANDA AGUIRRE,Rural,Tercero de bachillerato,Español,Bachillerato,$501 - $1000,"Disfruto arreglando o construyendo cosas físicas (por ejemplo, reparaciones en casa, proyectos de bricolaje)., Encuentro fascinante la ingeniería y cómo se utiliza para diseñar y construir soluciones prácticas a problemas cotidianos y globales.","Diseñar y construir estructuras o dispositivos prácticos., Crear obras artísticas como pinturas, dibujos o esculturas.", Química," Ingeniero/a civil, ", Nadie en particular,1, Neutro,4,Puede que cambie de carrera, Salud,1,4, No estoy seguro(a),3, Educación,1, Neutro
7/6/2026 16:18:43,17,Masculico,VICENTE ANDA AGUIRRE,Rural,Tercero de bachillerato,Español,Bachillerato,Menos de $500,"Disfruto de actividades artísticas como la música, el teatro o la literatura que involucran la creación de obras y expresiones creativas.",Explorar nuevas tecnologías y sus impactos en la sociedad., Matemáticas," Desarrollador/a de software,  Ingeniero/a civil", Familia,2, Positivo,5, Falta de recursos educativos, Tecnología,3,4, Mejorar la calidad de vida de las personas,4, Educación,2, Informado/a
7/6/2026 17:22:00,16,Masculico,VICENTE ANDA AGUIRRE,Rural,Tercero de bachillerato,Español,Bachillerato,Menos de $500,"Me interesa trabajar con herramientas, máquinas y equipos.",Explorar nuevas tecnologías y sus impactos en la sociedad., Tecnología, Desarrollador/a de software, Familia,1, Positivo,1, Falta de recursos educativos, Tecnología,1,1, Innovar y crear nuevas tecnologías,1, Educación,1, Poco informado/a
7/6/2026 17:37:37,17,Masculico,VICENTE ANDA AGUIRRE,Rural,Tercero de bachillerato,Español,Bachillerato,$501 - $1000,"Disfruto arreglando o construyendo cosas físicas (por ejemplo, reparaciones en casa, proyectos de bricolaje)., Encuentro fascinante la ingeniería y cómo se utiliza para diseñar y construir soluciones prácticas a problemas cotidianos y globales.",Diseñar y construir estructuras o dispositivos prácticos., Química,Cultura física o deporte , Nadie en particular,1, Neutro,4,No me gusta esa carrera, Salud,1,4, No estoy seguro(a),3, Educación,1, Informado/a
7/6/2026 18:05:57,17,Femenino,VICENTE ANDA AGUIRRE,Rural,Tercero de bachillerato,Español,Bachillerato,Menos de $500,"Disfruto explorando temas relacionados con arte y belleza visual en diferentes formas de expresión (dibujo, pintura, escultura)., Disfruto de actividades artísticas como la música, el teatro o la literatura que involucran la creación de obras y expresiones creativas.","Crear obras artísticas como pinturas, dibujos o esculturas.", Biología, Ingeniero/a civil, Familia,2, Negativo,5, Falta de recursos educativos, Educación (T/S/A),5,5, No estoy seguro(a),1, Educación,5, Poco informado/a
7/6/2026 18:07:49,17,,VICENTE ANDA AGUIRRE,Rural,Tercero de bachillerato,Español,Bachillerato,Menos de $500,"Encuentro fascinante la ingeniería y cómo se utiliza para diseñar y construir soluciones prácticas a problemas cotidianos y globales., Disfruto explorando temas relacionados con arte y belleza visual en diferentes formas de expresión (dibujo, pintura, escultura)., Disfruto de actividades artísticas como la música, el teatro o la literatura que involucran la creación de obras y expresiones creativas.","Resolver problemas complejos de manera creativa., Crear obras artísticas como pinturas, dibujos o esculturas., Analizar datos y realizar interpretaciones estadísticas", Biología, Ingeniero/a civil,,1, Negativo,5, Falta de recursos educativos, Educación (T/S/A),2,5, No estoy seguro(a),1, Educación,1, Poco informado/a
7/6/2026 22:00:18,17,Femenino,VICENTE ANDA AGUIRRE,Rural,Tercero de bachillerato,Español,Bachillerato,Menos de $500,"Me interesa trabajar con herramientas, máquinas y equipos., Disfruto de actividades artísticas como la música, el teatro o la literatura que involucran la creación de obras y expresiones creativas.","Resolver problemas complejos de manera creativa., Compartir y recibir retroalimentación sobre tu arte.", Matemáticas, Investigador/a científico/a, Familia,3, Neutro,3, Dificultad en las materias, Educación (T/S/A),3,3, Contribuir a la sostenibilidad,2, Educación,3, Poco informado/a
8/6/2026 10:18:14,17,Masculico,VICENTE ANDA AGUIRRE,Rural,Tercero de bachillerato,Español,Bachillerato,Menos de $500,"Me interesa trabajar con herramientas, máquinas y equipos.",Diseñar y construir estructuras o dispositivos prácticos., Matemáticas, Artista digital, Familia,1, Positivo,2, Falta de recursos educativos, Tecnología,3,4, Innovar y crear nuevas tecnologías,3, Energía,3, Poco informado/a
8/6/2026 16:28:09,14,Femenino,VICENTE ANDA AGUIRRE,Rural,Primero de bachillerato,Español,Bachillerato,Menos de $500,"Disfruto explorando temas relacionados con ciencia ficción y avances científicos futuristas., Disfruto explorando temas relacionados con arte y belleza visual en diferentes formas de expresión (dibujo, pintura, escultura).","Aprender sobre nuevos descubrimientos científicos., Crear obras artísticas como pinturas, dibujos o esculturas."," Biología,  Física,  Química"," Investigador/a científico/a,  Artista digital", Familia,1, Neutro,3,solo en matematicas, Medio ambiente,3,4, Innovar y crear nuevas tecnologías,4, Educación,3, Poco informado/a
9/6/2026 17:27:37,16,Femenino,VICENTE ANDA AGUIRRE,Rural,Tercero de bachillerato,Español,Bachillerato,$501 - $1000,Me gusta leer novelas de detectives y explorar el razonamiento detrás de los casos y las soluciones propuestas.,Explorar nuevas tecnologías y sus impactos en la sociedad., Matemáticas," Matemático/a o estadístico/a, ", Familia,3, Neutro,3, Dificultad en las materias, Salud,2,3, No estoy seguro(a),3, Energía,1, Neutro
9/6/2026 18:16:41,17,Femenino,VICENTE ANDA AGUIRRE,Rural,Tercero de bachillerato,Español,Bachillerato,Menos de $500,"Disfruto explorando y aprendiendo sobre seres vivos como animales, peces y plantas.","Crear obras artísticas como pinturas, dibujos o esculturas.", Biología,Ingeniería agronoma ," Familia,  Nadie en particular",2, Neutro,3, Dificultad en las materias, Educación (T/S/A),3,5, No estoy seguro(a),2, Educación,3, Neutro
9/6/2026 19:42:27,16,Masculico,VICENTE ANDA AGUIRRE,Rural,Segundo de bachillerato,Español,Bachillerato,Menos de $500,"Me interesa trabajar con herramientas, máquinas y equipos., Disfruto arreglando o construyendo cosas físicas (por ejemplo, reparaciones en casa, proyectos de bricolaje)., Me gusta leer novelas de detectives y explorar el razonamiento detrás de los casos y las soluciones propuestas., Disfruto explorando temas relacionados con arte y belleza visual en diferentes formas de expresión (dibujo, pintura, escultura).","Aprender sobre nuevos descubrimientos científicos., Resolver problemas complejos de manera creativa., Analizar datos y realizar interpretaciones estadísticas", Biología, Ingeniero/a civil, Familia,1, Positivo,1, Falta de recursos educativos, Salud,1,5, No estoy seguro(a),1, Salud,1, Poco informado/a
10/6/2026 11:56:28,15,Masculico,VICENTE ANDA AGUIRRE,Rural,Primero de bachillerato,Español,Bachillerato,Menos de $500,"Disfruto explorando y aprendiendo sobre seres vivos como animales, peces y plantas.",Resolver problemas complejos de manera creativa., Matemáticas, Ingeniero/a civil, Familia,1, Positivo,5, Falta de recursos educativos, Salud,5,3, Contribuir a la sostenibilidad,5, Salud,5, Poco informado/a
14/6/2026 21:45:25,16,Masculico,VICENTE ANDA AGUIRRE,Rural,Segundo de bachillerato,Español,Bachillerato,Menos de $500,"Me interesa investigar fenómenos físicos, biológicos y/o culturales para entender sus causas y efectos.","Aprender sobre nuevos descubrimientos científicos., Explorar nuevas tecnologías y sus impactos en la sociedad.", Química," Investigador/a científico/a, Futbolista ", Nadie en particular,1, Neutro,4, Dificultad en las materias, Tecnología,3,3, No estoy seguro(a),3, Energía,3, Nada informado/a
5/6/2026 9:40:01,15,Masculico,VICENTE ANDA AGUIRRE,Urbana,Primero de bachillerato,Español,Bachillerato,Menos de $500,"Me interesa trabajar con herramientas, máquinas y equipos., Disfruto arreglando o construyendo cosas físicas (por ejemplo, reparaciones en casa, proyectos de bricolaje).",Diseñar y construir estructuras o dispositivos prácticos., Física," Desarrollador/a de software,  Artista digital", Nadie en particular,5, Neutro,3, Falta de apoyo familiar, Salud,2,5,,3,,1, Neutro
5/6/2026 9:55:59,15,Masculico,VICENTE ANDA AGUIRRE,Urbana,Primero de bachillerato,Español,Bachillerato,$501 - $1000,"Disfruto arreglando o construyendo cosas físicas (por ejemplo, reparaciones en casa, proyectos de bricolaje)., Me siento atraído/a por temas relacionados con mecánica y automóviles.","Explorar nuevas tecnologías y sus impactos en la sociedad., Resolver problemas usando herramientas y software tecnológico."," Matemáticas,  Tecnología"," Desarrollador/a de software,  Ingeniero/a civil", Familia,3, Positivo,5, Falta de recursos educativos, Medio ambiente,4,4,,4, Medio ambiente,4, Informado/a
5/6/2026 9:58:42,16,Masculico,VICENTE ANDA AGUIRRE,Urbana,Segundo de bachillerato,Español,Bachillerato,Menos de $500,"Me interesa trabajar con herramientas, máquinas y equipos., Encuentro fascinante la ingeniería y cómo se utiliza para diseñar y construir soluciones prácticas a problemas cotidianos y globales., Encuentros fascinantes los misterios sin resolver y me gusta buscar soluciones lógicas y científicas para resolverlos., Me gusta leer novelas de detectives y explorar el razonamiento detrás de los casos y las soluciones propuestas.","Explorar nuevas tecnologías y sus impactos en la sociedad., Resolver problemas usando herramientas y software tecnológico., Resolver problemas complejos de manera creativa., Crear obras artísticas como pinturas, dibujos o esculturas., Analizar datos y realizar interpretaciones estadísticas", Química," Ingeniero/a civil,  Matemático/a o estadístico/a", Familia,1, Neutro,3, Dificultad en las materias, Tecnología,1,2, Mejorar la calidad de vida de las personas,1, Educación,1, Informado/a
5/6/2026 10:10:52,17,Femenino,VICENTE ANDA AGUIRRE,Urbana,Segundo de bachillerato,Español,Bachillerato,Menos de $500,"Disfruto explorando temas relacionados con ciencia ficción y avances científicos futuristas., Me gusta leer novelas de detectives y explorar el razonamiento detrás de los casos y las soluciones propuestas., Me interesa trabajar con materiales físicos (como pinturas, arcilla, telas) para crear productos artísticos., Disfruto explorando temas relacionados con arte y belleza visual en diferentes formas de expresión (dibujo, pintura, escultura)., Disfruto de actividades artísticas como la música, el teatro o la literatura que involucran la creación de obras y expresiones creativas.","Crear obras artísticas como pinturas, dibujos o esculturas., Compartir y recibir retroalimentación sobre tu arte.", Arte, Desarrollador/a de software, Nadie en particular,3, Positivo,5, Dificultad en las materias, Medio ambiente,4,, Mejorar la calidad de vida de las personas,4, Educación,3, Neutro
5/6/2026 10:33:03,16,Femenino,VICENTE ANDA AGUIRRE,Urbana,Tercero de bachillerato,Español,Bachillerato,Menos de $500,"Disfruto explorando temas relacionados con arte y belleza visual en diferentes formas de expresión (dibujo, pintura, escultura).",Analizar datos para encontrar patrones y conclusiones.," Biología,  Tecnología", Artista digital, Familia,3, Neutro,2, Dificultad en las materias, Educación (T/S/A),2,3, Innovar y crear nuevas tecnologías,2, Energía,2, Informado/a
5/6/2026 10:34:35,18,Masculico,VICENTE ANDA AGUIRRE,Urbana,Tercero de bachillerato,Español,Bachillerato,$501 - $1000,"Me interesa trabajar con herramientas, máquinas y equipos.",Diseñar y construir estructuras o dispositivos prácticos., Matemáticas, Ingeniero/a civil,,4, Neutro,3, Falta de recursos educativos, Educación (T/S/A),4,3, No estoy seguro(a),4, Educación,3, Poco informado/a
5/6/2026 10:40:48,16,Masculico,VICENTE ANDA AGUIRRE,Urbana,Segundo de bachillerato,Español,Bachillerato,$501 - $1000,"Me interesa trabajar con herramientas, máquinas y equipos.",Aprender sobre nuevos descubrimientos científicos., Arte, Matemático/a o estadístico/a, Familia,2, Neutro,5, Dificultad en las materias, Salud,1,1, Mejorar la calidad de vida de las personas,2, Energía,3, Neutro
5/6/2026 10:42:40,15,Femenino,VICENTE ANDA AGUIRRE,Urbana,Segundo de bachillerato,Español,Bachillerato,$1001 - $2000,"Me gusta leer novelas de detectives y explorar el razonamiento detrás de los casos y las soluciones propuestas., Me interesa trabajar con materiales físicos (como pinturas, arcilla, telas) para crear productos artísticos., Disfruto explorando temas relacionados con arte y belleza visual en diferentes formas de expresión (dibujo, pintura, escultura)., Disfruto de actividades artísticas como la música, el teatro o la literatura que involucran la creación de obras y expresiones creativas.",Compartir y recibir retroalimentación sobre tu arte., Química,Negocios internacionales y psicología , Familia,3, Neutro,4, Dificultad en las materias, Tecnología,3,5, Contribuir a la sostenibilidad,5, Medio ambiente,3, Neutro
5/6/2026 10:52:10,17,Masculico,VICENTE ANDA AGUIRRE,Urbana,Tercero de bachillerato,Español,Bachillerato,Menos de $500,"Me interesa trabajar con herramientas, máquinas y equipos.","Crear obras artísticas como pinturas, dibujos o esculturas.", Biología, Ingeniero/a civil, Redes sociales,5, Positivo,5, Dificultad en las materias, Educación (T/S/A),1,5, Mejorar la calidad de vida de las personas,1, Salud,5, Muy informado/a
5/6/2026 12:38:10,16,Masculico,VICENTE ANDA AGUIRRE,Urbana,Segundo de bachillerato,Español,Bachillerato,Menos de $500,"Disfruto arreglando o construyendo cosas físicas (por ejemplo, reparaciones en casa, proyectos de bricolaje).",Resolver problemas usando herramientas y software tecnológico., Física, Investigador/a científico/a, Nadie en particular,4, Positivo,4, Falta de recursos educativos, Tecnología,4,4, No estoy seguro(a),4, Salud,4, Informado/a
5/6/2026 13:58:06,17,Femenino,VICENTE ANDA AGUIRRE,Urbana,Tercero de bachillerato,Español,Bachillerato,Menos de $500,"Me interesa trabajar con herramientas, máquinas y equipos., Me interesa trabajar con materiales físicos (como pinturas, arcilla, telas) para crear productos artísticos.","Resolver problemas usando herramientas y software tecnológico., Diseñar y construir estructuras o dispositivos prácticos., Resolver problemas complejos de manera creativa., Crear obras artísticas como pinturas, dibujos o esculturas., Compartir y recibir retroalimentación sobre tu arte., Analizar datos y realizar interpretaciones estadísticas, Resolver problemas matemáticos y encontrar soluciones eficientes"," Biología,  Arte"," Investigador/a científico/a,  Ingeniero/a civil,  Artista digital", Nadie en particular,4, Neutro,2, Falta de recursos educativos, Arte,4,5, Mejorar la calidad de vida de las personas,3, Educación,2, Neutro
5/6/2026 14:03:20,17,Femenino,VICENTE ANDA AGUIRRE,Urbana,Tercero de bachillerato,Español,Bachillerato,$501 - $1000,"Me interesa trabajar con materiales físicos (como pinturas, arcilla, telas) para crear productos artísticos., Disfruto explorando temas relacionados con arte y belleza visual en diferentes formas de expresión (dibujo, pintura, escultura)., Disfruto de actividades artísticas como la música, el teatro o la literatura que involucran la creación de obras y expresiones creativas.","Resolver problemas complejos de manera creativa., Crear obras artísticas como pinturas, dibujos o esculturas., Resolver problemas matemáticos y encontrar soluciones eficientes"," Matemáticas,  Arte", Artista digital, Nadie en particular,3, Positivo,1, Falta de recursos educativos, Tecnología,4,5, No estoy seguro(a),4, Salud,4, Poco informado/a
5/6/2026 14:12:02,16,Masculico,VICENTE ANDA AGUIRRE,Urbana,Segundo de bachillerato,Español,Bachillerato,Menos de $500,"Me interesa trabajar con herramientas, máquinas y equipos.",Aprender sobre nuevos descubrimientos científicos., Tecnología, Ingeniero/a civil," Familia,  Nadie en particular",4, Positivo,5, Falta de recursos educativos, Tecnología,5,3, Desarrollar nuevas ideas artísticas,3, Educación,4, Informado/a
5/6/2026 14:14:44,15,Masculico,VICENTE ANDA AGUIRRE,Urbana,Primero de bachillerato,Español,Bachillerato,Menos de $500,"Disfruto arreglando o construyendo cosas físicas (por ejemplo, reparaciones en casa, proyectos de bricolaje).",Analizar datos para encontrar patrones y conclusiones., Física, Ingeniero/a civil, Familia,4, Positivo,3, Falta de apoyo familiar, Salud,3,4, Desarrollar nuevas ideas artísticas,, Educación,3, Neutro
5/6/2026 14:25:04,17,Femenino,VICENTE ANDA AGUIRRE,Urbana,Tercero de bachillerato,Español,Bachillerato,$501 - $1000,"Me interesa trabajar con herramientas, máquinas y equipos.","Crear obras artísticas como pinturas, dibujos o esculturas."," Matemáticas,  Arte",Asistente de cabina (azafata) , Nadie en particular,1, Neutro,5,Tal vez él no poder entender alguna ,,,4, No estoy seguro(a),3,,,
5/6/2026 14:29:10,15,Femenino,VICENTE ANDA AGUIRRE,Urbana,Primero de bachillerato,Español,Bachillerato,Menos de $500,"Me interesa trabajar con herramientas, máquinas y equipos., Disfruto explorando y aprendiendo sobre seres vivos como animales, peces y plantas., Encuentro fascinante la ingeniería y cómo se utiliza para diseñar y construir soluciones prácticas a problemas cotidianos y globales., Me interesa investigar fenómenos físicos, biológicos y/o culturales para entender sus causas y efectos.",Aprender sobre nuevos descubrimientos científicos., Biología, Investigador/a científico/a, Familia,1, Positivo,2, Falta de recursos educativos, Salud,1,2, Contribuir a la sostenibilidad,3, Salud,3, Poco informado/a
5/6/2026 14:47:21,17,Masculico,VICENTE ANDA AGUIRRE,Urbana,Tercero de bachillerato,Español,Bachillerato,Menos de $500,"Me interesa trabajar con herramientas, máquinas y equipos.",Analizar datos para encontrar patrones y conclusiones., Arte,otros, Nadie en particular,5, Positivo,1,nada,,1,1, No estoy seguro(a),1, Medio ambiente,5, Informado/a
5/6/2026 14:50:52,15,Femenino,VICENTE ANDA AGUIRRE,Urbana,Segundo de bachillerato,Español,Bachillerato,Menos de $500,"Me interesa trabajar con herramientas, máquinas y equipos., Encuentros fascinantes los misterios sin resolver y me gusta buscar soluciones lógicas y científicas para resolverlos., Disfruto de actividades artísticas como la música, el teatro o la literatura que involucran la creación de obras y expresiones creativas.","Crear obras artísticas como pinturas, dibujos o esculturas.", Arte, Artista digital, Nadie en particular,3, Neutro,2, Dificultad en las materias, Arte,2,3, Desarrollar nuevas ideas artísticas,3, Educación,3, Neutro
5/6/2026 14:52:29,16,Masculico,VICENTE ANDA AGUIRRE,Urbana,Segundo de bachillerato,Español,Bachillerato,$501 - $1000,"Me interesa trabajar con herramientas, máquinas y equipos., Disfruto arreglando o construyendo cosas físicas (por ejemplo, reparaciones en casa, proyectos de bricolaje)., Me interesa investigar fenómenos físicos, biológicos y/o culturales para entender sus causas y efectos., Me gusta jugar ajedrez, Disfruto explorando temas relacionados con ciencia ficción y avances científicos futuristas., Encuentros fascinantes los misterios sin resolver y me gusta buscar soluciones lógicas y científicas para resolverlos., Me interesa trabajar con materiales físicos (como pinturas, arcilla, telas) para crear productos artísticos., Disfruto explorando temas relacionados con arte y belleza visual en diferentes formas de expresión (dibujo, pintura, escultura)., Disfruto de actividades artísticas como la música, el teatro o la literatura que involucran la creación de obras y expresiones creativas.","Analizar datos para encontrar patrones y conclusiones., Explorar nuevas tecnologías y sus impactos en la sociedad., Resolver problemas complejos de manera creativa., Crear obras artísticas como pinturas, dibujos o esculturas., Compartir y recibir retroalimentación sobre tu arte., Resolver problemas matemáticos y encontrar soluciones eficientes"," Matemáticas,  Física,  Tecnología,  Arte", Desarrollador/a de software, Nadie en particular,3, Neutro,4, Dificultad en las materias, Tecnología,5,3, Mejorar la calidad de vida de las personas,3, Educación,3, Poco informado/a
5/6/2026 15:36:56,15,Femenino,VICENTE ANDA AGUIRRE,Urbana,Primero de bachillerato,Español,Bachillerato,Menos de $500,"Me interesa trabajar con herramientas, máquinas y equipos., Disfruto explorando temas relacionados con ciencia ficción y avances científicos futuristas., Me gusta leer novelas de detectives y explorar el razonamiento detrás de los casos y las soluciones propuestas., Me interesa trabajar con materiales físicos (como pinturas, arcilla, telas) para crear productos artísticos., Disfruto explorando temas relacionados con arte y belleza visual en diferentes formas de expresión (dibujo, pintura, escultura).","Crear obras artísticas como pinturas, dibujos o esculturas.", Arte, Artista digital, Nadie en particular,1, Neutro,3, Falta de recursos educativos, Arte,1,4, Desarrollar nuevas ideas artísticas,5, Educación,4, Poco informado/a
5/6/2026 15:38:34,15,Femenino,VICENTE ANDA AGUIRRE,Urbana,Primero de bachillerato,Español,Bachillerato,$501 - $1000,"Disfruto explorando y aprendiendo sobre seres vivos como animales, peces y plantas.",Analizar datos para encontrar patrones y conclusiones., Física,Ingenieria Agronomá , Familia,5, Neutro,5, Dificultad en las materias, Salud,5,5, Innovar y crear nuevas tecnologías,3, Educación,5, Neutro
5/6/2026 15:39:55,17,Masculico,VICENTE ANDA AGUIRRE,Urbana,Tercero de bachillerato,Español,Bachillerato,Menos de $500,"Me interesa trabajar con herramientas, máquinas y equipos., Encuentro fascinante la ingeniería y cómo se utiliza para diseñar y construir soluciones prácticas a problemas cotidianos y globales., Disfruto explorando temas relacionados con arte y belleza visual en diferentes formas de expresión (dibujo, pintura, escultura).","Analizar datos para encontrar patrones y conclusiones., Resolver problemas usando herramientas y software tecnológico., Analizar datos y realizar interpretaciones estadísticas"," Matemáticas,  Arte"," Desarrollador/a de software, Auditor/contador ", Nadie en particular,1, Neutro,3, Falta de recursos educativos, Tecnología,4,4, Mejorar la calidad de vida de las personas,3, Educación,5, Informado/a
5/6/2026 16:25:11,16,Femenino,VICENTE ANDA AGUIRRE,Urbana,Primero de bachillerato,Español,Bachillerato,Menos de $500,"Disfruto de actividades artísticas como la música, el teatro o la literatura que involucran la creación de obras y expresiones creativas.",Explorar nuevas tecnologías y sus impactos en la sociedad., Tecnología,Profesora , Nadie en particular,5, Neutro,3, Dificultad en las materias, Educación (T/S/A),3,4, Desarrollar nuevas ideas artísticas,3, Educación,3, Neutro
5/6/2026 16:27:12,15,Femenino,VICENTE ANDA AGUIRRE,Urbana,Primero de bachillerato,Español,Bachillerato,Menos de $500,"Disfruto de actividades artísticas como la música, el teatro o la literatura que involucran la creación de obras y expresiones creativas.","Crear obras artísticas como pinturas, dibujos o esculturas.", Química, Ingeniero/a civil, Familia,5, Neutro,5, Dificultad en las materias, Salud,3,5, Mejorar la calidad de vida de las personas,3, Educación,5, Poco informado/a
5/6/2026 16:56:57,15,Femenino,VICENTE ANDA AGUIRRE,Urbana,Primero de bachillerato,Español,Bachillerato,Menos de $500,"Me interesa investigar fenómenos físicos, biológicos y/o culturales para entender sus causas y efectos.","Analizar datos para encontrar patrones y conclusiones., Aprender sobre nuevos descubrimientos científicos., Explorar nuevas tecnologías y sus impactos en la sociedad., Resolver problemas complejos de manera creativa., Crear obras artísticas como pinturas, dibujos o esculturas.", Arte, Artista digital, Nadie en particular,3, Positivo,1, Dificultad en las materias, Tecnología,2,3, Contribuir a la sostenibilidad,2, Energía,1, Poco informado/a
5/6/2026 17:08:25,17,Masculico,VICENTE ANDA AGUIRRE,Urbana,Tercero de bachillerato,Español,Bachillerato,Menos de $500,"Me interesa trabajar con herramientas, máquinas y equipos.","Analizar datos para encontrar patrones y conclusiones., Aprender sobre nuevos descubrimientos científicos., Explorar nuevas tecnologías y sus impactos en la sociedad., Compartir y recibir retroalimentación sobre tu arte., Analizar datos y realizar interpretaciones estadísticas"," Matemáticas,  Física", Investigador/a científico/a, Familia,3, Positivo,4, Dificultad en las materias, Tecnología,4,4, Mejorar la calidad de vida de las personas,4, Salud,4, Informado/a
5/6/2026 17:30:45,15,Masculico,VICENTE ANDA AGUIRRE,Urbana,Primero de bachillerato,Español,Bachillerato,Menos de $500,"Disfruto explorando y aprendiendo sobre seres vivos como animales, peces y plantas.",Aprender sobre nuevos descubrimientos científicos., Biología," Ingeniero/a civil, ", Nadie en particular,3, Neutro,3, Dificultad en las materias, Medio ambiente,4,4, Contribuir a la sostenibilidad,4, Medio ambiente,4, Neutro
5/6/2026 18:01:29,15,Femenino,VICENTE ANDA AGUIRRE,Urbana,Primero de bachillerato,Español,Bachillerato,Menos de $500,Me gusta leer novelas de detectives y explorar el razonamiento detrás de los casos y las soluciones propuestas.,"Aprender sobre nuevos descubrimientos científicos., Crear obras artísticas como pinturas, dibujos o esculturas., Analizar datos y realizar interpretaciones estadísticas"," Biología,  Física,  Arte"," Artista digital, ", Familia,5, Positivo,5, Falta de recursos educativos, Educación (T/S/A),4,5, Mejorar la calidad de vida de las personas,5, Educación,4, Neutro
5/6/2026 18:12:17,16,Femenino,VICENTE ANDA AGUIRRE,Urbana,Segundo de bachillerato,Español,Bachillerato,Menos de $500,"Disfruto explorando y aprendiendo sobre seres vivos como animales, peces y plantas., Encuentros fascinantes los misterios sin resolver y me gusta buscar soluciones lógicas y científicas para resolverlos., Me gusta leer novelas de detectives y explorar el razonamiento detrás de los casos y las soluciones propuestas., Me interesa trabajar con materiales físicos (como pinturas, arcilla, telas) para crear productos artísticos., Disfruto explorando temas relacionados con arte y belleza visual en diferentes formas de expresión (dibujo, pintura, escultura)., Disfruto de actividades artísticas como la música, el teatro o la literatura que involucran la creación de obras y expresiones creativas.","Crear obras artísticas como pinturas, dibujos o esculturas."," Biología,  Física,  Química,  Arte",Psicología , Familia,5, Positivo,5, Dificultad en las materias, Educación (T/S/A),3,4, Desarrollar nuevas ideas artísticas,5, Salud,3, Neutro
5/6/2026 18:28:10,14,Femenino,VICENTE ANDA AGUIRRE,Urbana,Primero de bachillerato,Español,Bachillerato,Menos de $500,"Me interesa trabajar con herramientas, máquinas y equipos., Disfruto de actividades artísticas como la música, el teatro o la literatura que involucran la creación de obras y expresiones creativas.","Aprender sobre nuevos descubrimientos científicos., Diseñar y construir estructuras o dispositivos prácticos."," Biología,  Arte"," Investigador/a científico/a,  Artista digital, ", Familia,2, Positivo,2, Falta de recursos educativos, Salud,2,2, No estoy seguro(a),2, Educación,2, Poco informado/a
5/6/2026 18:35:17,17,Femenino,VICENTE ANDA AGUIRRE,Urbana,Tercero de bachillerato,Español,Bachillerato,Menos de $500,"Me interesa trabajar con materiales físicos (como pinturas, arcilla, telas) para crear productos artísticos.","Aprender sobre nuevos descubrimientos científicos., Resolver problemas complejos de manera creativa., Crear obras artísticas como pinturas, dibujos o esculturas.", Matemáticas, Ingeniero/a civil, Familia,2, Neutro,4, Dificultad en las materias, Salud,3,5, No estoy seguro(a),1, Salud,3, Neutro
5/6/2026 18:35:57,18,Masculico,VICENTE ANDA AGUIRRE,Urbana,Tercero de bachillerato,Español,Bachillerato,Menos de $500,"Me interesa trabajar con herramientas, máquinas y equipos., Disfruto arreglando o construyendo cosas físicas (por ejemplo, reparaciones en casa, proyectos de bricolaje)., Encuentro fascinante la ingeniería y cómo se utiliza para diseñar y construir soluciones prácticas a problemas cotidianos y globales.","Aprender sobre nuevos descubrimientos científicos., Resolver problemas complejos de manera creativa., Analizar datos y realizar interpretaciones estadísticas", Física, Ingeniero/a civil, Familia,1, Positivo,5, Dificultad en las materias, Salud,5,5, No estoy seguro(a),5, Salud,5, Muy informado/a
5/6/2026 18:47:19,17,Femenino,VICENTE ANDA AGUIRRE,Urbana,Tercero de bachillerato,Español,Bachillerato,$501 - $1000,"Me interesa trabajar con herramientas, máquinas y equipos., Disfruto explorando y aprendiendo sobre seres vivos como animales, peces y plantas., Me interesa investigar fenómenos físicos, biológicos y/o culturales para entender sus causas y efectos., Encuentros fascinantes los misterios sin resolver y me gusta buscar soluciones lógicas y científicas para resolverlos., Disfruto explorando temas relacionados con arte y belleza visual en diferentes formas de expresión (dibujo, pintura, escultura).","Aprender sobre nuevos descubrimientos científicos., Resolver problemas complejos de manera creativa., Crear obras artísticas como pinturas, dibujos o esculturas."," Biología,  Arte", Artista digital, Familia,3, Positivo,5, Dificultad en las materias, Salud,3,5, Mejorar la calidad de vida de las personas,3, Transporte,4, Neutro
5/6/2026 19:13:14,15,Masculico,VICENTE ANDA AGUIRRE,Urbana,Primero de bachillerato,Español,Bachillerato,$1001 - $2000,"Me interesa investigar fenómenos físicos, biológicos y/o culturales para entender sus causas y efectos.",Resolver problemas complejos de manera creativa.," Matemáticas,  Física", Ingeniero/a civil," Familia,  Amigos",3, Neutro,2, Falta de recursos educativos, Tecnología,3,3, Innovar y crear nuevas tecnologías,3, Salud,3, Neutro
5/6/2026 19:17:20,14,Femenino,VICENTE ANDA AGUIRRE,Urbana,Primero de bachillerato,Español,Bachillerato,$501 - $1000,"Me interesa trabajar con herramientas, máquinas y equipos., Me siento atraído/a por temas relacionados con mecánica y automóviles., Disfruto explorando y aprendiendo sobre seres vivos como animales, peces y plantas., Encuentro fascinante la ingeniería y cómo se utiliza para diseñar y construir soluciones prácticas a problemas cotidianos y globales., Me interesa investigar fenómenos físicos, biológicos y/o culturales para entender sus causas y efectos.","Analizar datos para encontrar patrones y conclusiones., Resolver problemas usando herramientas y software tecnológico., Diseñar y construir estructuras o dispositivos prácticos., Analizar datos y realizar interpretaciones estadísticas, Resolver problemas matemáticos y encontrar soluciones eficientes"," Matemáticas,  Biología,  Tecnología"," Desarrollador/a de software,  Matemático/a o estadístico/a, Negocios internacionales o Administración de empresas ", Familia,3, Neutro,5, Falta de recursos educativos, Educación (T/S/A),4,4, Contribuir a la sostenibilidad,3, Salud,3, Poco informado/a
6/6/2026 12:49:29,17,Femenino,VICENTE ANDA AGUIRRE,Urbana,Segundo de bachillerato,Español,Bachillerato,Menos de $500,Disfruto explorando temas relacionados con ciencia ficción y avances científicos futuristas.,"Aprender sobre nuevos descubrimientos científicos., Resolver problemas usando herramientas y software tecnológico."," Biología,  Química,  Arte", Investigador/a científico/a, Familia,5, Neutro,3, Falta de recursos educativos, Medio ambiente,5,3, Mejorar la calidad de vida de las personas,3, Energía,3, Informado/a
7/6/2026 7:23:30,14,Femenino,VICENTE ANDA AGUIRRE,Urbana,Primero de bachillerato,Español,Bachillerato,Menos de $500,"Disfruto explorando y aprendiendo sobre seres vivos como animales, peces y plantas.",Resolver problemas usando herramientas y software tecnológico., Química, Desarrollador/a de software, Familia,5, Positivo,4, Dificultad en las materias, Salud,3,5, Mejorar la calidad de vida de las personas,3, Educación,3, Muy informado/a
7/6/2026 8:50:03,17,Femenino,VICENTE ANDA AGUIRRE,Urbana,Tercero de bachillerato,Español,Bachillerato,Menos de $500,Disfruto explorando temas relacionados con ciencia ficción y avances científicos futuristas.,Explorar nuevas tecnologías y sus impactos en la sociedad., Física, Ingeniero/a civil," Familia,  Amigos,  Redes sociales",1, Positivo,1, Dificultad en las materias, Medio ambiente,3,2, No estoy seguro(a),2, Educación,2, Poco informado/a
7/6/2026 11:24:02,17,Femenino,VICENTE ANDA AGUIRRE,Urbana,Tercero de bachillerato,Español,Bachillerato,Menos de $500,Encuentro fascinante la ingeniería y cómo se utiliza para diseñar y construir soluciones prácticas a problemas cotidianos y globales.,"Aprender sobre nuevos descubrimientos científicos., Resolver problemas usando herramientas y software tecnológico., Compartir y recibir retroalimentación sobre tu arte."," Matemáticas,  Biología,  Física", Ingeniero/a civil," Familia,  Amigos,  Redes sociales",2, Neutro,2, Dificultad en las materias, Medio ambiente,2,2, Mejorar la calidad de vida de las personas,2, Educación,2, Neutro
7/6/2026 11:32:45,17,Femenino,VICENTE ANDA AGUIRRE,Urbana,Tercero de bachillerato,Español,Bachillerato,Menos de $500,"Me interesa trabajar con herramientas, máquinas y equipos.","Analizar datos para encontrar patrones y conclusiones., Aprender sobre nuevos descubrimientos científicos."," Matemáticas,  Biología", Ingeniero/a civil, Familia,4, Positivo,5, Dificultad en las materias, Educación (T/S/A),5,3, Contribuir a la sostenibilidad,3, Salud,5, Neutro
7/6/2026 13:14:58,17,Masculico,VICENTE ANDA AGUIRRE,Urbana,Tercero de bachillerato,Español,Bachillerato,$1001 - $2000,"Disfruto arreglando o construyendo cosas físicas (por ejemplo, reparaciones en casa, proyectos de bricolaje)., Me interesa trabajar con materiales físicos (como pinturas, arcilla, telas) para crear productos artísticos.",Diseñar y construir estructuras o dispositivos prácticos., Matemáticas, Ingeniero/a civil, Redes sociales,2, Negativo,5, Dificultad en las materias, Tecnología,3,4, Contribuir a la sostenibilidad,2, Educación,4, Informado/a
7/6/2026 15:13:15,16,Femenino,VICENTE ANDA AGUIRRE,Urbana,Tercero de bachillerato,Español,Bachillerato,Menos de $500,"Me interesa trabajar con herramientas, máquinas y equipos.",Explorar nuevas tecnologías y sus impactos en la sociedad., Biología, Ingeniero/a civil, Familia,1, Neutro,1, Falta de recursos educativos, Educación (T/S/A),2,4, Mejorar la calidad de vida de las personas,5, Educación,4, Informado/a
7/6/2026 16:20:48,17,Masculico,VICENTE ANDA AGUIRRE,Urbana,Tercero de bachillerato,Español,Bachillerato,Menos de $500,"Me interesa trabajar con herramientas, máquinas y equipos.","Analizar datos para encontrar patrones y conclusiones., Aprender sobre nuevos descubrimientos científicos., Explorar nuevas tecnologías y sus impactos en la sociedad.", Arte, Ingeniero/a civil, Familia,4, Neutro,5, Dificultad en las materias, Tecnología,3,4, No estoy seguro(a),3, Salud,3, Informado/a
7/6/2026 22:19:47,17,Femenino,VICENTE ANDA AGUIRRE,Urbana,Tercero de bachillerato,Español,Bachillerato,$501 - $1000,"Encuentro fascinante la ingeniería y cómo se utiliza para diseñar y construir soluciones prácticas a problemas cotidianos y globales., Me gusta leer novelas de detectives y explorar el razonamiento detrás de los casos y las soluciones propuestas.","Explorar nuevas tecnologías y sus impactos en la sociedad., Resolver problemas usando herramientas y software tecnológico., Analizar datos y realizar interpretaciones estadísticas", Matemáticas," Desarrollador/a de software,  Ingeniero/a civil", Nadie en particular,2, Neutro,3, Dificultad en las materias, Tecnología,3,3, Innovar y crear nuevas tecnologías,4, Energía,4, Neutro
8/6/2026 9:58:16,18,Masculico,VICENTE ANDA AGUIRRE,Urbana,Tercero de bachillerato,Español,Bachillerato,$501 - $1000,"Me interesa trabajar con herramientas, máquinas y equipos.",Aprender sobre nuevos descubrimientos científicos., Matemáticas," Investigador/a científico/a,  Ingeniero/a civil"," Familia,  Amigos",3, Neutro,4, Falta de recursos educativos, Educación (T/S/A),4,3, Mejorar la calidad de vida de las personas,3, Educación,4, Informado/a
9/6/2026 12:27:33,15,Femenino,VICENTE ANDA AGUIRRE,Urbana,Primero de bachillerato,Español,Bachillerato,Menos de $500,Disfruto explorando temas relacionados con ciencia ficción y avances científicos futuristas.,Resolver problemas complejos de manera creativa., Arte, Artista digital, Familia,4, Positivo,4, Falta de recursos educativos, Salud,2,5, Mejorar la calidad de vida de las personas,4, Salud,4, Muy informado/a
9/6/2026 15:52:52,17,Masculico,VICENTE ANDA AGUIRRE,Urbana,Segundo de bachillerato,Español,Bachillerato,$501 - $1000,"Me interesa trabajar con herramientas, máquinas y equipos.","Analizar datos para encontrar patrones y conclusiones., Aprender sobre nuevos descubrimientos científicos., Resolver problemas usando herramientas y software tecnológico., Compartir y recibir retroalimentación sobre tu arte., Analizar datos y realizar interpretaciones estadísticas, Resolver problemas matemáticos y encontrar soluciones eficientes"," Matemáticas,  Física,  Química", Matemático/a o estadístico/a, Familia,3, Positivo,1, Falta de apoyo familiar, Medio ambiente,2,5, Contribuir a la sostenibilidad,4, Educación,3, Muy informado/a
9/6/2026 17:14:56,17,Femenino,VICENTE ANDA AGUIRRE,Urbana,Segundo de bachillerato,Español,Bachillerato,Menos de $500,Encuentros fascinantes los misterios sin resolver y me gusta buscar soluciones lógicas y científicas para resolverlos.,Analizar datos para encontrar patrones y conclusiones., Química, Ingeniero/a civil, Familia,3, Positivo,4, Dificultad en las materias, Salud,2,5, No estoy seguro(a),3, Educación,2, Poco informado/a
9/6/2026 17:20:37,17,Masculico,VICENTE ANDA AGUIRRE,Urbana,Tercero de bachillerato,Español,Bachillerato,Menos de $500,"Me interesa trabajar con materiales físicos (como pinturas, arcilla, telas) para crear productos artísticos., Disfruto explorando temas relacionados con arte y belleza visual en diferentes formas de expresión (dibujo, pintura, escultura).","Resolver problemas complejos de manera creativa., Crear obras artísticas como pinturas, dibujos o esculturas., Compartir y recibir retroalimentación sobre tu arte."," Matemáticas,  Biología,  Física,  Arte", Artista digital, Familia,3, Positivo,5, Falta de recursos educativos, Arte,3,4, Mejorar la calidad de vida de las personas,2, Educación,5, Informado/a
9/6/2026 18:47:56,16,Masculico,VICENTE ANDA AGUIRRE,Urbana,Segundo de bachillerato,Español,Bachillerato,Menos de $500,"Me interesa trabajar con herramientas, máquinas y equipos., Disfruto arreglando o construyendo cosas físicas (por ejemplo, reparaciones en casa, proyectos de bricolaje).",Aprender sobre nuevos descubrimientos científicos., Física, Investigador/a científico/a, Familia,4, Positivo,4, Dificultad en las materias, Medio ambiente,3,3, No estoy seguro(a),3, Medio ambiente,3, Informado/a
9/6/2026 19:24:09,17,Masculico,VICENTE ANDA AGUIRRE,Urbana,Tercero de bachillerato,Español,Bachillerato,Menos de $500,Encuentros fascinantes los misterios sin resolver y me gusta buscar soluciones lógicas y científicas para resolverlos.,Aprender sobre nuevos descubrimientos científicos., Arte,Ciencias políticas , Familia,1, Positivo,1, Falta de apoyo familiar, Educación (T/S/A),3,5, Mejorar la calidad de vida de las personas,5, Educación,3, Neutro
9/6/2026 19:48:49,16,Masculico,VICENTE ANDA AGUIRRE,Urbana,Segundo de bachillerato,Español,Bachillerato,Menos de $500,"Me interesa trabajar con herramientas, máquinas y equipos., Me interesa trabajar con materiales físicos (como pinturas, arcilla, telas) para crear productos artísticos.","Analizar datos para encontrar patrones y conclusiones., Diseñar y construir estructuras o dispositivos prácticos., Analizar datos y realizar interpretaciones estadísticas", Biología, Ingeniero/a civil, Familia,5, Positivo,5, Falta de recursos educativos, Salud,1,5, Mejorar la calidad de vida de las personas,5, Salud,1, Poco informado/a
9/6/2026 22:21:30,17,Femenino,VICENTE ANDA AGUIRRE,Urbana,Tercero de bachillerato,Español,Bachillerato,Menos de $500,"Me interesa trabajar con herramientas, máquinas y equipos.","Explorar nuevas tecnologías y sus impactos en la sociedad., Resolver problemas usando herramientas y software tecnológico., Resolver problemas complejos de manera creativa., Crear obras artísticas como pinturas, dibujos o esculturas., Analizar datos y realizar interpretaciones estadísticas", Biología," Investigador/a científico/a,  Ingeniero/a civil,  Artista digital, ", Familia,1, Neutro,4, Falta de recursos educativos, Medio ambiente,4,5, Mejorar la calidad de vida de las personas,3, Medio ambiente,3, Neutro
10/6/2026 13:13:52,16,Femenino,VICENTE ANDA AGUIRRE,Urbana,Segundo de bachillerato,Español,Bachillerato,Menos de $500,"Disfruto explorando y aprendiendo sobre seres vivos como animales, peces y plantas., Disfruto explorando temas relacionados con ciencia ficción y avances científicos futuristas., Me interesa trabajar con materiales físicos (como pinturas, arcilla, telas) para crear productos artísticos., Disfruto explorando temas relacionados con arte y belleza visual en diferentes formas de expresión (dibujo, pintura, escultura)., Disfruto de actividades artísticas como la música, el teatro o la literatura que involucran la creación de obras y expresiones creativas.","Aprender sobre nuevos descubrimientos científicos., Resolver problemas complejos de manera creativa., Crear obras artísticas como pinturas, dibujos o esculturas."," Química,  Arte"," Investigador/a científico/a,  Artista digital", Familia,1, Positivo,5, Dificultad en las materias, Salud,3,4, Mejorar la calidad de vida de las personas,3, Salud,2, Informado/a
10/6/2026 18:52:39,18,Masculico,VICENTE ANDA AGUIRRE,Urbana,Tercero de bachillerato,Español,Bachillerato,Menos de $500,"Me interesa trabajar con herramientas, máquinas y equipos., Me siento atraído/a por temas relacionados con mecánica y automóviles.",Resolver problemas usando herramientas y software tecnológico., Tecnología, Ingeniero/a civil, Familia,3, Positivo,2,, Tecnología,4,5, Innovar y crear nuevas tecnologías,3, Salud,4, Poco informado/a
5/6/2026 10:13:26,16,Femenino,VICENTE ANDA AGUIRRE,,Segundo de bachillerato,Español,Bachillerato,$1001 - $2000,"Disfruto explorando temas relacionados con arte y belleza visual en diferentes formas de expresión (dibujo, pintura, escultura).",Resolver problemas usando herramientas y software tecnológico., Química,medicina , Nadie en particular,1, Neutro,5, Dificultad en las materias, Salud,3,3, Mejorar la calidad de vida de las personas,4, Salud,5, Informado/a
5/6/2026 14:18:17,17,Masculico,VICENTE ANDA AGUIRRE,,Tercero de bachillerato,Español,Bachillerato,Menos de $500,Disfruto explorando temas relacionados con ciencia ficción y avances científicos futuristas.,Explorar nuevas tecnologías y sus impactos en la sociedad.," Física,  Química", Ingeniero/a civil, Familia,5, Neutro,5, Falta de recursos educativos, Tecnología,5,5, Mejorar la calidad de vida de las personas,5,,5, Poco informado/a
5/6/2026 22:17:04,19,Masculico,VICENTE ANDA AGUIRRE,,Tercero de bachillerato,Español,Bachillerato,Menos de $500,"Me interesa trabajar con herramientas, máquinas y equipos., Disfruto arreglando o construyendo cosas físicas (por ejemplo, reparaciones en casa, proyectos de bricolaje)., Disfruto explorando y aprendiendo sobre seres vivos como animales, peces y plantas., Me interesa investigar fenómenos físicos, biológicos y/o culturales para entender sus causas y efectos., Me gusta jugar ajedrez, Disfruto explorando temas relacionados con ciencia ficción y avances científicos futuristas., Me gusta leer novelas de detectives y explorar el razonamiento detrás de los casos y las soluciones propuestas., Me interesa trabajar con materiales físicos (como pinturas, arcilla, telas) para crear productos artísticos.","Analizar datos para encontrar patrones y conclusiones., Aprender sobre nuevos descubrimientos científicos., Resolver problemas usando herramientas y software tecnológico., Resolver problemas complejos de manera creativa., Analizar datos y realizar interpretaciones estadísticas"," Matemáticas,  Química", Ingeniero/a civil, Familia,5, Positivo,5, Dificultad en las materias, Tecnología,5,5, Mejorar la calidad de vida de las personas,5, Energía,5, Muy informado/a
10/6/2026 17:28:41,15,Femenino,VICENTE ANDA AGUIRRE,Rural,Segundo de bachillerato,Español,Postgrado,$501 - $1000,"Me gusta leer novelas de detectives y explorar el razonamiento detrás de los casos y las soluciones propuestas., Me interesa trabajar con materiales físicos (como pinturas, arcilla, telas) para crear productos artísticos., Disfruto explorando temas relacionados con arte y belleza visual en diferentes formas de expresión (dibujo, pintura, escultura)., Disfruto de actividades artísticas como la música, el teatro o la literatura que involucran la creación de obras y expresiones creativas.","Crear obras artísticas como pinturas, dibujos o esculturas., Compartir y recibir retroalimentación sobre tu arte.", Física, Artista digital," Familia,  Amigos,  Redes sociales",3, Neutro,3,Problema económico , Arte,3,4, Mejorar la calidad de vida de las personas,4, Salud,2, Informado/a
5/6/2026 9:33:52,17,Femenino,VICENTE ANDA AGUIRRE,Urbana,Tercero de bachillerato,,Postgrado,Más de $3000,"Me interesa trabajar con herramientas, máquinas y equipos., Disfruto arreglando o construyendo cosas físicas (por ejemplo, reparaciones en casa, proyectos de bricolaje)., Me siento atraído/a por temas relacionados con mecánica y automóviles., Me interesa investigar fenómenos físicos, biológicos y/o culturales para entender sus causas y efectos., Disfruto explorando temas relacionados con ciencia ficción y avances científicos futuristas., Disfruto explorando temas relacionados con arte y belleza visual en diferentes formas de expresión (dibujo, pintura, escultura)., Disfruto de actividades artísticas como la música, el teatro o la literatura que involucran la creación de obras y expresiones creativas.","Aprender sobre nuevos descubrimientos científicos., Explorar nuevas tecnologías y sus impactos en la sociedad., Resolver problemas usando herramientas y software tecnológico., Diseñar y construir estructuras o dispositivos prácticos., Crear obras artísticas como pinturas, dibujos o esculturas., Analizar datos y realizar interpretaciones estadísticas"," Biología,  Tecnología,  Arte"," Desarrollador/a de software,  Ingeniero/a civil,  Artista digital, "," Familia,  Amigos,  Redes sociales",1, Neutro,2, Falta de recursos educativos, Tecnología,2,3, Innovar y crear nuevas tecnologías,2, Educación,1, Neutro
7/6/2026 8:40:54,16,Masculico,VICENTE ANDA AGUIRRE,Urbana,Primero de bachillerato,Español,Postgrado,$501 - $1000,"Me interesa trabajar con herramientas, máquinas y equipos., Encuentro fascinante la ingeniería y cómo se utiliza para diseñar y construir soluciones prácticas a problemas cotidianos y globales.","Resolver problemas usando herramientas y software tecnológico., Diseñar y construir estructuras o dispositivos prácticos.", Tecnología, Ingeniero/a civil, Familia,1, Positivo,5, Dificultad en las materias, Tecnología,5,5, Mejorar la calidad de vida de las personas,5, Educación,1, Muy informado/a
7/6/2026 16:36:05,16,Femenino,VICENTE ANDA AGUIRRE,Urbana,Tercero de bachillerato,Español,Postgrado,$1001 - $2000,"Disfruto explorando y aprendiendo sobre seres vivos como animales, peces y plantas., Encuentro fascinante la ingeniería y cómo se utiliza para diseñar y construir soluciones prácticas a problemas cotidianos y globales., Disfruto explorando temas relacionados con arte y belleza visual en diferentes formas de expresión (dibujo, pintura, escultura)., Disfruto de actividades artísticas como la música, el teatro o la literatura que involucran la creación de obras y expresiones creativas.","Explorar nuevas tecnologías y sus impactos en la sociedad., Diseñar y construir estructuras o dispositivos prácticos., Resolver problemas complejos de manera creativa., Resolver problemas matemáticos y encontrar soluciones eficientes"," Matemáticas,  Biología", Matemático/a o estadístico/a," Familia,  Redes sociales",5, Neutro,5, Dificultad en las materias, Educación (T/S/A),2,4, Mejorar la calidad de vida de las personas,5, Salud,2, Neutro
5/6/2026 9:57:18,16,Masculico,VICENTE ANDA AGUIRRE,Rural,Segundo de bachillerato,Español,Primaria,$501 - $1000,"Me interesa trabajar con herramientas, máquinas y equipos.",Resolver problemas usando herramientas y software tecnológico., Biología," Ingeniero/a civil,  Artista digital", Familia,5, Positivo,5, Falta de recursos educativos, Medio ambiente,5,5, No estoy seguro(a),5, Educación,5, Muy informado/a
5/6/2026 10:12:33,16,Femenino,VICENTE ANDA AGUIRRE,Rural,Segundo de bachillerato,Español,Primaria,Menos de $500,"Me interesa trabajar con herramientas, máquinas y equipos., Disfruto arreglando o construyendo cosas físicas (por ejemplo, reparaciones en casa, proyectos de bricolaje)., Me gusta leer novelas de detectives y explorar el razonamiento detrás de los casos y las soluciones propuestas., Disfruto explorando temas relacionados con arte y belleza visual en diferentes formas de expresión (dibujo, pintura, escultura).","Resolver problemas usando herramientas y software tecnológico., Crear obras artísticas como pinturas, dibujos o esculturas., Resolver problemas matemáticos y encontrar soluciones eficientes", Arte, Investigador/a científico/a, Familia,1, Positivo,4, Falta de recursos educativos, Educación (T/S/A),5,4, Mejorar la calidad de vida de las personas,4, Salud,4, Informado/a
5/6/2026 10:36:14,18,Masculico,VICENTE ANDA AGUIRRE,Rural,Tercero de bachillerato,Español,Primaria,Menos de $500,"Me interesa trabajar con herramientas, máquinas y equipos.",Resolver problemas complejos de manera creativa., Física, Desarrollador/a de software, Redes sociales,5, Negativo,5, Falta de recursos educativos, Medio ambiente,5,5, Mejorar la calidad de vida de las personas,5, Transporte,4, Muy informado/a
5/6/2026 14:24:59,16,Femenino,VICENTE ANDA AGUIRRE,Rural,Tercero de bachillerato,Español,Primaria,Menos de $500,"Encuentros fascinantes los misterios sin resolver y me gusta buscar soluciones lógicas y científicas para resolverlos., Me gusta leer novelas de detectives y explorar el razonamiento detrás de los casos y las soluciones propuestas.","Aprender sobre nuevos descubrimientos científicos., Crear obras artísticas como pinturas, dibujos o esculturas., Resolver problemas matemáticos y encontrar soluciones eficientes"," Matemáticas,  Física,  Arte", Investigador/a científico/a, Nadie en particular,5, Positivo,5, Falta de recursos educativos, Salud,1,1, Mejorar la calidad de vida de las personas,5, Educación,1, Informado/a
5/6/2026 14:27:36,16,Femenino,VICENTE ANDA AGUIRRE,Rural,Primero de bachillerato,Español,Primaria,Menos de $500,"Me interesa trabajar con herramientas, máquinas y equipos., Encuentro fascinante la ingeniería y cómo se utiliza para diseñar y construir soluciones prácticas a problemas cotidianos y globales., Disfruto explorando temas relacionados con arte y belleza visual en diferentes formas de expresión (dibujo, pintura, escultura)., Disfruto de actividades artísticas como la música, el teatro o la literatura que involucran la creación de obras y expresiones creativas.",Resolver problemas matemáticos y encontrar soluciones eficientes," Matemáticas,  Biología,  Física,  Tecnología"," Investigador/a científico/a,  Desarrollador/a de software", Familia,3, Positivo,5, Falta de recursos educativos, Salud,2,2, Mejorar la calidad de vida de las personas,2, Salud,5, Poco informado/a
5/6/2026 14:53:59,15,Masculico,VICENTE ANDA AGUIRRE,Rural,Primero de bachillerato,Español,Primaria,Menos de $500,"Disfruto explorando y aprendiendo sobre seres vivos como animales, peces y plantas.",Analizar datos para encontrar patrones y conclusiones., Química," Investigador/a científico/a,  Matemático/a o estadístico/a", Amigos,4, Neutro,4, Dificultad en las materias, Tecnología,3,4, No estoy seguro(a),3, Educación,3, Poco informado/a
5/6/2026 15:08:44,15,Masculico,VICENTE ANDA AGUIRRE,Rural,Segundo de bachillerato,Español,Primaria,Menos de $500,"Me interesa trabajar con herramientas, máquinas y equipos., Encuentros fascinantes los misterios sin resolver y me gusta buscar soluciones lógicas y científicas para resolverlos., Disfruto de actividades artísticas como la música, el teatro o la literatura que involucran la creación de obras y expresiones creativas.","Aprender sobre nuevos descubrimientos científicos., Resolver problemas usando herramientas y software tecnológico., Resolver problemas complejos de manera creativa.", Física, Desarrollador/a de software, Familia,5, Positivo,5, Dificultad en las materias, Tecnología,3,5, Innovar y crear nuevas tecnologías,3, Medio ambiente,3, Neutro
5/6/2026 16:02:24,16,Femenino,VICENTE ANDA AGUIRRE,Rural,Primero de bachillerato,Español,Primaria,Menos de $500,"Disfruto explorando y aprendiendo sobre seres vivos como animales, peces y plantas.","Analizar datos para encontrar patrones y conclusiones., Explorar nuevas tecnologías y sus impactos en la sociedad., Resolver problemas usando herramientas y software tecnológico."," Biología,  Física,  Química"," Investigador/a científico/a,  Desarrollador/a de software", Familia,1, Positivo,1, Dificultad en las materias, Salud,5,2, No estoy seguro(a),4, Salud,3, Poco informado/a
5/6/2026 16:22:49,15,Femenino,VICENTE ANDA AGUIRRE,Rural,Primero de bachillerato,Español,Primaria,Menos de $500,"Disfruto explorando temas relacionados con arte y belleza visual en diferentes formas de expresión (dibujo, pintura, escultura).","Crear obras artísticas como pinturas, dibujos o esculturas.", Física, Investigador/a científico/a, Familia,3, Neutro,5, Dificultad en las materias, Salud,3,2, No estoy seguro(a),4, Salud,3, Neutro
5/6/2026 16:38:47,14,Masculico,VICENTE ANDA AGUIRRE,Rural,Primero de bachillerato,Español,Primaria,Menos de $500,"Me interesa trabajar con herramientas, máquinas y equipos.",Aprender sobre nuevos descubrimientos científicos.," Biología,  Física"," Ingeniero/a civil, ", Familia,3, Neutro,4, Dificultad en las materias, Tecnología,3,4, Mejorar la calidad de vida de las personas,4, Transporte,4, Neutro
5/6/2026 16:57:32,15,Masculico,VICENTE ANDA AGUIRRE,Rural,Primero de bachillerato,Español,Primaria,Más de $3000,"Me interesa trabajar con herramientas, máquinas y equipos., Disfruto arreglando o construyendo cosas físicas (por ejemplo, reparaciones en casa, proyectos de bricolaje)., Me siento atraído/a por temas relacionados con mecánica y automóviles., Disfruto explorando y aprendiendo sobre seres vivos como animales, peces y plantas., Encuentro fascinante la ingeniería y cómo se utiliza para diseñar y construir soluciones prácticas a problemas cotidianos y globales., Me interesa investigar fenómenos físicos, biológicos y/o culturales para entender sus causas y efectos., Me gusta jugar ajedrez, Disfruto explorando temas relacionados con ciencia ficción y avances científicos futuristas., Encuentros fascinantes los misterios sin resolver y me gusta buscar soluciones lógicas y científicas para resolverlos., Me gusta leer novelas de detectives y explorar el razonamiento detrás de los casos y las soluciones propuestas., Me interesa trabajar con materiales físicos (como pinturas, arcilla, telas) para crear productos artísticos., Disfruto explorando temas relacionados con arte y belleza visual en diferentes formas de expresión (dibujo, pintura, escultura)., Disfruto de actividades artísticas como la música, el teatro o la literatura que involucran la creación de obras y expresiones creativas.","Analizar datos para encontrar patrones y conclusiones., Aprender sobre nuevos descubrimientos científicos., Explorar nuevas tecnologías y sus impactos en la sociedad., Resolver problemas usando herramientas y software tecnológico., Diseñar y construir estructuras o dispositivos prácticos., Resolver problemas complejos de manera creativa., Crear obras artísticas como pinturas, dibujos o esculturas., Compartir y recibir retroalimentación sobre tu arte., Analizar datos y realizar interpretaciones estadísticas, Resolver problemas matemáticos y encontrar soluciones eficientes", Matemáticas, Matemático/a o estadístico/a," Familia,  Maestros",1, Neutro,1, Dificultad en las materias, Educación (T/S/A),1,5, Innovar y crear nuevas tecnologías,1, Energía,1, Neutro
5/6/2026 17:23:37,15,Femenino,VICENTE ANDA AGUIRRE,Rural,Primero de bachillerato,Español,Primaria,Menos de $500,"Me interesa trabajar con herramientas, máquinas y equipos., Me siento atraído/a por temas relacionados con mecánica y automóviles., Encuentro fascinante la ingeniería y cómo se utiliza para diseñar y construir soluciones prácticas a problemas cotidianos y globales., Me interesa investigar fenómenos físicos, biológicos y/o culturales para entender sus causas y efectos., Me gusta jugar ajedrez, Encuentros fascinantes los misterios sin resolver y me gusta buscar soluciones lógicas y científicas para resolverlos., Me interesa trabajar con materiales físicos (como pinturas, arcilla, telas) para crear productos artísticos., Disfruto explorando temas relacionados con arte y belleza visual en diferentes formas de expresión (dibujo, pintura, escultura)., Disfruto de actividades artísticas como la música, el teatro o la literatura que involucran la creación de obras y expresiones creativas.","Analizar datos para encontrar patrones y conclusiones., Aprender sobre nuevos descubrimientos científicos., Crear obras artísticas como pinturas, dibujos o esculturas., Resolver problemas matemáticos y encontrar soluciones eficientes"," Matemáticas,  Biología,  Física,  Química"," Investigador/a científico/a,  Matemático/a o estadístico/a", Nadie en particular,3, Neutro,4, Falta de recursos educativos, Tecnología,4,3, Innovar y crear nuevas tecnologías,3, Salud,5, Poco informado/a
5/6/2026 17:46:18,14,Femenino,VICENTE ANDA AGUIRRE,Rural,Primero de bachillerato,Español,Primaria,Menos de $500,Encuentro fascinante la ingeniería y cómo se utiliza para diseñar y construir soluciones prácticas a problemas cotidianos y globales.,Resolver problemas usando herramientas y software tecnológico., Matemáticas," Desarrollador/a de software,  Matemático/a o estadístico/a", Nadie en particular,3, Neutro,5, Dificultad en las materias, Tecnología,3,3, No estoy seguro(a),3, Educación,4, Neutro
5/6/2026 18:00:29,15,Femenino,VICENTE ANDA AGUIRRE,Rural,Primero de bachillerato,Español,Primaria,Menos de $500,"Me interesa trabajar con herramientas, máquinas y equipos., Me siento atraído/a por temas relacionados con mecánica y automóviles., Me gusta leer novelas de detectives y explorar el razonamiento detrás de los casos y las soluciones propuestas., Disfruto de actividades artísticas como la música, el teatro o la literatura que involucran la creación de obras y expresiones creativas.","Explorar nuevas tecnologías y sus impactos en la sociedad., Diseñar y construir estructuras o dispositivos prácticos."," Biología,  Química", Desarrollador/a de software, Familia,1, Neutro,5, Dificultad en las materias, Arte,3,3, Mejorar la calidad de vida de las personas,2, Educación,3, Neutro
5/6/2026 18:37:35,16,Masculico,VICENTE ANDA AGUIRRE,Rural,Tercero de bachillerato,Español,Primaria,Menos de $500,"Me interesa trabajar con herramientas, máquinas y equipos., Me siento atraído/a por temas relacionados con mecánica y automóviles.",Analizar datos para encontrar patrones y conclusiones.," Tecnología,  Arte",Docente de filosofía ," Familia,  Amigos",1, Positivo,5,No soy nada creativo y no aprendo nada, Educación (T/S/A),2,3, Mejorar la calidad de vida de las personas,2, Medio ambiente,2, Nada informado/a
5/6/2026 19:47:43,16,Femenino,VICENTE ANDA AGUIRRE,Rural,Primero de bachillerato,Español,Primaria,Menos de $500,"Me interesa trabajar con materiales físicos (como pinturas, arcilla, telas) para crear productos artísticos.",Aprender sobre nuevos descubrimientos científicos., Biología, Ingeniero/a civil, Nadie en particular,3, Neutro,2, Falta de recursos educativos, Educación (T/S/A),2,2, Contribuir a la sostenibilidad,2, Educación,3, Informado/a
6/6/2026 20:27:52,15,Femenino,VICENTE ANDA AGUIRRE,Rural,Primero de bachillerato,Español,Primaria,Menos de $500,"Me interesa trabajar con materiales físicos (como pinturas, arcilla, telas) para crear productos artísticos.","Crear obras artísticas como pinturas, dibujos o esculturas.", Arte, Artista digital, Familia,2, Neutro,5, Dificultad en las materias, Salud,2,3, Mejorar la calidad de vida de las personas,3, Energía,2, Informado/a
7/6/2026 13:00:22,17,Masculico,VICENTE ANDA AGUIRRE,Rural,Tercero de bachillerato,Español,Primaria,$501 - $1000,"Me interesa trabajar con herramientas, máquinas y equipos.",Aprender sobre nuevos descubrimientos científicos., Física,Guia Turístico , Familia,1, Positivo,3, Dificultad en las materias, Medio ambiente,5,4, Contribuir a la sostenibilidad,4, Salud,1, Poco informado/a
7/6/2026 13:27:19,16,Femenino,VICENTE ANDA AGUIRRE,Rural,Primero de bachillerato,Español,Primaria,Menos de $500,"Disfruto explorando y aprendiendo sobre seres vivos como animales, peces y plantas.",Aprender sobre nuevos descubrimientos científicos., Matemáticas, Matemático/a o estadístico/a, Familia,5, Positivo,5,, Salud,5,5, Mejorar la calidad de vida de las personas,5, Salud,5, Poco informado/a
9/6/2026 11:04:27,17,Masculico,VICENTE ANDA AGUIRRE,Rural,Tercero de bachillerato,Español,Primaria,Menos de $500,"Disfruto arreglando o construyendo cosas físicas (por ejemplo, reparaciones en casa, proyectos de bricolaje)., Encuentro fascinante la ingeniería y cómo se utiliza para diseñar y construir soluciones prácticas a problemas cotidianos y globales.",Resolver problemas complejos de manera creativa., Biología, Ingeniero/a civil," Familia,  Maestros",3, Positivo,3, Dificultad en las materias, Medio ambiente,3,5, Mejorar la calidad de vida de las personas,3, Educación,5, Poco informado/a
9/6/2026 15:30:10,18,Masculico,VICENTE ANDA AGUIRRE,Rural,Tercero de bachillerato,Español,Primaria,Menos de $500,"Me interesa trabajar con herramientas, máquinas y equipos., Disfruto arreglando o construyendo cosas físicas (por ejemplo, reparaciones en casa, proyectos de bricolaje)., Me siento atraído/a por temas relacionados con mecánica y automóviles., Encuentro fascinante la ingeniería y cómo se utiliza para diseñar y construir soluciones prácticas a problemas cotidianos y globales., Me interesa investigar fenómenos físicos, biológicos y/o culturales para entender sus causas y efectos., Disfruto explorando temas relacionados con ciencia ficción y avances científicos futuristas., Encuentros fascinantes los misterios sin resolver y me gusta buscar soluciones lógicas y científicas para resolverlos.","Aprender sobre nuevos descubrimientos científicos., Resolver problemas usando herramientas y software tecnológico., Resolver problemas complejos de manera creativa."," Química,  Tecnología"," Ingeniero/a civil, ", Nadie en particular,5, Neutro,3, Dificultad en las materias, Educación (T/S/A),3,3, Mejorar la calidad de vida de las personas,4, Educación,3, Neutro
9/6/2026 16:12:16,18,Femenino,VICENTE ANDA AGUIRRE,Rural,Tercero de bachillerato,Español,Primaria,Menos de $500,"Disfruto explorando y aprendiendo sobre seres vivos como animales, peces y plantas., Disfruto de actividades artísticas como la música, el teatro o la literatura que involucran la creación de obras y expresiones creativas.",Diseñar y construir estructuras o dispositivos prácticos., Biología, Artista digital, Nadie en particular,3, Neutro,4, Dificultad en las materias, Medio ambiente,4,5, Mejorar la calidad de vida de las personas,3, Educación,2, Neutro
14/6/2026 20:39:58,17,Femenino,VICENTE ANDA AGUIRRE,Rural,Tercero de bachillerato,Español,Primaria,Menos de $500,"Me siento atraído/a por temas relacionados con mecánica y automóviles., Disfruto explorando y aprendiendo sobre seres vivos como animales, peces y plantas., Encuentro fascinante la ingeniería y cómo se utiliza para diseñar y construir soluciones prácticas a problemas cotidianos y globales., Me interesa investigar fenómenos físicos, biológicos y/o culturales para entender sus causas y efectos., Disfruto de actividades artísticas como la música, el teatro o la literatura que involucran la creación de obras y expresiones creativas.","Aprender sobre nuevos descubrimientos científicos., Explorar nuevas tecnologías y sus impactos en la sociedad., Resolver problemas complejos de manera creativa., Crear obras artísticas como pinturas, dibujos o esculturas., Resolver problemas matemáticos y encontrar soluciones eficientes"," Matemáticas,  Biología,  Química,  Arte"," Investigador/a científico/a,  Ingeniero/a civil"," Familia,  Maestros",5, Positivo,5, Dificultad en las materias, Medio ambiente,5,5, Desarrollar nuevas ideas artísticas,1, Medio ambiente,5, Poco informado/a
14/6/2026 20:47:06,17,Femenino,VICENTE ANDA AGUIRRE,Rural,Tercero de bachillerato,Español,Primaria,Menos de $500,"Me siento atraído/a por temas relacionados con mecánica y automóviles., Disfruto explorando y aprendiendo sobre seres vivos como animales, peces y plantas., Encuentro fascinante la ingeniería y cómo se utiliza para diseñar y construir soluciones prácticas a problemas cotidianos y globales., Me interesa investigar fenómenos físicos, biológicos y/o culturales para entender sus causas y efectos., Encuentros fascinantes los misterios sin resolver y me gusta buscar soluciones lógicas y científicas para resolverlos.","Analizar datos para encontrar patrones y conclusiones., Aprender sobre nuevos descubrimientos científicos., Resolver problemas matemáticos y encontrar soluciones eficientes"," Matemáticas,  Biología,  Química,  Arte"," Investigador/a científico/a,  Ingeniero/a civil"," Familia,  Maestros,  Amigos",5, Negativo,5, Dificultad en las materias, Medio ambiente,5,5, Contribuir a la sostenibilidad,1, Medio ambiente,5, Poco informado/a
16/6/2026 6:15:26,17,Masculico,VICENTE ANDA AGUIRRE,Rural,Segundo de bachillerato,Español,Primaria,Menos de $500,"Disfruto arreglando o construyendo cosas físicas (por ejemplo, reparaciones en casa, proyectos de bricolaje).","Crear obras artísticas como pinturas, dibujos o esculturas.", Arte, Desarrollador/a de software, Nadie en particular,4, Positivo,4, Dificultad en las materias, Arte,3,3, No estoy seguro(a),4, Salud,3, Neutro
5/6/2026 10:04:48,16,Femenino,VICENTE ANDA AGUIRRE,Urbana,Segundo de bachillerato,Español,Primaria,Menos de $500,"Disfruto explorando temas relacionados con ciencia ficción y avances científicos futuristas., Encuentros fascinantes los misterios sin resolver y me gusta buscar soluciones lógicas y científicas para resolverlos., Me gusta leer novelas de detectives y explorar el razonamiento detrás de los casos y las soluciones propuestas., Me interesa trabajar con materiales físicos (como pinturas, arcilla, telas) para crear productos artísticos., Disfruto explorando temas relacionados con arte y belleza visual en diferentes formas de expresión (dibujo, pintura, escultura)., Disfruto de actividades artísticas como la música, el teatro o la literatura que involucran la creación de obras y expresiones creativas.","Crear obras artísticas como pinturas, dibujos o esculturas., Compartir y recibir retroalimentación sobre tu arte.", Arte,Negocios internacionales , Nadie en particular,3, Neutro,3, Falta de recursos educativos, Salud,3,4, Desarrollar nuevas ideas artísticas,3, Salud,3, Neutro
5/6/2026 10:21:45,18,Femenino,VICENTE ANDA AGUIRRE,Urbana,Tercero de bachillerato,Español,Primaria,Menos de $500,"Disfruto explorando temas relacionados con arte y belleza visual en diferentes formas de expresión (dibujo, pintura, escultura)., Disfruto de actividades artísticas como la música, el teatro o la literatura que involucran la creación de obras y expresiones creativas.","Crear obras artísticas como pinturas, dibujos o esculturas., Compartir y recibir retroalimentación sobre tu arte.", Biología,Estilista , Familia,5, Positivo,5, Falta de recursos educativos, Educación (T/S/A),4,5, Desarrollar nuevas ideas artísticas,3, Educación,3, Informado/a
5/6/2026 10:35:02,16,Femenino,VICENTE ANDA AGUIRRE,Urbana,Tercero de bachillerato,Español,Primaria,Menos de $500,"Disfruto explorando temas relacionados con arte y belleza visual en diferentes formas de expresión (dibujo, pintura, escultura)., Disfruto de actividades artísticas como la música, el teatro o la literatura que involucran la creación de obras y expresiones creativas.","Crear obras artísticas como pinturas, dibujos o esculturas."," Biología,  Arte",Futbolista , Familia,3, Positivo,3, Dificultad en las materias, Salud,3,3, No estoy seguro(a),3, Salud,3, Poco informado/a
5/6/2026 10:38:15,16,Femenino,VICENTE ANDA AGUIRRE,Urbana,Tercero de bachillerato,Español,Primaria,Menos de $500,"Me interesa trabajar con herramientas, máquinas y equipos., Disfruto explorando y aprendiendo sobre seres vivos como animales, peces y plantas., Encuentros fascinantes los misterios sin resolver y me gusta buscar soluciones lógicas y científicas para resolverlos., Me gusta leer novelas de detectives y explorar el razonamiento detrás de los casos y las soluciones propuestas., Me interesa trabajar con materiales físicos (como pinturas, arcilla, telas) para crear productos artísticos., Disfruto explorando temas relacionados con arte y belleza visual en diferentes formas de expresión (dibujo, pintura, escultura)., Disfruto de actividades artísticas como la música, el teatro o la literatura que involucran la creación de obras y expresiones creativas.","Explorar nuevas tecnologías y sus impactos en la sociedad., Resolver problemas usando herramientas y software tecnológico., Compartir y recibir retroalimentación sobre tu arte."," Biología,  Tecnología,  Arte",Medica forense, Nadie en particular,2, Neutro,2, Dificultad en las materias, Salud,4,4, Mejorar la calidad de vida de las personas,2, Salud,3, Neutro
5/6/2026 10:41:47,16,Femenino,VICENTE ANDA AGUIRRE,Urbana,Segundo de bachillerato,Español,Primaria,$501 - $1000,"Disfruto de actividades artísticas como la música, el teatro o la literatura que involucran la creación de obras y expresiones creativas.",Analizar datos para encontrar patrones y conclusiones., Arte, Artista digital, Familia,5, Neutro,4, Dificultad en las materias, Educación (T/S/A),4,2, No estoy seguro(a),4, Educación,3, Neutro
5/6/2026 13:16:24,16,Femenino,VICENTE ANDA AGUIRRE,Urbana,Primero de bachillerato,Español,Primaria,Menos de $500,Encuentro fascinante la ingeniería y cómo se utiliza para diseñar y construir soluciones prácticas a problemas cotidianos y globales.,"Crear obras artísticas como pinturas, dibujos o esculturas.", Biología, Ingeniero/a civil, Familia,1, Positivo,1, Dificultad en las materias, Medio ambiente,1,1, Contribuir a la sostenibilidad,1, Educación,1, Muy informado/a
5/6/2026 13:36:14,15,Masculico,VICENTE ANDA AGUIRRE,Urbana,Primero de bachillerato,Español,Primaria,Menos de $500,"Me interesa trabajar con herramientas, máquinas y equipos., Me siento atraído/a por temas relacionados con mecánica y automóviles., Disfruto explorando y aprendiendo sobre seres vivos como animales, peces y plantas.","Aprender sobre nuevos descubrimientos científicos., Resolver problemas usando herramientas y software tecnológico., Crear obras artísticas como pinturas, dibujos o esculturas.", Tecnología, Ingeniero/a civil, Familia,4, Neutro,3, Falta de recursos educativos, Medio ambiente,4,5, Mejorar la calidad de vida de las personas,2, Salud,3, Informado/a
5/6/2026 14:44:45,15,Femenino,VICENTE ANDA AGUIRRE,Urbana,Primero de bachillerato,Español,Primaria,$501 - $1000,"Me interesa trabajar con herramientas, máquinas y equipos.",Aprender sobre nuevos descubrimientos científicos., Biología, Investigador/a científico/a, Nadie en particular,4, Neutro,2, Falta de apoyo familiar, Educación (T/S/A),1,1, No estoy seguro(a),5, Salud,1, Neutro
5/6/2026 15:53:37,17,Femenino,VICENTE ANDA AGUIRRE,Urbana,Tercero de bachillerato,Español,Primaria,$501 - $1000,"Me interesa trabajar con materiales físicos (como pinturas, arcilla, telas) para crear productos artísticos.",Aprender sobre nuevos descubrimientos científicos., Biología, Ingeniero/a civil, Familia,1, Neutro,1, Dificultad en las materias, Medio ambiente,2,4, Contribuir a la sostenibilidad,2, Educación,4, Neutro
5/6/2026 18:35:53,19,Masculico,VICENTE ANDA AGUIRRE,Urbana,Tercero de bachillerato,Español,Primaria,$501 - $1000,Me siento atraído/a por temas relacionados con mecánica y automóviles.,Resolver problemas matemáticos y encontrar soluciones eficientes, Matemáticas, Ingeniero/a civil, Familia,3, Neutro,3, Falta de apoyo familiar, Tecnología,3,4, Contribuir a la sostenibilidad,5, Energía,5, Neutro
5/6/2026 19:17:40,16,Masculico,VICENTE ANDA AGUIRRE,Urbana,Primero de bachillerato,Español,Primaria,Menos de $500,"Me interesa trabajar con herramientas, máquinas y equipos., Disfruto arreglando o construyendo cosas físicas (por ejemplo, reparaciones en casa, proyectos de bricolaje)., Me siento atraído/a por temas relacionados con mecánica y automóviles., Encuentro fascinante la ingeniería y cómo se utiliza para diseñar y construir soluciones prácticas a problemas cotidianos y globales., Disfruto de actividades artísticas como la música, el teatro o la literatura que involucran la creación de obras y expresiones creativas.",Diseñar y construir estructuras o dispositivos prácticos.," Física,  Química,  Tecnología",Mecánica automotriz ,,2, Neutro,4, Dificultad en las materias,,4,5, Mejorar la calidad de vida de las personas,4, Salud,3, Neutro
6/6/2026 7:57:11,15,Femenino,VICENTE ANDA AGUIRRE,Urbana,Primero de bachillerato,Español,Primaria,Menos de $500,"Me interesa investigar fenómenos físicos, biológicos y/o culturales para entender sus causas y efectos., Disfruto explorando temas relacionados con ciencia ficción y avances científicos futuristas.","Aprender sobre nuevos descubrimientos científicos., Resolver problemas matemáticos y encontrar soluciones eficientes", Matemáticas," Investigador/a científico/a,  Matemático/a o estadístico/a", Familia,5, Positivo,5, Dificultad en las materias, Tecnología,5,4, Mejorar la calidad de vida de las personas,3, Educación,4, Poco informado/a
7/6/2026 9:06:45,18,Masculico,VICENTE ANDA AGUIRRE,Urbana,Tercero de bachillerato,Español,Primaria,Menos de $500,"Me interesa trabajar con herramientas, máquinas y equipos.",Aprender sobre nuevos descubrimientos científicos., Física, Desarrollador/a de software, Familia,5, Positivo,5, Falta de recursos educativos, Salud,5,5, Mejorar la calidad de vida de las personas,5, Salud,5, Muy informado/a
7/6/2026 13:07:51,15,Masculico,VICENTE ANDA AGUIRRE,Urbana,Primero de bachillerato,Español,Primaria,Menos de $500,"Disfruto explorando y aprendiendo sobre seres vivos como animales, peces y plantas.",Aprender sobre nuevos descubrimientos científicos., Física," Ingeniero/a civil, ", Familia,3, Positivo,5, Dificultad en las materias, Salud,3,5, Desarrollar nuevas ideas artísticas,5, Salud,4, Poco informado/a
8/6/2026 9:10:51,16,Femenino,VICENTE ANDA AGUIRRE,Urbana,Segundo de bachillerato,Español,Primaria,Menos de $500,"Me interesa trabajar con herramientas, máquinas y equipos.",Analizar datos para encontrar patrones y conclusiones., Arte," Investigador/a científico/a,  Artista digital", Familia,1, Neutro,1, Falta de recursos educativos, Salud,1,1, Mejorar la calidad de vida de las personas,1, Educación,1, Neutro
8/6/2026 13:55:39,16,Masculico,VICENTE ANDA AGUIRRE,Urbana,Segundo de bachillerato,Español,Primaria,Menos de $500,"Me interesa trabajar con herramientas, máquinas y equipos.","Resolver problemas usando herramientas y software tecnológico., Resolver problemas complejos de manera creativa."," Física,  Arte", Ingeniero/a civil, Familia,2, Positivo,5, Falta de recursos educativos, Tecnología,3,5, Mejorar la calidad de vida de las personas,3, Energía,3, Poco informado/a
8/6/2026 17:37:15,16,Femenino,VICENTE ANDA AGUIRRE,Urbana,Segundo de bachillerato,Español,Primaria,Menos de $500,"Me interesa trabajar con herramientas, máquinas y equipos., Encuentro fascinante la ingeniería y cómo se utiliza para diseñar y construir soluciones prácticas a problemas cotidianos y globales., Encuentros fascinantes los misterios sin resolver y me gusta buscar soluciones lógicas y científicas para resolverlos.",Analizar datos para encontrar patrones y conclusiones., Física," Desarrollador/a de software,  Ingeniero/a civil"," Familia,  Amigos",2, Neutro,4, Falta de recursos educativos, Salud,1,4, Contribuir a la sostenibilidad,1, Medio ambiente,1,
9/6/2026 15:19:51,19,Masculico,VICENTE ANDA AGUIRRE,Urbana,Tercero de bachillerato,Español,Primaria,$501 - $1000,"Me siento atraído/a por temas relacionados con mecánica y automóviles., Encuentros fascinantes los misterios sin resolver y me gusta buscar soluciones lógicas y científicas para resolverlos.","Explorar nuevas tecnologías y sus impactos en la sociedad., Resolver problemas complejos de manera creativa., Compartir y recibir retroalimentación sobre tu arte.", Física, Desarrollador/a de software, Maestros,3, Muy negativo,4, Falta de apoyo familiar, Tecnología,3,4, Contribuir a la sostenibilidad,4, Medio ambiente,3,
10/6/2026 11:50:34,16,Masculico,VICENTE ANDA AGUIRRE,Urbana,Segundo de bachillerato,Español,Primaria,$1001 - $2000,"Me interesa trabajar con herramientas, máquinas y equipos., Me gusta jugar ajedrez","Crear obras artísticas como pinturas, dibujos o esculturas.", Matemáticas,Nose , Nadie en particular,2, Neutro,1, Dificultad en las materias, Tecnología,1,1, Innovar y crear nuevas tecnologías,1, Energía,1, Neutro
10/6/2026 15:06:54,15,Femenino,VICENTE ANDA AGUIRRE,Urbana,Segundo de bachillerato,Español,Primaria,$501 - $1000,"Me interesa trabajar con herramientas, máquinas y equipos.","Aprender sobre nuevos descubrimientos científicos., Resolver problemas usando herramientas y software tecnológico., Crear obras artísticas como pinturas, dibujos o esculturas., Compartir y recibir retroalimentación sobre tu arte."," Biología,  Arte", Artista digital, Familia,4, Positivo,4, Falta de apoyo familiar, Salud,5,5, Mejorar la calidad de vida de las personas,3, Salud,3, Neutro
5/6/2026 14:54:03,17,Femenino,VICENTE ANDA AGUIRRE,Rural,Segundo de bachillerato,Español,Secundaria,$501 - $1000,Me siento atraído/a por temas relacionados con mecánica y automóviles.,Resolver problemas complejos de manera creativa., Tecnología," Investigador/a científico/a, ", Amigos,5, Positivo,5, Falta de recursos educativos, Educación (T/S/A),5,5, Contribuir a la sostenibilidad,5, Educación,5, Neutro
5/6/2026 16:02:32,15,Femenino,VICENTE ANDA AGUIRRE,Rural,Primero de bachillerato,Español,Secundaria,Menos de $500,"Me interesa trabajar con materiales físicos (como pinturas, arcilla, telas) para crear productos artísticos.","Crear obras artísticas como pinturas, dibujos o esculturas.", Matemáticas, Investigador/a científico/a, Familia,1, Neutro,4, Dificultad en las materias, Salud,3,5, Desarrollar nuevas ideas artísticas,2, Salud,3, Neutro
5/6/2026 16:58:09,14,Masculico,VICENTE ANDA AGUIRRE,Rural,Primero de bachillerato,Español,Secundaria,Menos de $500,"Me interesa trabajar con herramientas, máquinas y equipos.",Aprender sobre nuevos descubrimientos científicos.," Matemáticas,  Biología,  Física,  Química", Desarrollador/a de software, Familia,1, Positivo,4, Falta de recursos educativos, Medio ambiente,1,2, Mejorar la calidad de vida de las personas,2, Educación,2, Informado/a
5/6/2026 17:55:02,16,Masculico,VICENTE ANDA AGUIRRE,Rural,Primero de bachillerato,Español,Secundaria,Menos de $500,"Me siento atraído/a por temas relacionados con mecánica y automóviles., Encuentro fascinante la ingeniería y cómo se utiliza para diseñar y construir soluciones prácticas a problemas cotidianos y globales.","Analizar datos para encontrar patrones y conclusiones., Aprender sobre nuevos descubrimientos científicos.", Biología, Matemático/a o estadístico/a, Familia,5, Positivo,4, Dificultad en las materias, Tecnología,5,5, Mejorar la calidad de vida de las personas,5, Medio ambiente,2, Neutro
5/6/2026 18:42:03,16,Masculico,VICENTE ANDA AGUIRRE,Rural,Tercero de bachillerato,Español,Secundaria,Menos de $500,"Me interesa trabajar con herramientas, máquinas y equipos., Disfruto arreglando o construyendo cosas físicas (por ejemplo, reparaciones en casa, proyectos de bricolaje)., Me siento atraído/a por temas relacionados con mecánica y automóviles., Encuentro fascinante la ingeniería y cómo se utiliza para diseñar y construir soluciones prácticas a problemas cotidianos y globales., Disfruto explorando temas relacionados con ciencia ficción y avances científicos futuristas., Disfruto explorando temas relacionados con arte y belleza visual en diferentes formas de expresión (dibujo, pintura, escultura).",Resolver problemas complejos de manera creativa., Química, Ingeniero/a civil," Familia,  Amigos",3, Neutro,5, Dificultad en las materias, Tecnología,3,4, Contribuir a la sostenibilidad,3, Educación,3, Neutro
5/6/2026 18:52:46,17,Femenino,VICENTE ANDA AGUIRRE,Rural,Tercero de bachillerato,Español,Secundaria,Menos de $500,"Disfruto arreglando o construyendo cosas físicas (por ejemplo, reparaciones en casa, proyectos de bricolaje)., Disfruto explorando temas relacionados con ciencia ficción y avances científicos futuristas.","Aprender sobre nuevos descubrimientos científicos., Explorar nuevas tecnologías y sus impactos en la sociedad.", Arte, Artista digital, Nadie en particular,5, Positivo,5, Dificultad en las materias,,1,1, No estoy seguro(a),1, Medio ambiente,1, Muy informado/a
5/6/2026 19:01:30,17,Femenino,VICENTE ANDA AGUIRRE,Rural,Tercero de bachillerato,Español,Secundaria,Menos de $500,"Me interesa trabajar con herramientas, máquinas y equipos.",Compartir y recibir retroalimentación sobre tu arte.," Matemáticas,  Física",Comercio internacionales , Nadie en particular,3, Neutro,3, Falta de recursos educativos, Salud,3,5, Mejorar la calidad de vida de las personas,4, Transporte,2, Neutro
6/6/2026 2:42:10,14,Femenino,VICENTE ANDA AGUIRRE,Rural,Primero de bachillerato,Español,Secundaria,$501 - $1000,Me siento atraído/a por temas relacionados con mecánica y automóviles.,Explorar nuevas tecnologías y sus impactos en la sociedad., Química, Ingeniero/a civil, Familia,5, Neutro,5, Dificultad en las materias, Tecnología,3,4, Desarrollar nuevas ideas artísticas,3, Energía,3, Neutro
6/6/2026 8:07:01,17,Femenino,VICENTE ANDA AGUIRRE,Rural,Tercero de bachillerato,Español,Secundaria,Menos de $500,Me gusta jugar ajedrez,"Crear obras artísticas como pinturas, dibujos o esculturas.", Arte, Artista digital, Familia,1, Positivo,5, Falta de recursos educativos, Tecnología,5,3, Innovar y crear nuevas tecnologías,1, Salud,2, Informado/a
6/6/2026 11:33:18,15,Femenino,VICENTE ANDA AGUIRRE,Rural,Primero de bachillerato,Español,Secundaria,Menos de $500,"Disfruto explorando y aprendiendo sobre seres vivos como animales, peces y plantas.",Explorar nuevas tecnologías y sus impactos en la sociedad., Biología, Ingeniero/a civil, Familia,3, Positivo,3, Dificultad en las materias, Medio ambiente,2,5, Mejorar la calidad de vida de las personas,1, Educación,5, Poco informado/a
6/6/2026 16:44:50,16,Femenino,VICENTE ANDA AGUIRRE,Rural,Tercero de bachillerato,Español,Secundaria,Menos de $500,"Encuentro fascinante la ingeniería y cómo se utiliza para diseñar y construir soluciones prácticas a problemas cotidianos y globales., Encuentros fascinantes los misterios sin resolver y me gusta buscar soluciones lógicas y científicas para resolverlos., Me interesa trabajar con materiales físicos (como pinturas, arcilla, telas) para crear productos artísticos., Disfruto explorando temas relacionados con arte y belleza visual en diferentes formas de expresión (dibujo, pintura, escultura)., Disfruto de actividades artísticas como la música, el teatro o la literatura que involucran la creación de obras y expresiones creativas.","Resolver problemas complejos de manera creativa., Crear obras artísticas como pinturas, dibujos o esculturas., Compartir y recibir retroalimentación sobre tu arte."," Tecnología,  Arte",Ingeria industrial , Nadie en particular,3, Positivo,5, Dificultad en las materias, Tecnología,4,4, Mejorar la calidad de vida de las personas,5, Medio ambiente,5, Informado/a
7/6/2026 21:19:58,15,Masculico,VICENTE ANDA AGUIRRE,Rural,Primero de bachillerato,Español,Secundaria,Menos de $500,"Me interesa trabajar con herramientas, máquinas y equipos.",Resolver problemas complejos de manera creativa., Física," Investigador/a científico/a, ", Familia,1, Positivo,1, Dificultad en las materias, Medio ambiente,1,5, No estoy seguro(a),5, Salud,3, Informado/a
7/6/2026 21:21:54,18,Femenino,VICENTE ANDA AGUIRRE,Rural,Segundo de bachillerato,Español,Secundaria,Menos de $500,"Me interesa investigar fenómenos físicos, biológicos y/o culturales para entender sus causas y efectos.",Aprender sobre nuevos descubrimientos científicos., Física, Investigador/a científico/a, Familia,1, Positivo,5, Dificultad en las materias, Medio ambiente,5,5, No estoy seguro(a),1, Educación,1, Poco informado/a
9/6/2026 15:57:01,16,Masculico,VICENTE ANDA AGUIRRE,Rural,Tercero de bachillerato,Español,Secundaria,Menos de $500,"Me interesa trabajar con herramientas, máquinas y equipos.",Compartir y recibir retroalimentación sobre tu arte.," Biología,  Física", Ingeniero/a civil, Familia,4, Positivo,3, Dificultad en las materias, Medio ambiente,3,5, Contribuir a la sostenibilidad,4, Educación,5, Poco informado/a
5/6/2026 10:04:38,17,Masculico,VICENTE ANDA AGUIRRE,Urbana,Segundo de bachillerato,Español,Secundaria,Menos de $500,"Me interesa trabajar con herramientas, máquinas y equipos., Me interesa investigar fenómenos físicos, biológicos y/o culturales para entender sus causas y efectos., Disfruto explorando temas relacionados con ciencia ficción y avances científicos futuristas.","Analizar datos para encontrar patrones y conclusiones., Explorar nuevas tecnologías y sus impactos en la sociedad., Resolver problemas matemáticos y encontrar soluciones eficientes"," Biología,  Química", Ingeniero/a civil, Familia,2, Positivo,4, Falta de recursos educativos, Tecnología,3,2, Mejorar la calidad de vida de las personas,3, Salud,3, Informado/a
5/6/2026 10:26:14,16,Femenino,VICENTE ANDA AGUIRRE,Urbana,Tercero de bachillerato,Español,Secundaria,$501 - $1000,"Disfruto explorando y aprendiendo sobre seres vivos como animales, peces y plantas.",Aprender sobre nuevos descubrimientos científicos.," Biología,  Física,  Química","La carrera de medicina, licencia en criminología, sicóloga, educación inicial "," Familia,  Maestros,  Amigos",2, Negativo,5, Dificultad en las materias, Salud,2,5, Mejorar la calidad de vida de las personas,1, Salud,5, Informado/a
5/6/2026 12:50:39,16,Masculico,VICENTE ANDA AGUIRRE,Urbana,Segundo de bachillerato,Español,Secundaria,$501 - $1000,"Disfruto arreglando o construyendo cosas físicas (por ejemplo, reparaciones en casa, proyectos de bricolaje)., Disfruto explorando y aprendiendo sobre seres vivos como animales, peces y plantas.","Explorar nuevas tecnologías y sus impactos en la sociedad., Diseñar y construir estructuras o dispositivos prácticos."," Biología,  Física",Ingeniero agropecuario , Familia,2, Neutro,3,No es mi gusto y me aburriría , Salud,3,4, No estoy seguro(a),4, Educación,3, Poco informado/a
5/6/2026 13:14:10,16,Femenino,VICENTE ANDA AGUIRRE,Urbana,Primero de bachillerato,Español,Secundaria,Menos de $500,"Disfruto explorando y aprendiendo sobre seres vivos como animales, peces y plantas.","Aprender sobre nuevos descubrimientos científicos., Resolver problemas complejos de manera creativa.", Biología, Ingeniero/a civil, Familia,2, Positivo,1, Dificultad en las materias, Medio ambiente,1,1, Contribuir a la sostenibilidad,1, Educación,1, Muy informado/a
5/6/2026 14:16:21,15,Femenino,VICENTE ANDA AGUIRRE,Urbana,Primero de bachillerato,Español,Secundaria,Menos de $500,"Disfruto explorando y aprendiendo sobre seres vivos como animales, peces y plantas.",Aprender sobre nuevos descubrimientos científicos.," Biología,  Física,  Química,  Tecnología", Ingeniero/a civil, Nadie en particular,3, Neutro,3, Dificultad en las materias, Medio ambiente,2,4, Contribuir a la sostenibilidad,3, Educación,3, Informado/a
5/6/2026 14:54:04,14,Femenino,VICENTE ANDA AGUIRRE,Urbana,Primero de bachillerato,Español,Secundaria,$501 - $1000,"Me interesa investigar fenómenos físicos, biológicos y/o culturales para entender sus causas y efectos.",Analizar datos para encontrar patrones y conclusiones., Matemáticas, Matemático/a o estadístico/a, Familia,5, Negativo,5, Falta de recursos educativos, Tecnología,5,5, Mejorar la calidad de vida de las personas,3, Educación,4, Poco informado/a
5/6/2026 15:53:12,17,Masculico,VICENTE ANDA AGUIRRE,Urbana,Tercero de bachillerato,Español,Secundaria,$1001 - $2000,"Me interesa trabajar con herramientas, máquinas y equipos., Me siento atraído/a por temas relacionados con mecánica y automóviles., Me interesa investigar fenómenos físicos, biológicos y/o culturales para entender sus causas y efectos., Disfruto explorando temas relacionados con ciencia ficción y avances científicos futuristas.","Aprender sobre nuevos descubrimientos científicos., Explorar nuevas tecnologías y sus impactos en la sociedad., Resolver problemas usando herramientas y software tecnológico., Diseñar y construir estructuras o dispositivos prácticos."," Matemáticas,  Biología,  Física,  Química"," Investigador/a científico/a,  Desarrollador/a de software,  Ingeniero/a civil", Familia,3, Neutro,5, Falta de recursos educativos, Salud,5,5, Innovar y crear nuevas tecnologías,5, Salud,4, Informado/a
5/6/2026 16:37:15,14,Masculico,VICENTE ANDA AGUIRRE,Urbana,Primero de bachillerato,Español,Secundaria,$501 - $1000,"Me interesa trabajar con herramientas, máquinas y equipos., Disfruto arreglando o construyendo cosas físicas (por ejemplo, reparaciones en casa, proyectos de bricolaje)., Me siento atraído/a por temas relacionados con mecánica y automóviles., Disfruto explorando y aprendiendo sobre seres vivos como animales, peces y plantas., Encuentro fascinante la ingeniería y cómo se utiliza para diseñar y construir soluciones prácticas a problemas cotidianos y globales., Me gusta jugar ajedrez, Me interesa trabajar con materiales físicos (como pinturas, arcilla, telas) para crear productos artísticos., Disfruto explorando temas relacionados con arte y belleza visual en diferentes formas de expresión (dibujo, pintura, escultura).","Analizar datos para encontrar patrones y conclusiones., Crear obras artísticas como pinturas, dibujos o esculturas., Analizar datos y realizar interpretaciones estadísticas, Resolver problemas matemáticos y encontrar soluciones eficientes"," Matemáticas,  Biología,  Tecnología,  Arte"," Artista digital,  Matemático/a o estadístico/a", Familia,3, Negativo,5,Falta de consentracion, Tecnología,4,5, Mejorar la calidad de vida de las personas,3, Transporte,5, Poco informado/a
5/6/2026 17:07:40,15,Masculico,VICENTE ANDA AGUIRRE,Urbana,Primero de bachillerato,Español,Secundaria,$501 - $1000,"Me gusta jugar ajedrez, Disfruto de actividades artísticas como la música, el teatro o la literatura que involucran la creación de obras y expresiones creativas.","Resolver problemas complejos de manera creativa., Compartir y recibir retroalimentación sobre tu arte., Resolver problemas matemáticos y encontrar soluciones eficientes", Física, Desarrollador/a de software, Familia,1, Positivo,5, Falta de recursos educativos, Salud,5,4, Mejorar la calidad de vida de las personas,4, Educación,4, Muy informado/a
5/6/2026 17:10:35,15,Masculico,VICENTE ANDA AGUIRRE,Urbana,Primero de bachillerato,Español,Secundaria,$501 - $1000,"Me interesa trabajar con herramientas, máquinas y equipos., Disfruto arreglando o construyendo cosas físicas (por ejemplo, reparaciones en casa, proyectos de bricolaje).","Aprender sobre nuevos descubrimientos científicos., Crear obras artísticas como pinturas, dibujos o esculturas., Resolver problemas matemáticos y encontrar soluciones eficientes", Física, Investigador/a científico/a, Familia,5, Positivo,4, Falta de recursos educativos, Educación (T/S/A),4,5, Mejorar la calidad de vida de las personas,5, Medio ambiente,4, Muy informado/a
5/6/2026 17:45:01,15,Femenino,VICENTE ANDA AGUIRRE,Urbana,Primero de bachillerato,Español,Secundaria,Menos de $500,"Disfruto arreglando o construyendo cosas físicas (por ejemplo, reparaciones en casa, proyectos de bricolaje).",Explorar nuevas tecnologías y sus impactos en la sociedad., Arte, Artista digital, Familia,1, Neutro,1, Falta de recursos educativos, Tecnología,1,2, Innovar y crear nuevas tecnologías,4, Educación,2, Neutro
5/6/2026 17:47:07,15,Femenino,VICENTE ANDA AGUIRRE,Urbana,Primero de bachillerato,Español,Secundaria,$501 - $1000,"Disfruto arreglando o construyendo cosas físicas (por ejemplo, reparaciones en casa, proyectos de bricolaje).",Resolver problemas usando herramientas y software tecnológico., Tecnología, Desarrollador/a de software, Familia,2, Neutro,2, Falta de recursos educativos, Tecnología,1,5, Innovar y crear nuevas tecnologías,3, Educación,3, Neutro
5/6/2026 18:43:27,17,Masculico,VICENTE ANDA AGUIRRE,Urbana,Tercero de bachillerato,Español,Secundaria,$501 - $1000,"Me interesa trabajar con herramientas, máquinas y equipos., Me siento atraído/a por temas relacionados con mecánica y automóviles.",Explorar nuevas tecnologías y sus impactos en la sociedad., Tecnología, Desarrollador/a de software, Familia,1, Neutro,3, Dificultad en las materias, Tecnología,4,3, Innovar y crear nuevas tecnologías,4, Energía,4, Neutro
5/6/2026 19:11:59,17,Masculico,VICENTE ANDA AGUIRRE,Urbana,Tercero de bachillerato,Español,Secundaria,Menos de $500,"Disfruto explorando y aprendiendo sobre seres vivos como animales, peces y plantas., Me gusta leer novelas de detectives y explorar el razonamiento detrás de los casos y las soluciones propuestas.","Diseñar y construir estructuras o dispositivos prácticos., Crear obras artísticas como pinturas, dibujos o esculturas."," Biología,  Química,  Arte"," Ingeniero/a civil,  Artista digital", Nadie en particular,3, Neutro,3, Falta de apoyo familiar, Medio ambiente,5,4, No estoy seguro(a),4, Salud,3, Informado/a
5/6/2026 19:13:33,15,Femenino,VICENTE ANDA AGUIRRE,Urbana,Primero de bachillerato,Español,Secundaria,Menos de $500,"Disfruto explorando y aprendiendo sobre seres vivos como animales, peces y plantas., Me interesa investigar fenómenos físicos, biológicos y/o culturales para entender sus causas y efectos., Disfruto explorando temas relacionados con ciencia ficción y avances científicos futuristas., Me interesa trabajar con materiales físicos (como pinturas, arcilla, telas) para crear productos artísticos., Disfruto de actividades artísticas como la música, el teatro o la literatura que involucran la creación de obras y expresiones creativas.","Aprender sobre nuevos descubrimientos científicos., Diseñar y construir estructuras o dispositivos prácticos.", Física, Investigador/a científico/a, Familia,2, Neutro,5,No tengo ninguna dificultad , Tecnología,5,4, Contribuir a la sostenibilidad,4, Educación,5, Informado/a
7/6/2026 16:18:06,17,Femenino,VICENTE ANDA AGUIRRE,Urbana,Tercero de bachillerato,Español,Secundaria,Menos de $500,"Me interesa trabajar con materiales físicos (como pinturas, arcilla, telas) para crear productos artísticos., Disfruto explorando temas relacionados con arte y belleza visual en diferentes formas de expresión (dibujo, pintura, escultura)., Disfruto de actividades artísticas como la música, el teatro o la literatura que involucran la creación de obras y expresiones creativas.","Crear obras artísticas como pinturas, dibujos o esculturas., Compartir y recibir retroalimentación sobre tu arte., Resolver problemas matemáticos y encontrar soluciones eficientes"," Matemáticas,  Biología,  Tecnología,  Arte",Cosmetología , Nadie en particular,3, Neutro,4, Falta de recursos educativos, Arte,3,3, Desarrollar nuevas ideas artísticas,5, Salud,4, Neutro
7/6/2026 18:01:50,17,Masculico,VICENTE ANDA AGUIRRE,Urbana,Tercero de bachillerato,Español,Secundaria,Menos de $500,"Me interesa trabajar con herramientas, máquinas y equipos., Disfruto arreglando o construyendo cosas físicas (por ejemplo, reparaciones en casa, proyectos de bricolaje)., Me siento atraído/a por temas relacionados con mecánica y automóviles., Disfruto explorando y aprendiendo sobre seres vivos como animales, peces y plantas., Encuentro fascinante la ingeniería y cómo se utiliza para diseñar y construir soluciones prácticas a problemas cotidianos y globales.",Resolver problemas usando herramientas y software tecnológico., Matemáticas," Ingeniero/a civil, Industrial "," Familia,  Maestros,  Redes sociales",3, Positivo,3,, Tecnología,1,1, Innovar y crear nuevas tecnologías,1, Transporte,1, Muy informado/a
9/6/2026 15:10:34,17,Masculico,VICENTE ANDA AGUIRRE,Urbana,Tercero de bachillerato,Español,Secundaria,Menos de $500,"Me interesa trabajar con herramientas, máquinas y equipos.",Aprender sobre nuevos descubrimientos científicos., Física, Ingeniero/a civil, Familia,1, Positivo,1, Falta de apoyo familiar, Medio ambiente,1,1, No estoy seguro(a),5, Educación,1, Nada informado/a
9/6/2026 17:02:03,19,Femenino,VICENTE ANDA AGUIRRE,Urbana,Segundo de bachillerato,Español,Secundaria,$501 - $1000,"Disfruto de actividades artísticas como la música, el teatro o la literatura que involucran la creación de obras y expresiones creativas.",Explorar nuevas tecnologías y sus impactos en la sociedad., Física, Artista digital," Familia,  Nadie en particular",3, Neutro,3, Falta de apoyo familiar, Tecnología,4,4, Mejorar la calidad de vida de las personas,4, Medio ambiente,4, Poco informado/a
9/6/2026 21:51:02,16,Femenino,VICENTE ANDA AGUIRRE,Urbana,Segundo de bachillerato,Español,Secundaria,$501 - $1000,"Me interesa trabajar con herramientas, máquinas y equipos., Me interesa trabajar con materiales físicos (como pinturas, arcilla, telas) para crear productos artísticos., Disfruto de actividades artísticas como la música, el teatro o la literatura que involucran la creación de obras y expresiones creativas.","Explorar nuevas tecnologías y sus impactos en la sociedad., Crear obras artísticas como pinturas, dibujos o esculturas."," Matemáticas,  Biología,  Arte"," Desarrollador/a de software,  Ingeniero/a civil,  Artista digital", Redes sociales,3, Positivo,5, Dificultad en las materias, Arte,5,5, Mejorar la calidad de vida de las personas,5, Educación,4, Neutro
10/6/2026 13:13:52,17,Femenino,VICENTE ANDA AGUIRRE,Urbana,Segundo de bachillerato,Español,Secundaria,Menos de $500,"Disfruto de actividades artísticas como la música, el teatro o la literatura que involucran la creación de obras y expresiones creativas.",Aprender sobre nuevos descubrimientos científicos.," Biología,  Arte"," Investigador/a científico/a,  Artista digital", Familia,1, Positivo,4, Dificultad en las materias, Salud,3,4, Mejorar la calidad de vida de las personas,3, Salud,3, Informado/a
5/6/2026 18:32:06,14,Femenino,VICENTE ANDA AGUIRRE,,Primero de bachillerato,Español,Secundaria,Menos de $500,"Me interesa trabajar con herramientas, máquinas y equipos., Me siento atraído/a por temas relacionados con mecánica y automóviles., Disfruto explorando temas relacionados con ciencia ficción y avances científicos futuristas., Encuentros fascinantes los misterios sin resolver y me gusta buscar soluciones lógicas y científicas para resolverlos., Me interesa trabajar con materiales físicos (como pinturas, arcilla, telas) para crear productos artísticos., Disfruto de actividades artísticas como la música, el teatro o la literatura que involucran la creación de obras y expresiones creativas.","Analizar datos para encontrar patrones y conclusiones., Explorar nuevas tecnologías y sus impactos en la sociedad., Diseñar y construir estructuras o dispositivos prácticos., Resolver problemas matemáticos y encontrar soluciones eficientes"," Física,  Química", Investigador/a científico/a, Familia,5, Neutro,5, Dificultad en las materias, Salud,2,3, Innovar y crear nuevas tecnologías,3, Educación,3, Informado/a
5/6/2026 16:46:53,15,Femenino,VICENTE ANDA AGUIRRE,Rural,Primero de bachillerato,Español,Universidad,Menos de $500,"Disfruto arreglando o construyendo cosas físicas (por ejemplo, reparaciones en casa, proyectos de bricolaje)., Disfruto explorando y aprendiendo sobre seres vivos como animales, peces y plantas.","Explorar nuevas tecnologías y sus impactos en la sociedad., Resolver problemas usando herramientas y software tecnológico."," Biología,  Física,  Química", Investigador/a científico/a, Familia,5, Positivo,5, Dificultad en las materias, Salud,5,5, Mejorar la calidad de vida de las personas,5, Educación,1, Neutro
5/6/2026 16:50:28,16,Masculico,VICENTE ANDA AGUIRRE,Rural,Primero de bachillerato,Español,Universidad,$1001 - $2000,"Disfruto explorando y aprendiendo sobre seres vivos como animales, peces y plantas., Me interesa investigar fenómenos físicos, biológicos y/o culturales para entender sus causas y efectos., Me interesa trabajar con materiales físicos (como pinturas, arcilla, telas) para crear productos artísticos.","Resolver problemas usando herramientas y software tecnológico., Resolver problemas complejos de manera creativa., Resolver problemas matemáticos y encontrar soluciones eficientes", Física, Desarrollador/a de software, Familia,1, Positivo,2, Dificultad en las materias, Educación (T/S/A),3,3, Contribuir a la sostenibilidad,2, Salud,2, Neutro
5/6/2026 20:14:03,17,Masculico,VICENTE ANDA AGUIRRE,Rural,Tercero de bachillerato,Español,Universidad,$501 - $1000,"Me interesa trabajar con herramientas, máquinas y equipos., Encuentro fascinante la ingeniería y cómo se utiliza para diseñar y construir soluciones prácticas a problemas cotidianos y globales., Me gusta jugar ajedrez, Disfruto explorando temas relacionados con ciencia ficción y avances científicos futuristas., Disfruto de actividades artísticas como la música, el teatro o la literatura que involucran la creación de obras y expresiones creativas.","Aprender sobre nuevos descubrimientos científicos., Explorar nuevas tecnologías y sus impactos en la sociedad., Resolver problemas usando herramientas y software tecnológico., Diseñar y construir estructuras o dispositivos prácticos., Resolver problemas complejos de manera creativa., Resolver problemas matemáticos y encontrar soluciones eficientes"," Matemáticas,  Física,  Tecnología", Ingeniero/a civil," Familia,  Nadie en particular",2, Neutro,5, Falta de recursos educativos, Tecnología,5,5, Mejorar la calidad de vida de las personas,5, Educación,5, Informado/a
5/6/2026 20:37:40,14,Femenino,VICENTE ANDA AGUIRRE,Rural,Primero de bachillerato,Español,Universidad,$1001 - $2000,"Disfruto explorando y aprendiendo sobre seres vivos como animales, peces y plantas., Me interesa trabajar con materiales físicos (como pinturas, arcilla, telas) para crear productos artísticos.","Diseñar y construir estructuras o dispositivos prácticos., Resolver problemas matemáticos y encontrar soluciones eficientes", Matemáticas, Ingeniero/a civil, Familia,2, Positivo,5, Dificultad en las materias, Tecnología,4,4, No estoy seguro(a),3, Educación,4, Neutro
5/6/2026 20:48:57,14,Femenino,VICENTE ANDA AGUIRRE,Rural,Primero de bachillerato,Español,Universidad,$1001 - $2000,"Disfruto explorando y aprendiendo sobre seres vivos como animales, peces y plantas.","Resolver problemas complejos de manera creativa., Resolver problemas matemáticos y encontrar soluciones eficientes", Matemáticas, Ingeniero/a civil, Familia,2, Neutro,5, Dificultad en las materias, Salud,3,4, No estoy seguro(a),3, Educación,4, Neutro
5/6/2026 21:29:49,14,Masculico,VICENTE ANDA AGUIRRE,Rural,Primero de bachillerato,Español,Universidad,Menos de $500,"Me interesa trabajar con herramientas, máquinas y equipos.",Resolver problemas usando herramientas y software tecnológico., Química, Desarrollador/a de software, Familia,3, Positivo,4, Falta de recursos educativos, Tecnología,5,5, Desarrollar nuevas ideas artísticas,2, Educación,3, Informado/a
9/6/2026 15:47:52,18,Femenino,VICENTE ANDA AGUIRRE,Rural,Segundo de bachillerato,Español,Universidad,$501 - $1000,"Me interesa trabajar con materiales físicos (como pinturas, arcilla, telas) para crear productos artísticos.",Explorar nuevas tecnologías y sus impactos en la sociedad., Arte, Ingeniero/a civil, Familia,2, Neutro,2, Falta de recursos educativos, Medio ambiente,3,4, No estoy seguro(a),4, Educación,3, Neutro
5/6/2026 9:44:53,17,Masculico,VICENTE ANDA AGUIRRE,Urbana,Tercero de bachillerato,Español,Universidad,$501 - $1000,"Me interesa trabajar con herramientas, máquinas y equipos., Disfruto arreglando o construyendo cosas físicas (por ejemplo, reparaciones en casa, proyectos de bricolaje)., Encuentro fascinante la ingeniería y cómo se utiliza para diseñar y construir soluciones prácticas a problemas cotidianos y globales., Me interesa investigar fenómenos físicos, biológicos y/o culturales para entender sus causas y efectos., Encuentros fascinantes los misterios sin resolver y me gusta buscar soluciones lógicas y científicas para resolverlos., Me gusta leer novelas de detectives y explorar el razonamiento detrás de los casos y las soluciones propuestas., Me interesa trabajar con materiales físicos (como pinturas, arcilla, telas) para crear productos artísticos.","Analizar datos para encontrar patrones y conclusiones., Explorar nuevas tecnologías y sus impactos en la sociedad., Resolver problemas complejos de manera creativa., Analizar datos y realizar interpretaciones estadísticas"," Matemáticas,  Tecnología"," Desarrollador/a de software,  Matemático/a o estadístico/a"," Familia,  Maestros,  Amigos",4, Neutro,3,, Tecnología,4,4, Mejorar la calidad de vida de las personas,4, Salud,4, Neutro
5/6/2026 10:09:54,17,Femenino,VICENTE ANDA AGUIRRE,Urbana,Tercero de bachillerato,Español,Universidad,$501 - $1000,"Me interesa trabajar con materiales físicos (como pinturas, arcilla, telas) para crear productos artísticos.","Crear obras artísticas como pinturas, dibujos o esculturas.", Matemáticas, Desarrollador/a de software, Familia,3, Neutro,3,No es algo que queira , Educación (T/S/A),2,3, Desarrollar nuevas ideas artísticas,2, Educación,3, Neutro
5/6/2026 10:34:35,17,Masculico,VICENTE ANDA AGUIRRE,Urbana,Tercero de bachillerato,Español,Universidad,$501 - $1000,"Me interesa trabajar con herramientas, máquinas y equipos.",Compartir y recibir retroalimentación sobre tu arte., Matemáticas, Investigador/a científico/a, Familia,1, Neutro,3, Falta de recursos educativos, Tecnología,2,2, Mejorar la calidad de vida de las personas,2, Energía,4, Poco informado/a
5/6/2026 11:53:14,16,Femenino,VICENTE ANDA AGUIRRE,Urbana,Tercero de bachillerato,Español,Universidad,$2000 - $3000,"Me interesa trabajar con herramientas, máquinas y equipos., Disfruto explorando temas relacionados con ciencia ficción y avances científicos futuristas., Me interesa trabajar con materiales físicos (como pinturas, arcilla, telas) para crear productos artísticos.","Aprender sobre nuevos descubrimientos científicos., Crear obras artísticas como pinturas, dibujos o esculturas."," Matemáticas,  Química"," Desarrollador/a de software,  Artista digital", Familia,1, Positivo,5, Dificultad en las materias, Tecnología,5,5, Innovar y crear nuevas tecnologías,4, Salud,3, Neutro
5/6/2026 13:44:03,16,Femenino,VICENTE ANDA AGUIRRE,Urbana,Tercero de bachillerato,Español,Universidad,Menos de $500,"Disfruto explorando temas relacionados con arte y belleza visual en diferentes formas de expresión (dibujo, pintura, escultura).",Compartir y recibir retroalimentación sobre tu arte., Biología,Idiomas, Nadie en particular,3, Positivo,4, Dificultad en las materias, Arte,2,3, Desarrollar nuevas ideas artísticas,5, Educación,1, Neutro
5/6/2026 14:44:09,15,Masculico,VICENTE ANDA AGUIRRE,Urbana,Primero de bachillerato,Español,Universidad,Más de $3000,"Me interesa trabajar con herramientas, máquinas y equipos., Encuentro fascinante la ingeniería y cómo se utiliza para diseñar y construir soluciones prácticas a problemas cotidianos y globales.","Aprender sobre nuevos descubrimientos científicos., Explorar nuevas tecnologías y sus impactos en la sociedad., Resolver problemas usando herramientas y software tecnológico."," Matemáticas,  Física", Ingeniero/a civil, Familia,4, Positivo,5, Falta de recursos educativos, Tecnología,5,5, Mejorar la calidad de vida de las personas,5, Energía,5, Neutro
5/6/2026 15:46:33,15,Masculico,VICENTE ANDA AGUIRRE,Urbana,Primero de bachillerato,Español,Universidad,$501 - $1000,"Me interesa investigar fenómenos físicos, biológicos y/o culturales para entender sus causas y efectos., Me gusta leer novelas de detectives y explorar el razonamiento detrás de los casos y las soluciones propuestas.","Analizar datos para encontrar patrones y conclusiones., Analizar datos y realizar interpretaciones estadísticas, Resolver problemas matemáticos y encontrar soluciones eficientes", Física," Ingeniero/a civil,  Matemático/a o estadístico/a", Familia,3, Neutro,4, Falta de recursos educativos, Tecnología,5,4, Innovar y crear nuevas tecnologías,5, Energía,5, Poco informado/a
5/6/2026 16:06:01,16,Masculico,VICENTE ANDA AGUIRRE,Urbana,Segundo de bachillerato,Español,Universidad,$1001 - $2000,"Disfruto arreglando o construyendo cosas físicas (por ejemplo, reparaciones en casa, proyectos de bricolaje)., Disfruto explorando y aprendiendo sobre seres vivos como animales, peces y plantas., Me interesa investigar fenómenos físicos, biológicos y/o culturales para entender sus causas y efectos., Me gusta jugar ajedrez","Analizar datos para encontrar patrones y conclusiones., Aprender sobre nuevos descubrimientos científicos., Diseñar y construir estructuras o dispositivos prácticos., Resolver problemas complejos de manera creativa."," Matemáticas,  Biología,  Química", Investigador/a científico/a, Nadie en particular,2, Neutro,4, Falta de recursos educativos, Salud,4,4, Mejorar la calidad de vida de las personas,3, Educación,5, Neutro
5/6/2026 16:06:30,17,Femenino,VICENTE ANDA AGUIRRE,Urbana,Tercero de bachillerato,Español,Universidad,$501 - $1000,Encuentro fascinante la ingeniería y cómo se utiliza para diseñar y construir soluciones prácticas a problemas cotidianos y globales.,"Resolver problemas complejos de manera creativa., Crear obras artísticas como pinturas, dibujos o esculturas., Compartir y recibir retroalimentación sobre tu arte."," Matemáticas,  Física", Ingeniero/a civil, Nadie en particular,5, Neutro,4, Falta de recursos educativos, Tecnología,5,4, Mejorar la calidad de vida de las personas,3, Educación,5, Neutro
5/6/2026 17:04:02,15,Masculico,VICENTE ANDA AGUIRRE,Urbana,Primero de bachillerato,Español,Universidad,Menos de $500,"Disfruto arreglando o construyendo cosas físicas (por ejemplo, reparaciones en casa, proyectos de bricolaje)., Me siento atraído/a por temas relacionados con mecánica y automóviles., Encuentro fascinante la ingeniería y cómo se utiliza para diseñar y construir soluciones prácticas a problemas cotidianos y globales., Disfruto explorando temas relacionados con ciencia ficción y avances científicos futuristas., Encuentros fascinantes los misterios sin resolver y me gusta buscar soluciones lógicas y científicas para resolverlos.","Analizar datos para encontrar patrones y conclusiones., Aprender sobre nuevos descubrimientos científicos., Explorar nuevas tecnologías y sus impactos en la sociedad., Resolver problemas usando herramientas y software tecnológico., Diseñar y construir estructuras o dispositivos prácticos., Analizar datos y realizar interpretaciones estadísticas, Resolver problemas matemáticos y encontrar soluciones eficientes"," Matemáticas,  Biología,  Física,  Química"," Investigador/a científico/a, ", Nadie en particular,5, Neutro,5, Falta de apoyo familiar, Medio ambiente,2,4, Desarrollar nuevas ideas artísticas,3, Salud,4, Informado/a
5/6/2026 17:25:22,14,Femenino,VICENTE ANDA AGUIRRE,Urbana,Primero de bachillerato,Español,Universidad,$501 - $1000,"Disfruto explorando y aprendiendo sobre seres vivos como animales, peces y plantas., Me gusta jugar ajedrez, Disfruto explorando temas relacionados con arte y belleza visual en diferentes formas de expresión (dibujo, pintura, escultura).",Resolver problemas matemáticos y encontrar soluciones eficientes," Matemáticas,  Física"," Matemático/a o estadístico/a, "," Familia,  Nadie en particular",4, Positivo,5, Dificultad en las materias, Salud,3,3, Mejorar la calidad de vida de las personas,4, Energía,3, Neutro
5/6/2026 18:01:02,14,Femenino,VICENTE ANDA AGUIRRE,Urbana,Primero de bachillerato,Español,Universidad,Menos de $500,"Me gusta jugar ajedrez, Me interesa trabajar con materiales físicos (como pinturas, arcilla, telas) para crear productos artísticos., Disfruto explorando temas relacionados con arte y belleza visual en diferentes formas de expresión (dibujo, pintura, escultura)., Disfruto de actividades artísticas como la música, el teatro o la literatura que involucran la creación de obras y expresiones creativas.","Crear obras artísticas como pinturas, dibujos o esculturas., Compartir y recibir retroalimentación sobre tu arte., Resolver problemas matemáticos y encontrar soluciones eficientes"," Matemáticas,  Arte"," Artista digital, Criminalistica", Familia,3, Positivo,5,Ninguna, Salud,5,5, No estoy seguro(a),5, Salud,5, Muy informado/a
5/6/2026 18:57:59,16,Masculico,VICENTE ANDA AGUIRRE,Urbana,Tercero de bachillerato,Español e inglés ,Universidad,$1001 - $2000,"Encuentro fascinante la ingeniería y cómo se utiliza para diseñar y construir soluciones prácticas a problemas cotidianos y globales., Disfruto de actividades artísticas como la música, el teatro o la literatura que involucran la creación de obras y expresiones creativas.","Analizar datos para encontrar patrones y conclusiones., Aprender sobre nuevos descubrimientos científicos., Resolver problemas usando herramientas y software tecnológico., Resolver problemas complejos de manera creativa.", Química,Programación , Nadie en particular,3, Neutro,5, Dificultad en las materias, Tecnología,3,3, Innovar y crear nuevas tecnologías,4, Educación,4, Neutro
5/6/2026 19:23:04,16,Femenino,VICENTE ANDA AGUIRRE,Urbana,Segundo de bachillerato,Español,Universidad,Menos de $500,"Encuentros fascinantes los misterios sin resolver y me gusta buscar soluciones lógicas y científicas para resolverlos., Me gusta leer novelas de detectives y explorar el razonamiento detrás de los casos y las soluciones propuestas., Disfruto de actividades artísticas como la música, el teatro o la literatura que involucran la creación de obras y expresiones creativas.","Analizar datos para encontrar patrones y conclusiones., Crear obras artísticas como pinturas, dibujos o esculturas."," Física,  Arte",Abogado en leyes penales, Nadie en particular,3, Neutro,3,Aburrirme muy rápido o desobligarme de la carrera , Medio ambiente,1,2, No estoy seguro(a),2, Medio ambiente,1, Neutro
6/6/2026 9:42:03,16,Masculico,VICENTE ANDA AGUIRRE,Urbana,Tercero de bachillerato,Español,Universidad,$501 - $1000,"Me siento atraído/a por temas relacionados con mecánica y automóviles., Me gusta jugar ajedrez, Disfruto explorando temas relacionados con arte y belleza visual en diferentes formas de expresión (dibujo, pintura, escultura).",Resolver problemas usando herramientas y software tecnológico.," Matemáticas,  Física,  Tecnología"," Investigador/a científico/a,  Desarrollador/a de software", Nadie en particular,1, Neutro,4, Dificultad en las materias, Tecnología,4,4, No estoy seguro(a),3, Energía,3, Neutro
6/6/2026 14:46:10,15,Masculico,VICENTE ANDA AGUIRRE,Urbana,Primero de bachillerato,Español,Universidad,$501 - $1000,"Disfruto de actividades artísticas como la música, el teatro o la literatura que involucran la creación de obras y expresiones creativas.",Analizar datos para encontrar patrones y conclusiones., Tecnología, Investigador/a científico/a, Nadie en particular,5, Positivo,5, Dificultad en las materias, Tecnología,1,3, Mejorar la calidad de vida de las personas,1, Educación,5, Nada informado/a
7/6/2026 18:36:06,14,Femenino,VICENTE ANDA AGUIRRE,Urbana,Primero de bachillerato,Español,Universidad,$1001 - $2000,"Me interesa trabajar con herramientas, máquinas y equipos.,","Aprender sobre nuevos descubrimientos científicos., Crear obras artísticas como pinturas, dibujos o esculturas.", Biología," Investigador/a científico/a,  Desarrollador/a de software,  Ingeniero/a civil", Familia,1, Positivo,5, Dificultad en las materias, Salud,1,5, Mejorar la calidad de vida de las personas,5, Energía,1, Informado/a
9/6/2026 21:13:31,17,Femenino,VICENTE ANDA AGUIRRE,Urbana,Tercero de bachillerato,Español,Universidad,$501 - $1000,Me siento atraído/a por temas relacionados con mecánica y automóviles.,Explorar nuevas tecnologías y sus impactos en la sociedad., Biología,Ingenier@ zootecnista , Nadie en particular,2, Neutro,5,Nada, Educación (T/S/A),5,5, Mejorar la calidad de vida de las personas,3, Medio ambiente,4, Neutro
16/6/2026 11:59:52,17,Femenino,VICENTE ANDA AGUIRRE,Urbana,Tercero de bachillerato,Español,Universidad,$501 - $1000,"Disfruto explorando y aprendiendo sobre seres vivos como animales, peces y plantas., Disfruto explorando temas relacionados con ciencia ficción y avances científicos futuristas., Me gusta leer novelas de detectives y explorar el razonamiento detrás de los casos y las soluciones propuestas., Me interesa trabajar con materiales físicos (como pinturas, arcilla, telas) para crear productos artísticos., Disfruto explorando temas relacionados con arte y belleza visual en diferentes formas de expresión (dibujo, pintura, escultura)., Disfruto de actividades artísticas como la música, el teatro o la literatura que involucran la creación de obras y expresiones creativas.","Resolver problemas complejos de manera creativa., Crear obras artísticas como pinturas, dibujos o esculturas., Compartir y recibir retroalimentación sobre tu arte.", Arte," Artista digital, Diseño de moda ", Nadie en particular,4, Positivo,5, Dificultad en las materias, Arte,3,5, Desarrollar nuevas ideas artísticas,3, Salud,4, Neutro
7/6/2026 8:34:58,17,,VICENTE ANDA AGUIRRE,,,,Universidad,Más de $3000,"Disfruto arreglando o construyendo cosas físicas (por ejemplo, reparaciones en casa, proyectos de bricolaje)., Me siento atraído/a por temas relacionados con mecánica y automóviles.","Analizar datos para encontrar patrones y conclusiones., Explorar nuevas tecnologías y sus impactos en la sociedad.", Química, Matemático/a o estadístico/a,,4, Neutro,3,,,,,,,,,
8/6/2026 8:13:45,17,Masculico,VICENTE ANDA AGUIRRE,,,,Universidad,Más de $3000,"Me interesa trabajar con herramientas, máquinas y equipos., Disfruto explorando y aprendiendo sobre seres vivos como animales, peces y plantas., Me gusta jugar ajedrez","Analizar datos para encontrar patrones y conclusiones., Explorar nuevas tecnologías y sus impactos en la sociedad., Crear obras artísticas como pinturas, dibujos o esculturas."," Matemáticas,  Tecnología"," Investigador/a científico/a,  Matemático/a o estadístico/a",,4, Neutro,3,,,,,,,,,
,16,Masculico,LICENCIADO RAFAEL FIALLOS ,Urbana,Primero de bachillerato,Español,Bachillerato,Menos de $500,"Disfruto explorando y aprendiendo sobre seres vivos como animales, peces y plantas.","Aprender sobre nuevos descubrimientos científicos., Crear obras artísticas como pinturas, dibujos o esculturas.",Biologia, Ingeniero/a civil, Familia,5, Neutro,5,,,5,5, Mejorar la calidad de vida de las personas,5, Salud,5, Poco informado/a
,16,Femenino,LICENCIADO RAFAEL FIALLOS ,Urbana,Primero de bachillerato,Español,Secundaria,Menos de $500,"Disfruto explorando y aprendiendo sobre seres vivos como animales, peces y plantas.","Resolver problemas complejos de manera creativa., Crear obras artísticas como pinturas, dibujos o esculturas., Compartir y recibir retroalimentación sobre tu arte.", Física, Ingeniero/a civil, Nadie en particular,3, Positivo,5, Falta de recursos educativos, Medio ambiente,3,4, Innovar y crear nuevas tecnologías,4, Salud,4, Informado/a
,15,Femenino,LICENCIADO RAFAEL FIALLOS ,Urbana,Primero de bachillerato,Español,Bachillerato,Menos de $500,"Disfruto explorando y aprendiendo sobre seres vivos como animales, peces y plantas.,Me gusta leer novelas de detectives y explorar el razonamiento detrás de los casos y las soluciones propuestas., Encuentros fascinantes los misterios sin resolver y me gusta buscar soluciones lógicas y científicas para resolverlos.,","Aprender sobre nuevos descubrimientos científicos.,Resolver problemas usando herramientas y software tecnológico.", Biología,Veterinaria, Familia,5, Positivo,5, Falta de recursos educativos, Medio ambiente,5,5, No estoy seguro(a),5, Energía,5, Poco informado/a
,15,Femenino,LICENCIADO RAFAEL FIALLOS ,Rural,Primero de bachillerato,Español,Postgrado,$501 - $1000,"Disfruto explorando y aprendiendo sobre seres vivos como animales, peces y plantas.",Resolver problemas usando herramientas y software tecnológico., Arte, Desarrollador/a de software, Familia,3, Positivo,1, Dificultad en las materias, Salud,3,4, Mejorar la calidad de vida de las personas,3, Salud,3, Neutro
,15,Femenino,LICENCIADO RAFAEL FIALLOS ,Rural,Primero de bachillerato,Español,Bachillerato,Menos de $500,"Me interesa trabajar con herramientas, máquinas y equipos., Disfruto arreglando o construyendo cosas físicas (por ejemplo, reparaciones en casa, proyectos de bricolaje)., Encuentros fascinantes los misterios sin resolver y me gusta buscar soluciones lógicas y científicas para resolverlos., Me interesa trabajar con materiales físicos (como pinturas, arcilla, telas) para crear productos artísticos., Disfruto explorando temas relacionados con arte y belleza visual en diferentes formas de expresión (dibujo, pintura, escultura)., Disfruto de actividades artísticas como la música, el teatro o la literatura que involucran la creación de obras y expresiones creativas.","Aprender sobre nuevos descubrimientos científicos., Diseñar y construir estructuras o dispositivos prácticos.,Crear obras artísticas como pinturas, dibujos o esculturas.,Compartir y recibir retroalimentación sobre tu arte.", Física, Matemático/a o estadístico/a, Familia,5,Muy positivo,1, Dificultad en las materias, Tecnología,5,5, Contribuir a la sostenibilidad,5, Educación,5, Informado/a
,15,Masculico,LICENCIADO RAFAEL FIALLOS ,Rural,Primero de bachillerato,Español,Bachillerato,$501 - $1000,Me siento atraído/a por temas relacionados con mecánica y automóviles,Aprender sobre nuevos descubrimientos científicos., Química, Investigador/a científico/a, Familia,2, Neutro,3, Falta de recursos educativos, Tecnología,4,3, Mejorar la calidad de vida de las personas,5, Educación,3, Neutro
,16,Masculico,LICENCIADO RAFAEL FIALLOS ,Rural,Primero de bachillerato,Español,Universidad,Más de $3000,"Me interesa trabajar con herramientas, máquinas y equipos.,Me siento atraído/a por temas relacionados con mecánica y automóviles.,Disfruto explorando temas relacionados con ciencia ficción y avances científicos futuristas.,Me interesa trabajar con materiales físicos (como pinturas, arcilla, telas) para crear productos artísticos., Disfruto de actividades artísticas como la música, el teatro o la literatura que involucran la creación de obras y expresiones creativas.",Analizar datos para encontrar patrones y conclusiones., Tecnología,Otro, Familia,3,Muy positivo,5, Dificultad en las materias, Medio ambiente,5,5, Contribuir a la sostenibilidad,3, Energía,5, Muy informado/a
,18,Masculico,LICENCIADO RAFAEL FIALLOS ,Urbana,Primero de bachillerato,Español,Bachillerato,Menos de $500,"Disfruto arreglando o construyendo cosas físicas (por ejemplo, reparaciones en casa, proyectos de bricolaje).",Diseñar y construir estructuras o dispositivos prácticos., Arte,Otro, Nadie en particular,1, Neutro,2, Falta de apoyo familiar, Salud,1,4, No estoy seguro(a),2, Salud,1, Poco informado/a
,14,Femenino,LICENCIADO RAFAEL FIALLOS ,Urbana,Primero de bachillerato,Español,Secundaria,Menos de $500,"Me interesa trabajar con herramientas, máquinas y equipos.,Me siento atraído/a por temas relacionados con mecánica y automóviles.,Disfruto explorando temas relacionados con ciencia ficción y avances científicos futuristas.,Encuentro fascinantes los misterios sin resolver y me gusta buscar soluciones lógicas y científicas para resolverlos.,Me gusta leer novelas de detectives y explorar el razonamiento detrás de los casos y las soluciones propuestas.,Disfruto de actividades artísticas como la música, el teatro o la literatura que involucran la creación de obras y expresiones creativas.","Aprender sobre nuevos descubrimientos científicos.,Explorar nuevas tecnologías y sus impactos en la sociedad.,Resolver problemas usando herramientas y software tecnológico.,Diseñar y construir estructuras o dispositivos prácticos., Analizar datos y realizar interpretaciones estadísticas, Resolver problemas matemáticos y encontrar soluciones eficientes."," Matemáticas, Biología, Física, Química, Tecnología, Arte"," Artista digital,  Investigador/a científico/a, Desarrollador/a de software, Ingeniero/a civil, Matemático/a o estadístico/a", Familia,1, Neutro,5, Dificultad en las materias, Tecnología,5,5, Innovar y crear nuevas tecnologías,3, Salud,5, Neutro
,15,Masculico,LICENCIADO RAFAEL FIALLOS ,Rural,Primero de bachillerato,Español,Bachillerato,Menos de $500,"Encuentros fascinantes los misterios sin resolver y me gusta buscar soluciones lógicas y científicas para resolverlos.,Me interesa trabajar con materiales físicos (como pinturas, arcilla, telas) para crear productos artísticos., Disfruto explorando temas relacionados con arte y belleza visual en diferentes formas de expresión (dibujo, pintura, escultura).","Resolver problemas complejos de manera creativa., Crear obras artísticas como pinturas, dibujos o esculturas., Compartir y recibir retroalimentación sobre tu arte."," Física, Arte"," Artista digital, Actor", Nadie en particular,1, Neutro,1, Falta de recursos educativos, Medio ambiente,3,3, Mejorar la calidad de vida de las personas,5, Salud,3, Informado/a
,18,Femenino,LICENCIADO RAFAEL FIALLOS ,Urbana,Primero de bachillerato,Español,Secundaria,Más de $3000," Disfruto explorando temas relacionados con arte y belleza visual en diferentes formas de expresión (dibujo, pintura, escultura).","Crear obras artísticas como pinturas, dibujos o esculturas., Resolver problemas matemáticos y encontrar soluciones eficientes"," Biología, Arte", Ingeniero/a civil, Familia,4, Positivo,5, Dificultad en las materias, Tecnología,4,4, No estoy seguro(a),2, Educación,2, Poco informado/a
,20,Femenino,LICENCIADO RAFAEL FIALLOS ,Urbana,Primero de bachillerato,Español,Bachillerato,Menos de $500,"Disfruto arreglando o construyendo cosas físicas (por ejemplo, reparaciones en casa, proyectos de bricolaje).,Me siento atraído/a por temas relacionados con mecánica y automóviles.,Encuentro fascinante la ingeniería y cómo se utiliza para diseñar y construir soluciones prácticas a problemas cotidianos y globales.,Me gusta jugar ajedrez","Aprender sobre nuevos descubrimientos científicos.,Explorar nuevas tecnologías y sus impactos en la sociedad.,Resolver problemas usando herramientas y software tecnológico.,Diseñar y construir estructuras o dispositivos prácticos., Analizar datos y realizar interpretaciones estadísticas, Resolver problemas matemáticos y encontrar soluciones eficientes.,Resolver problemas complejos de manera creativa."," Matemáticas, Biología, Física, Química, Tecnología, Arte", Investigador/a científico/a, Nadie en particular,1, Neutro,5, Falta de recursos educativos, Tecnología,5,5, No estoy seguro(a),2,Medio ambiente,3, Informado/a
,14,Masculico,LICENCIADO RAFAEL FIALLOS ,Rural,Primero de bachillerato,Español,Universidad,Menos de $500,Me siento atraído/a por temas relacionados con mecánica y automóviles,Explorar nuevas tecnologías y sus impactos en la sociedad., Biología, Desarrollador/a de software, Familia,4, Positivo,5, Dificultad en las materias, Tecnología,5,5, Mejorar la calidad de vida de las personas,5, Energía,1, Muy informado/a
,15,Femenino,LICENCIADO RAFAEL FIALLOS ,Rural,Primero de bachillerato,Español e inglés ,Universidad,$501 - $1000,"Me gusta jugar ajedrez, Disfruto de actividades artísticas como la música, el teatro o la literatura que involucran la creación de obras y expresiones creativas.","Crear obras artísticas como pinturas, dibujos o esculturas", Arte,Idiomas, Familia,1, Positivo,3, Dificultad en las materias, Salud,3,5, No estoy seguro(a),5,,2, Poco informado/a
,15,Femenino,LICENCIADO RAFAEL FIALLOS ,Urbana,Primero de bachillerato,Español,Bachillerato,Menos de $500,"Disfruto explorando y aprendiendo sobre seres vivos como animales, peces y plantas.",Resolver problemas complejos de manera creativa., Biología, Ingeniero/a civil, Familia,3, Neutro,4, Dificultad en las materias, Medio ambiente,4,3, Innovar y crear nuevas tecnologías,3, Educación,4, Neutro
,14,Femenino,LICENCIADO RAFAEL FIALLOS ,Rural,Primero de bachillerato,Español,Bachillerato,Menos de $500,"Disfruto arreglando o construyendo cosas físicas (por ejemplo, reparaciones en casa, proyectos de bricolaje).,Encuentro fascinante la ingeniería y cómo se utiliza para diseñar y construir soluciones prácticas a problemas cotidianos y globales.,Disfruto explorando temas relacionados con ciencia ficción y avances científicos futuristas.,Me interesa trabajar con materiales físicos (como pinturas, arcilla, telas) para crear productos artísticos.",Aprender sobre nuevos descubrimientos científicos., Biología, Ingeniero/a civil, Familia,2, Positivo,3, Dificultad en las materias, Tecnología,2,3, Contribuir a la sostenibilidad,2, Educación,3, Poco informado/a
,15,Femenino,LICENCIADO RAFAEL FIALLOS ,Urbana,Primero de bachillerato,Español,Bachillerato,$501 - $1000,"Disfruto de actividades artísticas como la música, el teatro o la literatura que involucran la creación de obras y expresiones creativas.",Resolver problemas complejos de manera creativa., Física, Ingeniero/a civil, Familia,1, Neutro,1, Dificultad en las materias, Educación (T/S/A),1,5, No estoy seguro(a),1,Medio ambiente,1, Poco informado/a
,15,Femenino,LICENCIADO RAFAEL FIALLOS ,Urbana,Primero de bachillerato,Español,Bachillerato,$501 - $1000,Encuentro fascinante la ingeniería y cómo se utiliza para diseñar y construir soluciones prácticas a problemas cotidianos y globales.,Resolver problemas matemáticos y encontrar soluciones eficientes, Matemáticas,Otro, Nadie en particular,1, Neutro,5,Otro, Medio ambiente,3,5, Mejorar la calidad de vida de las personas,3,Medio ambiente,3, Neutro
,17,Masculico,LICENCIADO RAFAEL FIALLOS ,Urbana,Primero de bachillerato,Español,Primaria,Menos de $500,"Disfruto arreglando o construyendo cosas físicas (por ejemplo, reparaciones en casa, proyectos de bricolaje).,Disfruto explorando y aprendiendo sobre seres vivos como animales, peces y plantas., Me interesa trabajar con materiales físicos (como pinturas, arcilla, telas) para crear productos artísticos.,Disfruto de actividades artísticas como la música, el teatro o la literatura que involucran la creación de obras y expresiones creativas.","Aprender sobre nuevos descubrimientos científicos., Crear obras artísticas como pinturas, dibujos o esculturas., Analizar datos y realizar interpretaciones estadísticas.", Física, Artista digital, Familia,5, Positivo,5, Falta de recursos educativos, Arte,5,5, Mejorar la calidad de vida de las personas,5, Educación,5, Neutro
,15,Femenino,LICENCIADO RAFAEL FIALLOS ,Urbana,Primero de bachillerato,Español,Primaria,$2000 - $3000,"Me interesa trabajar con herramientas, máquinas y equipos., Me siento atraído/a por temas relacionados con mecánica y automóviles., Disfruto explorando y aprendiendo sobre seres vivos como animales, peces y plantas., Me interesa investigar fenómenos físicos, biológicos y/o culturales para entender sus causas y efectos., Me gusta jugar ajedrez.,Disfruto explorando temas relacionados con ciencia ficción y avances científicos futuristas., Me gusta leer novelas de detectives y explorar el razonamiento detrás de los casos y las soluciones propuestas.,Me interesa trabajar con materiales físicos (como pinturas, arcilla, telas) para crear productos artísticos., Disfruto explorando temas relacionados con arte y belleza visual en diferentes formas de expresión (dibujo, pintura, escultura)., Disfruto de actividades artísticas como la música, el teatro o la literatura que involucran la creación de obras y expresiones creativas.","Crear obras artísticas como pinturas, dibujos o esculturas., Compartir y recibir retroalimentación sobre tu arte., Resolver problemas matemáticos y encontrar soluciones eficientes.", Arte, Ingeniero/a civil, Familia,3, Positivo,2, Falta de apoyo familiar, Medio ambiente,4,5, Contribuir a la sostenibilidad,2, Educación,3, Informado/a
,14,Femenino,LICENCIADO RAFAEL FIALLOS ,Rural,Primero de bachillerato,Español,Primaria,Menos de $500,"Me interesa trabajar con materiales físicos (como pinturas, arcilla, telas) para crear productos artísticos., Disfruto de actividades artísticas como la música, el teatro o la literatura que involucran la creación de obras y expresiones creativas.","Diseñar y construir estructuras o dispositivos prácticos., Crear obras artísticas como pinturas, dibujos o esculturas.,Compartir y recibir retroalimentación sobre tu arte.", Arte, Artista digital, Familia,2, Neutro,1, Falta de recursos educativos, Salud,3,1, Mejorar la calidad de vida de las personas,1, Salud,1, Neutro
,15,Femenino,LICENCIADO RAFAEL FIALLOS ,Urbana,Primero de bachillerato,Español,Postgrado,$501 - $1000,"Me interesa investigar fenómenos físicos, biológicos y/o culturales para entender sus causas y efectos.",Explorar nuevas tecnologías y sus impactos en la sociedad., Física, Ingeniero/a civil, Nadie en particular,3, Neutro,5, Dificultad en las materias, Medio ambiente,4,3, Contribuir a la sostenibilidad,3,Medio ambiente,5, Informado/a
,16,Femenino,LICENCIADO RAFAEL FIALLOS ,Urbana,Primero de bachillerato,Español,Secundaria,$501 - $1000,"Disfruto explorando y aprendiendo sobre seres vivos como animales, peces y plantas.,Encuentros fascinantes los misterios sin resolver y me gusta buscar soluciones lógicas y científicas para resolverlos.,Disfruto explorando temas relacionados con arte y belleza visual en diferentes formas de expresión (dibujo, pintura, escultura).","Crear obras artísticas como pinturas, dibujos o esculturas.", Arte,Ginecologa, Familia,2, Neutro,5, Dificultad en las materias, Salud,3,5, Mejorar la calidad de vida de las personas,3, Salud,4, Muy informado/a
,15,Femenino,LICENCIADO RAFAEL FIALLOS ,Urbana,Primero de bachillerato,Español,Universidad,$1001 - $2000,Encuentro fascinantes los misterios sin resolver y me gusta buscar soluciones lógicas y científicas para resolverlos.,Resolver problemas matemáticos y encontrar soluciones eficientes., Física, Investigador/a científico/a, Familia,3, Positivo,5, Dificultad en las materias, Educación (T/S/A),4,5, No estoy seguro(a),3, Salud,2, Neutro
,15,Masculico,LICENCIADO RAFAEL FIALLOS ,Urbana,Primero de bachillerato,Español,Bachillerato,$1001 - $2000,"Me interesa trabajar con materiales físicos (como pinturas, arcilla, telas) para crear productos artísticos., Me interesa trabajar con materiales físicos (como pinturas, arcilla, telas) para crear productos artísticos.,Me interesa trabajar con materiales físicos (como pinturas, arcilla, telas) para crear productos artísticos., Disfruto de actividades artísticas como la música, el teatro o la literatura que involucran la creación de obras y expresiones creativas.","Crear obras artísticas como pinturas, dibujos o esculturas.", Arte, Artista digital, Familia,1, Negativo,5, Dificultad en las materias, Arte,5,1, Mejorar la calidad de vida de las personas,1, Energía,1, Informado/a
,16,Masculico,LICENCIADO RAFAEL FIALLOS ,Urbana,Primero de bachillerato,Español,Universidad,$2000 - $3000,"Me interesa trabajar con materiales físicos (como pinturas, arcilla, telas) para crear productos artísticos.,Disfruto explorando temas relacionados con arte y belleza visual en diferentes formas de expresión (dibujo, pintura, escultura).,Disfruto de actividades artísticas como la música, el teatro o la literatura que involucran la creación de obras y expresiones creativas.","Crear obras artísticas como pinturas, dibujos o esculturas.", Arte, Artista digital, Nadie en particular,1, Neutro,1, Dificultad en las materias,,1,1, No estoy seguro(a),1,,1, Nada informado/a
,15,Femenino,LICENCIADO RAFAEL FIALLOS ,Urbana,Primero de bachillerato,Español,Secundaria,Menos de $500,"Disfruto explorando temas relacionados con arte y belleza visual en diferentes formas de expresión (dibujo, pintura, escultura).",Resolver problemas complejos de manera creativa., Biología, Investigador/a científico/a, Familia,5, Positivo,5, Falta de recursos educativos, Salud,5,5, Mejorar la calidad de vida de las personas,5, Salud,5, Informado/a
,15,Masculico,LICENCIADO RAFAEL FIALLOS ,Urbana,Primero de bachillerato,Español,Secundaria,Menos de $500,"Disfruto de actividades artísticas como la música, el teatro o la literatura que involucran la creación de obras y expresiones creativas.","Crear obras artísticas como pinturas, dibujos o esculturas.", Física, Artista digital, Familia,1, Positivo,5, Falta de recursos educativos, Arte,5,5, Desarrollar nuevas ideas artísticas,1, Educación,5, Poco informado/a
,16,Masculico,LICENCIADO RAFAEL FIALLOS ,Urbana,Primero de bachillerato,Español,Bachillerato,$1001 - $2000,"Disfruto explorando y aprendiendo sobre seres vivos como animales, peces y plantas.",Explorar nuevas tecnologías y sus impactos en la sociedad.,Tecnología,Otro, Familia,5, Neutro,5, Falta de recursos educativos, Medio ambiente,3,3, No estoy seguro(a),3, Salud,3, Neutro
,17,Masculico,LICENCIADO RAFAEL FIALLOS ,Urbana,Primero de bachillerato,Español,Primaria,Menos de $500,"Me interesa trabajar con herramientas, máquinas y equipos.,Me siento atraído/a por temas relacionados con mecánica y automóviles.,Disfruto explorando temas relacionados con ciencia ficción y avances científicos futuristas.,Me interesa trabajar con materiales físicos (como pinturas, arcilla, telas) para crear productos artísticos., Disfruto de actividades artísticas como la música, el teatro o la literatura que involucran la creación de obras y expresiones creativas.",Diseñar y construir estructuras o dispositivos prácticos.,Física, Ingeniero/a civil, Familia,4, Neutro,4, Dificultad en las materias,Educación (T/S/A),3,3, Mejorar la calidad de vida de las personas,2, Educación,2, Muy informado/a
,14,Femenino,LICENCIADO RAFAEL FIALLOS ,Rural,Primero de bachillerato,Español,Universidad,Menos de $500,"Disfruto explorando y aprendiendo sobre seres vivos como animales, peces y plantas.","Crear obras artísticas como pinturas, dibujos o esculturas.",Biología, Desarrollador/a de software, Nadie en particular,3, Positivo,4,Falta de oportunidades, Tecnología,5,4, Innovar y crear nuevas tecnologías,3, Educación,4, Neutro
,15,Masculico,LICENCIADO RAFAEL FIALLOS ,Urbana,Primero de bachillerato,Español,Bachillerato,Menos de $500,"Disfruto explorando y aprendiendo sobre seres vivos como animales, peces y plantas.,Me interesa investigar fenómenos físicos, biológicos y/o culturales para entender sus causas y efectos.",Aprender sobre nuevos descubrimientos científicos.,Física, Investigador/a científico/a, Familia,4, Positivo,5, Dificultad en las materias, Medio ambiente,3,5, Mejorar la calidad de vida de las personas,5, Salud,5, Muy informado/a
,15,Masculico,LICENCIADO RAFAEL FIALLOS ,Urbana,Primero de bachillerato,Español,Bachillerato,Menos de $500,"Me interesa trabajar con herramientas, máquinas y equipos.,Encuentro fascinante la ingeniería y cómo se utiliza para diseñar y construir soluciones prácticas a problemas cotidianos y globales.,Me gusta jugar ajedrez.","Aprender sobre nuevos descubrimientos científicos.,Explorar nuevas tecnologías y sus impactos en la sociedad.,Diseñar y construir estructuras o dispositivos prácticos.",Física, Investigador/a científico/a, Nadie en particular,4, Positivo,5, Dificultad en las materias, Medio ambiente,4,5, Mejorar la calidad de vida de las personas,5, Educación,5, Neutro
,15,Masculico,LICENCIADO RAFAEL FIALLOS ,Urbana,Primero de bachillerato,Español,Bachillerato,Menos de $500,"Encuentro fascinante la ingeniería y cómo se utiliza para diseñar y construir soluciones prácticas a problemas cotidianos y globales.,Me gusta jugar ajedrez.","Explorar nuevas tecnologías y sus impactos en la sociedad.,Diseñar y construir estructuras o dispositivos prácticos.",Biología, Investigador/a científico/a, Familia,4, Positivo,5, Dificultad en las materias, Medio ambiente,1,5, Mejorar la calidad de vida de las personas,5, Salud,5, Neutro
,16,Femenino,LICENCIADO RAFAEL FIALLOS ,Urbana,Segundo de bachillerato,Español,Bachillerato,Menos de $500,Encuentro fascinante la ingeniería y cómo se utiliza para diseñar y construir soluciones prácticas a problemas cotidianos y globales.,"Explorar nuevas tecnologías y sus impactos en la sociedad.,Resolver problemas complejos de manera creativa.",Matemáticas, Ingeniero/a civil, Familia,5, Positivo,5, Dificultad en las materias, Tecnología,3,3, Contribuir a la sostenibilidad,3, Educación,4, Informado/a
,16,Femenino,LICENCIADO RAFAEL FIALLOS ,Urbana,Segundo de bachillerato,Español,Primaria,Menos de $500,"Me interesa investigar fenómenos físicos, biológicos y/o culturales para entender sus causas y efectos.","Analizar datos para encontrar patrones y conclusiones.,Aprender sobre nuevos descubrimientos científicos.",Biología,Criminologia, Familia,1, Positivo,1, Dificultad en las materias, Salud,5,5, Mejorar la calidad de vida de las personas,5, Salud,5, Poco informado/a
,16,Masculico,LICENCIADO RAFAEL FIALLOS ,Urbana,Segundo de bachillerato,Español,Bachillerato,Menos de $500,"Me interesa trabajar con herramientas, máquinas y equipos.,Disfruto arreglando o construyendo cosas físicas (por ejemplo, reparaciones en casa, proyectos de bricolaje).,Disfruto explorando y aprendiendo sobre seres vivos como animales, peces y plantas.,Me interesa investigar fenómenos físicos, biológicos y/o culturales para entender sus causas y efectos.,Disfruto explorando temas relacionados con ciencia ficción y avances científicos futuristas.,Encuentro fascinantes los misterios sin resolver y me gusta buscar soluciones lógicas y científicas para resolverlos.,Me interesa trabajar con materiales físicos (como pinturas, arcilla, telas) para crear productos artísticos.","Aprender sobre nuevos descubrimientos científicos.,Explorar nuevas tecnologías y sus impactos en la sociedad.,Resolver problemas usando herramientas y software tecnológico.,Diseñar y construir estructuras o dispositivos prácticos.,Resolver problemas complejos de manera creativa.,Resolver problemas matemáticos y encontrar soluciones eficientes.",Matemáticas, Investigador/a científico/a, Nadie en particular,1, Neutro,1, Dificultad en las materias, Arte,1,5, Mejorar la calidad de vida de las personas,3, Educación,1, Nada informado/a
,16,Masculico,LICENCIADO RAFAEL FIALLOS ,Urbana,Segundo de bachillerato,Español,Bachillerato,Menos de $500,"Me interesa investigar fenómenos físicos, biológicos y/o culturales para entender sus causas y efectos.","Aprender sobre nuevos descubrimientos científicos.,Explorar nuevas tecnologías y sus impactos en la sociedad.",Biología, Ingeniero/a civil, Familia,3, Muy negativo,3, Falta de recursos educativos, Salud,3,3, Mejorar la calidad de vida de las personas,3, Educación,3, Poco informado/a
,16,Femenino,LICENCIADO RAFAEL FIALLOS ,Rural,Segundo de bachillerato,Español,Bachillerato,$2000 - $3000,"Me siento atraído/a por temas relacionados con mecánica y automóviles.,Me interesa trabajar con materiales físicos (como pinturas, arcilla, telas) para crear productos artísticos.","Resolver problemas usando herramientas y software tecnológico.,Crear obras artísticas como pinturas, dibujos o esculturas.",Arte, Ingeniero/a civil, Familia,5, Positivo,3, Dificultad en las materias, Tecnología,5,5, Mejorar la calidad de vida de las personas,5, Energía,5, Informado/a
,16,Masculico,LICENCIADO RAFAEL FIALLOS ,Urbana,Segundo de bachillerato,Español,Universidad,$501 - $1000,"Disfruto arreglando o construyendo cosas físicas (por ejemplo, reparaciones en casa, proyectos de bricolaje).,Me siento atraído/a por temas relacionados con mecánica y automóviles.,Encuentro fascinante la ingeniería y cómo se utiliza para diseñar y construir soluciones prácticas a problemas cotidianos y globales., Me gusta leer novelas de detectives y explorar el razonamiento detrás de los casos y las soluciones propuestas.,Me interesa trabajar con materiales físicos (como pinturas, arcilla, telas) para crear productos artísticos.,Disfruto explorando temas relacionados con arte y belleza visual en diferentes formas de expresión (dibujo, pintura, escultura).,Disfruto de actividades artísticas como la música, el teatro o la literatura que involucran la creación de obras y expresiones creativas.","Analizar datos para encontrar patrones y conclusiones.,Diseñar y construir estructuras o dispositivos prácticos.,Resolver problemas complejos de manera creativa.,Crear obras artísticas como pinturas, dibujos o esculturas.,Resolver problemas matemáticos y encontrar soluciones eficientes.","Matemáticas,Física",Ingeniero/a civil, Familia,3, Neutro,5, Falta de recursos educativos, Tecnología,4,5, Innovar y crear nuevas tecnologías,3, Transporte,4, Neutro
,18,Masculico,LICENCIADO RAFAEL FIALLOS ,Rural,Segundo de bachillerato,Español,Primaria,Menos de $500,"Me interesa trabajar con herramientas, máquinas y equipos.,Me siento atraído/a por temas relacionados con mecánica y automóviles.","Diseñar y construir estructuras o dispositivos prácticos.,Compartir y recibir retroalimentación sobre tu arte.",Biología,Mecánico Automotriz, Familia,3, Positivo,3, Falta de recursos educativos, Tecnología,3,2, Mejorar la calidad de vida de las personas,3, Educación,2, Informado/a
,15,Masculico,LICENCIADO RAFAEL FIALLOS ,Urbana,Segundo de bachillerato,Español,Primaria,Menos de $500,"Me interesa trabajar con herramientas, máquinas y equipos.,Me interesa trabajar con materiales físicos (como pinturas, arcilla, telas) para crear productos artísticos.,Disfruto de actividades artísticas como la música, el teatro o la literatura que involucran la creación de obras y expresiones creativas.","Resolver problemas complejos de manera creativa.,Crear obras artísticas como pinturas, dibujos o esculturas.,Resolver problemas matemáticos y encontrar soluciones eficientes.",Biología, Artista digital, Familia,1, Positivo,5, Dificultad en las materias,Salud,1,2, No estoy seguro(a),4, Educación,1, Informado/a
,16,Femenino,LICENCIADO RAFAEL FIALLOS ,Urbana,Segundo de bachillerato,Español,Primaria,$501 - $1000,"Encuentro fascinante la ingeniería y cómo se utiliza para diseñar y construir soluciones prácticas a problemas cotidianos y globales.,Me interesa investigar fenómenos físicos, biológicos y/o culturales para entender sus causas y efectos.","Aprender sobre nuevos descubrimientos científicos.,Resolver problemas usando herramientas y software tecnológico.",Biología,Criminologia, Nadie en particular,5, Neutro,2, Falta de recursos educativos, Salud,5,5, No estoy seguro(a),5, Educación,5, Neutro
,16,Masculico,LICENCIADO RAFAEL FIALLOS ,Urbana,Segundo de bachillerato,Español,Universidad,$1001 - $2000,"Me interesa trabajar con herramientas, máquinas y equipos.,Me siento atraído/a por temas relacionados con mecánica y automóviles.,Disfruto explorando y aprendiendo sobre seres vivos como animales, peces y plantas.,Me gusta jugar ajedrez.,Disfruto de actividades artísticas como la música, el teatro o la literatura que involucran la creación de obras y expresiones creativas.","Analizar datos para encontrar patrones y conclusiones.,Explorar nuevas tecnologías y sus impactos en la sociedad.,Compartir y recibir retroalimentación sobre tu arte.,Resolver problemas matemáticos y encontrar soluciones eficientes.",Arte, Artista digital, Nadie en particular,5, Positivo,5, Dificultad en las materias,Arte,5,5, No estoy seguro(a),5, Educación,5,Muy Informado/a
,15,Femenino,LICENCIADO RAFAEL FIALLOS ,Rural,Segundo de bachillerato,Español,Secundaria,$1001 - $2000,"Encuentro fascinantes los misterios sin resolver y me gusta buscar soluciones lógicas y científicas para resolverlos.,Me gusta leer novelas de detectives y explorar el razonamiento detrás de los casos y las soluciones propuestas.,Disfruto de actividades artísticas como la música, el teatro o la literatura que involucran la creación de obras y expresiones creativas.","Analizar datos para encontrar patrones y conclusiones.,Explorar nuevas tecnologías y sus impactos en la sociedad.,Resolver problemas usando herramientas y software tecnológico.,Diseñar y construir estructuras o dispositivos prácticos.","Biología, Química", Desarrollador/a de software, Familia,5,Muy positivo,3,Otro,Tecnología,5,5, Mejorar la calidad de vida de las personas,4,Salud,4,Muy Informado/a
,15,Femenino,LICENCIADO RAFAEL FIALLOS ,Rural,Segundo de bachillerato,Español,Primaria,Menos de $500,"Disfruto explorando y aprendiendo sobre seres vivos como animales, peces y plantas.",Explorar nuevas tecnologías y sus impactos en la sociedad.,Biología, Artista digital, Familia,5, Neutro,4, Falta de apoyo familiar, Medio ambiente,1,4, Desarrollar nuevas ideas artísticas,4,Educación,4,Poco informado/a
,18,Masculico,LICENCIADO RAFAEL FIALLOS ,Urbana,Segundo de bachillerato,Español,Bachillerato,$1001 - $2000,"Me interesa trabajar con herramientas, máquinas y equipos.","Aprender sobre nuevos descubrimientos científicos.,Diseñar y construir estructuras o dispositivos prácticos.",Arte, Investigador/a científico/a, Familia,3, Neutro,3,Otro,Tecnología,3,4, Innovar y crear nuevas tecnologías,3,Energía,3, Informado/a
,15,Masculico,LICENCIADO RAFAEL FIALLOS ,Rural,Segundo de bachillerato,Español,Bachillerato,Menos de $500,"Me interesa trabajar con herramientas, máquinas y equipos.",Resolver problemas usando herramientas y software tecnológico.,Química, Desarrollador/a de software, Familia,3,Muy positivo,2, Dificultad en las materias,Medio ambiente,3,5, Mejorar la calidad de vida de las personas,4,Energía,2, Informado/a
,15,Femenino,LICENCIADO RAFAEL FIALLOS ,Urbana,Segundo de bachillerato,Español,Postgrado,$501 - $1000,"Disfruto arreglando o construyendo cosas físicas (por ejemplo, reparaciones en casa, proyectos de bricolaje).","Crear obras artísticas como pinturas, dibujos o esculturas.",Arte, Investigador/a científico/a, Familia,5, Neutro,4, Dificultad en las materias,Tecnología,4,4, No estoy seguro(a),4,Energía,3, Neutro
,17,Masculico,LICENCIADO RAFAEL FIALLOS ,Rural,Segundo de bachillerato,Español,Bachillerato,$501 - $1000,"Disfruto arreglando o construyendo cosas físicas (por ejemplo, reparaciones en casa, proyectos de bricolaje).,Me siento atraído/a por temas relacionados con mecánica y automóviles.,Me gusta jugar ajedrez.,Disfruto explorando temas relacionados con ciencia ficción y avances científicos futuristas.,Me interesa trabajar con materiales físicos (como pinturas, arcilla, telas) para crear productos artísticos.,Disfruto explorando temas relacionados con arte y belleza visual en diferentes formas de expresión (dibujo, pintura, escultura).","Resolver problemas usando herramientas y software tecnológico.,Resolver problemas complejos de manera creativa.,Crear obras artísticas como pinturas, dibujos o esculturas.","Matemáticas, Biología, Arte",Artista digital, Familia,5, Positivo,5, Dificultad en las materias,Educación (T/S/A),5,5, Mejorar la calidad de vida de las personas,5,Transporte,5,Poco informado/a
,17,Masculico,LICENCIADO RAFAEL FIALLOS ,Urbana,Segundo de bachillerato,Español,Bachillerato,$501 - $1000,"Me interesa trabajar con herramientas, máquinas y equipos.,Me siento atraído/a por temas relacionados con mecánica y automóviles.",Aprender sobre nuevos descubrimientos científicos.,Tecnología,Ingeniero/a civil, Familia,2, Positivo,1, Dificultad en las materias,Tecnología,5,3, Mejorar la calidad de vida de las personas,2,Salud,2, Neutro
,18,Masculico,LICENCIADO RAFAEL FIALLOS ,Urbana,Segundo de bachillerato,Español,Secundaria,$501 - $1000,"Disfruto arreglando o construyendo cosas físicas (por ejemplo, reparaciones en casa, proyectos de bricolaje).,Disfruto explorando y aprendiendo sobre seres vivos como animales, peces y plantas.",Aprender sobre nuevos descubrimientos científicos.,Arte,Artista digital, Nadie en particular,3,Positivo,4, Dificultad en las materias,Arte,4,4, Mejorar la calidad de vida de las personas,3,Salud,4,Informado/a
,17,Femenino,LICENCIADO RAFAEL FIALLOS ,Urbana,Segundo de bachillerato,Español,Bachillerato,$501 - $1000,"Disfruto explorando y aprendiendo sobre seres vivos como animales, peces y plantas.,Disfruto explorando temas relacionados con arte y belleza visual en diferentes formas de expresión (dibujo, pintura, escultura).,Disfruto de actividades artísticas como la música, el teatro o la literatura que involucran la creación de obras y expresiones creativas.","Analizar datos para encontrar patrones y conclusiones.,Aprender sobre nuevos descubrimientos científicos.",Biología,Ingeniero/a civil, Nadie en particular,3,Neutro,3, Falta de apoyo familiar,Salud,5,4, Mejorar la calidad de vida de las personas,4,Educación,4,Informado/a
,15,Masculico,LICENCIADO RAFAEL FIALLOS ,Urbana,Segundo de bachillerato,Español,Primaria,$501 - $1000,"Me interesa trabajar con herramientas, máquinas y equipos.,Me siento atraído/a por temas relacionados con mecánica y automóviles.,Encuentro fascinantes los misterios sin resolver y me gusta buscar soluciones lógicas y científicas para resolverlos.","Aprender sobre nuevos descubrimientos científicos.,Explorar nuevas tecnologías y sus impactos en la sociedad.,Resolver problemas usando herramientas y software tecnológico.,Resolver problemas matemáticos y encontrar soluciones eficientes.",Física,Ingeniero/a civil, Familia,5,Positivo,5, Falta de recursos educativos,Medio ambiente,4,4, Mejorar la calidad de vida de las personas,1,Energía,4,Poco informado/a
,16,Femenino,LICENCIADO RAFAEL FIALLOS ,Rural,Tercero de bachillerato,Español,Primaria,Menos de $500,"Disfruto arreglando o construyendo cosas físicas (por ejemplo, reparaciones en casa, proyectos de bricolaje).,Disfruto explorando y aprendiendo sobre seres vivos como animales, peces y plantas.,Me interesa investigar fenómenos físicos, biológicos y/o culturales para entender sus causas y efectos.,Disfruto explorando temas relacionados con ciencia ficción y avances científicos futuristas.,Me interesa trabajar con materiales físicos (como pinturas, arcilla, telas) para crear productos artísticos.,Disfruto explorando temas relacionados con arte y belleza visual en diferentes formas de expresión (dibujo, pintura, escultura).,Disfruto de actividades artísticas como la música, el teatro o la literatura que involucran la creación de obras y expresiones creativas.","Aprender sobre nuevos descubrimientos científicos.,Explorar nuevas tecnologías y sus impactos en la sociedad.,Crear obras artísticas como pinturas, dibujos o esculturas.","Biología,Tecnología,Arte", Investigador/a científico/a, Nadie en particular,4,Positivo,4, Dificultad en las materias,Tecnología,4,4, Contribuir a la sostenibilidad,3,Educación,5,Informado/a
,17,Femenino,LICENCIADO RAFAEL FIALLOS ,Urbana,Tercero de bachillerato,Español,Bachillerato,Menos de $500,"Me interesa trabajar con herramientas, máquinas y equipos.,Disfruto explorando y aprendiendo sobre seres vivos como animales, peces y plantas.,Me gusta jugar ajedrez.","Aprender sobre nuevos descubrimientos científicos.,Resolver problemas usando herramientas y software tecnológico.",Biología,Ingeniero/a civil, Familia,4,Positivo,5, Dificultad en las materias,Salud,5,5, Desarrollar nuevas ideas artísticas,4,Energía,4,Poco informado/a
,17,Femenino,LICENCIADO RAFAEL FIALLOS ,Urbana,Tercero de bachillerato,Español,Secundaria,$1001 - $2000,"Me gusta leer novelas de detectives y explorar el razonamiento detrás de los casos y las soluciones propuestas.,Disfruto explorando temas relacionados con arte y belleza visual en diferentes formas de expresión (dibujo, pintura, escultura).",Explorar nuevas tecnologías y sus impactos en la sociedad.,Tecnología,Artista digital, Nadie en particular,4,Neutro,3, Dificultad en las materias,Tecnología,3,3, No estoy seguro(a),4,Salud,4,Informado/a
,17,Femenino,LICENCIADO RAFAEL FIALLOS ,Urbana,Tercero de bachillerato,Español,Bachillerato,$1001 - $2000,"Disfruto explorando temas relacionados con ciencia ficción y avances científicos futuristas.,Encuentro fascinantes los misterios sin resolver y me gusta buscar soluciones lógicas y científicas para resolverlos.,Me gusta leer novelas de detectives y explorar el razonamiento detrás de los casos y las soluciones propuestas.",Aprender sobre nuevos descubrimientos científicos.,Biología,Criminologia, Nadie en particular,4,Neutro,4, Dificultad en las materias,Salud,4,5, No estoy seguro(a),5,Salud,1,Informado/a
,17,Femenino,LICENCIADO RAFAEL FIALLOS ,Rural,Tercero de bachillerato,Español,Postgrado,$501 - $1000,"Disfruto arreglando o construyendo cosas físicas (por ejemplo, reparaciones en casa, proyectos de bricolaje).,Me interesa investigar fenómenos físicos, biológicos y/o culturales para entender sus causas y efectos.,",Diseñar y construir estructuras o dispositivos prácticos.,Biología,Otro, Familia,3,Neutro,5,Otro,Salud,4,4, Mejorar la calidad de vida de las personas,4,Salud,2,Neutro
,18,Femenino,LICENCIADO RAFAEL FIALLOS ,Urbana,Tercero de bachillerato,Español,Primaria,Menos de $500,"Disfruto explorando y aprendiendo sobre seres vivos como animales, peces y plantas.,Me interesa trabajar con materiales físicos (como pinturas, arcilla, telas) para crear productos artísticos.","Crear obras artísticas como pinturas, dibujos o esculturas.",Biología,Otro, Familia,1,Muy positivo,1, Falta de apoyo familiar,Medio ambiente,3,3,No estoy seguro(a),1,Medio ambiente,3,Poco informado/a
,17,Masculico,LICENCIADO RAFAEL FIALLOS ,Urbana,Tercero de bachillerato,Español,Primaria,Menos de $500,Me siento atraído/a por temas relacionados con mecánica y automóviles.,Explorar nuevas tecnologías y sus impactos en la sociedad.,Tecnología,Agronomia,Familia,1,Muy negativo,1, Falta de recursos educativos,Medio ambiente,1,5, Contribuir a la sostenibilidad,5,Salud,1,Muy Informado/a
,17,Masculico,LICENCIADO RAFAEL FIALLOS ,Urbana,Tercero de bachillerato,Español,Bachillerato,$501 - $1000,"Me interesa trabajar con herramientas, máquinas y equipos.,Encuentro fascinante la ingeniería y cómo se utiliza para diseñar y construir soluciones prácticas a problemas cotidianos y globales.,Encuentro fascinantes los misterios sin resolver y me gusta buscar soluciones lógicas y científicas para resolverlos.","Analizar datos para encontrar patrones y conclusiones.,Explorar nuevas tecnologías y sus impactos en la sociedad.,Diseñar y construir estructuras o dispositivos prácticos.",Física,Investigador/a cientifico/a,Familia,3,Neutro,5,Dificultad en las materias,Tecnología,5,5, Mejorar la calidad de vida de las personas,3,Salud,4,Neutro
,17,Femenino,LICENCIADO RAFAEL FIALLOS ,Urbana,Tercero de bachillerato,Español,Secundaria,Menos de $500,"Me siento atraído/a por temas relacionados con mecánica y automóviles.,Disfruto explorando y aprendiendo sobre seres vivos como animales, peces y plantas.,Me interesa trabajar con materiales físicos (como pinturas, arcilla, telas) para crear productos artísticos.,Disfruto explorando temas relacionados con arte y belleza visual en diferentes formas de expresión (dibujo, pintura, escultura).,Disfruto de actividades artísticas como la música, el teatro o la literatura que involucran la creación de obras y expresiones creativas.","Aprender sobre nuevos descubrimientos científicos.,Diseñar y construir estructuras o dispositivos prácticos.,Crear obras artísticas como pinturas, dibujos o esculturas.,Compartir y recibir retroalimentación sobre tu arte.","Biología,Tecnología,Arte",Ingenieria Automotriz,Nadie en particular,3,Muy positivo,5,Dificultad en las materias,Arte,5,5,Innovar y crear nuevas tecnologías,3,Salud,5,Informado/a
,15,Femenino,LICENCIADO RAFAEL FIALLOS ,Urbana,Primero de bachillerato,Español,Bachillerato,$501 - $1000,"Disfruto explorando y aprendiendo sobre seres vivos como animales, peces y plantas.",Aprender sobre nuevos descubrimientos científicos.,Arte,Otro,Familia,2,Muy positivo,5,Otro,Medio ambiente,3,3, Mejorar la calidad de vida de las personas,5,Educación,4,Neutro
,16,Femenino,LICENCIADO RAFAEL FIALLOS ,Urbana,Tercero de bachillerato,Español,Bachillerato,Menos de $500,"Disfruto explorando y aprendiendo sobre seres vivos como animales, peces y plantas.,Me interesa investigar fenómenos físicos, biológicos y/o culturales para entender sus causas y efectos.",Aprender sobre nuevos descubrimientos científicos.,Biología,Psicologia,Familia,3,Negativo,1,Dificultad en las materias,Medio ambiente,1,5,No estoy seguro(a),3,Educación,1,Poco informado/a
,17,Femenino,LICENCIADO RAFAEL FIALLOS ,Rural,Tercero de bachillerato,Español,Bachillerato,$501 - $1000,"Disfruto explorando y aprendiendo sobre seres vivos como animales, peces y plantas.,Me interesa investigar fenómenos físicos, biológicos y/o culturales para entender sus causas y efectos.,Encuentro fascinantes los misterios sin resolver y me gusta buscar soluciones lógicas y científicas para resolverlos.","Analizar datos para encontrar patrones y conclusiones.,Resolver problemas complejos de manera creativa.,Analizar datos y realizar interpretaciones estadísticas.,Resolver problemas matemáticos y encontrar soluciones eficientes."," Matemáticas, Biología, Física, Química",medicina ,Nadie en particular,3,Neutro,5,Otro,Salud,4,4,Mejorar la calidad de vida de las personas,4,Salud,3,Neutro
,17,Masculico,LICENCIADO RAFAEL FIALLOS ,Urbana,Tercero de bachillerato,Español,Bachillerato,$1001 - $2000,"Me interesa investigar fenómenos físicos, biológicos y/o culturales para entender sus causas y efectos.,Me interesa trabajar con materiales físicos (como pinturas, arcilla, telas) para crear productos artísticos.","Crear obras artísticas como pinturas, dibujos o esculturas.,Compartir y recibir retroalimentación sobre tu arte.",Arte,Artista digital,Familia,4,Positivo,3,Dificultad en las materias,Arte,3,4,Mejorar la calidad de vida de las personas,3,Educación,2,Informado/a
,17,Femenino,LICENCIADO RAFAEL FIALLOS ,Urbana,Tercero de bachillerato,Español,Primaria,$501 - $1000,"Disfruto explorando y aprendiendo sobre seres vivos como animales, peces y plantas.,Me interesa investigar fenómenos físicos, biológicos y/o culturales para entender sus causas y efectos.",Aprender sobre nuevos descubrimientos científicos.,Biología,Matemático/a estadístico/a,Familia,3,Positivo,3,Falta de apoyo familiar,Salud,3,5,Mejorar la calidad de vida de las personas,4,Salud,4,Informado/a
,16,Masculico,LICENCIADO RAFAEL FIALLOS ,Urbana,Tercero de bachillerato,Español,Bachillerato,$1001 - $2000,"Disfruto arreglando o construyendo cosas físicas (por ejemplo, reparaciones en casa, proyectos de bricolaje).,Me siento atraído/a por temas relacionados con mecánica y automóviles.,Encuentro fascinante la ingeniería y cómo se utiliza para diseñar y construir soluciones prácticas a problemas cotidianos y globales.,Disfruto explorando temas relacionados con ciencia ficción y avances científicos futuristas.","Resolver problemas usando herramientas y software tecnológico.,Diseñar y construir estructuras o dispositivos prácticos.,Resolver problemas matemáticos y encontrar soluciones eficientes."," Matemáticas, Física",Ingeniero/a civil,Familia,2,Positivo,5,Dificultad en las materias,Tecnología,4,3,Innovar y crear nuevas tecnologías,2,Transporte,3,Informado/a
,16,Femenino,LICENCIADO RAFAEL FIALLOS ,Rural,Tercero de bachillerato,Español,Secundaria,Menos de $500,"Me interesa trabajar con herramientas, máquinas y equipos.,Me gusta leer novelas de detectives y explorar el razonamiento detrás de los casos y las soluciones propuestas.",Aprender sobre nuevos descubrimientos científicos.,Tecnología,Ingeniero/a civil,Nadie en particular,1,Neutro,1,Dificultad en las materias,Salud,3,3, Contribuir a la sostenibilidad,3,Salud,3,Neutro
,20,Masculico,LICENCIADO RAFAEL FIALLOS ,Rural,Tercero de bachillerato,Español,Secundaria,$1001 - $2000,"Me interesa trabajar con herramientas, máquinas y equipos.,Me gusta jugar ajedrez.","Explorar nuevas tecnologías y sus impactos en la sociedad.,Crear obras artísticas como pinturas, dibujos o esculturas.",Biología,Matemático/a estadístico/a,Nadie en particular,4,Neutro,5,Otro,Educación (T/S/A),5,5,Mejorar la calidad de vida de las personas,4,Salud,4,Neutro
,17,Masculico,LICENCIADO RAFAEL FIALLOS ,Urbana,Tercero de bachillerato,Español,Secundaria,$501 - $1000,"Me interesa investigar fenómenos físicos, biológicos y/o culturales para entender sus causas y efectos.",Aprender sobre nuevos descubrimientos científicos.,"Matemáticas, Biología, Química",Derecho,Nadie en particular,3,Neutro,2,Dificultad en las materias,Educación (T/S/A),3,3,No estoy seguro(a),3,Energía,2,Neutro
,16,Masculico,LICENCIADO RAFAEL FIALLOS ,Urbana,Tercero de bachillerato,"Españo,Ingles",Postgrado,$1001 - $2000,"Encuentro fascinante la ingeniería y cómo se utiliza para diseñar y construir soluciones prácticas a problemas cotidianos y globales.,Disfruto de actividades artísticas como la música, el teatro o la literatura que involucran la creación de obras y expresiones creativas.","Explorar nuevas tecnologías y sus impactos en la sociedad.,Resolver problemas usando herramientas y software tecnológico.,Crear obras artísticas como pinturas, dibujos o esculturas.,Resolver problemas matemáticos y encontrar soluciones eficientes."," Matemáticas, Biología, Física, Tecnología,Arte",Ingeniero/a civil,Nadie en particular,3,Positivo,4, Falta de recursos educativos,Tecnología,4,2,No estoy seguro(a),5,Salud,5,Neutro
,17,Femenino,LICENCIADO RAFAEL FIALLOS ,Urbana,Tercero de bachillerato,Español,Secundaria,$2000 - $3000,"Disfruto de actividades artísticas como la música, el teatro o la literatura que involucran la creación de obras y expresiones creativas.","Crear obras artísticas como pinturas, dibujos o esculturas.",Biología,Otro,Familia,5,Muy positivo,5,Otro,Arte,5,5,No estoy seguro(a),5,Educación,5,Neutro
,17,Femenino,LICENCIADO RAFAEL FIALLOS ,Urbana,Tercero de bachillerato,Español,Secundaria,Menos de $500,"Encuentro fascinante la ingeniería y cómo se utiliza para diseñar y construir soluciones prácticas a problemas cotidianos y globales.,Disfruto explorando temas relacionados con ciencia ficción y avances científicos futuristas.",Explorar nuevas tecnologías y sus impactos en la sociedad.,Física,Otro,Nadie en particular,5,Positivo,1, Falta de apoyo familiar,Tecnología,1,1,No estoy seguro(a),5,Educación,1,Poco informado/a
,17,Femenino,LICENCIADO RAFAEL FIALLOS ,Urbana,Tercero de bachillerato,Español,Secundaria,Menos de $500,"Me interesa trabajar con herramientas, máquinas y equipos.,Me siento atraído/a por temas relacionados con mecánica y automóviles.,Encuentro fascinante la ingeniería y cómo se utiliza para diseñar y construir soluciones prácticas a problemas cotidianos y globales.,Disfruto explorando temas relacionados con ciencia ficción y avances científicos futuristas.",Explorar nuevas tecnologías y sus impactos en la sociedad.,Biología,Otro,Nadie en particular,5,Positivo,5, Falta de apoyo familiar,Salud,5,5,Mejorar la calidad de vida de las personas,5,Educación,5,Poco informado/a
,17,Femenino,LICENCIADO RAFAEL FIALLOS ,Rural,Tercero de bachillerato,Español,Bachillerato,Menos de $500,"Disfruto explorando y aprendiendo sobre seres vivos como animales, peces y plantas.",Aprender sobre nuevos descubrimientos científicos.,Tecnología,Otro,Familia,5,Negativo,5,Otro,Tecnología,5,5,No estoy seguro(a),5,Educación,5,Poco informado/a
,16,Femenino,LICENCIADO RAFAEL FIALLOS ,Rural,Tercero de bachillerato,Español,Secundaria,Menos de $500,"Disfruto explorando y aprendiendo sobre seres vivos como animales, peces y plantas.",Aprender sobre nuevos descubrimientos científicos.,Tecnología,Otro,Familia,3,Negativo,2,Otro,Tecnología,1,5,No estoy seguro(a),5,Educación,1,Informado/a
,18,Femenino,LICENCIADO RAFAEL FIALLOS ,Urbana,Tercero de bachillerato,Español,Primaria,$501 - $1000,"Encuentro fascinantes los misterios sin resolver y me gusta buscar soluciones lógicas y científicas para resolverlos.,Disfruto explorando temas relacionados con arte y belleza visual en diferentes formas de expresión (dibujo, pintura, escultura).,Disfruto de actividades artísticas como la música, el teatro o la literatura que involucran la creación de obras y expresiones creativas.","Explorar nuevas tecnologías y sus impactos en la sociedad.,Crear obras artísticas como pinturas, dibujos o esculturas.,Resolver problemas matemáticos y encontrar soluciones eficientes.","Matemáticas,Química",Artista digital,Nadie en particular,5,Muy positivo,1, Falta de recursos educativos,Tecnología,5,4,Mejorar la calidad de vida de las personas,4,Salud,4,Poco informado/a
,17,Femenino,LICENCIADO RAFAEL FIALLOS ,Urbana,Tercero de bachillerato,Español,Secundaria,$501 - $1000,"Encuentro fascinantes los misterios sin resolver y me gusta buscar soluciones lógicas y científicas para resolverlos.,Me interesa trabajar con materiales físicos (como pinturas, arcilla, telas) para crear productos artísticos.,Disfruto explorando temas relacionados con arte y belleza visual en diferentes formas de expresión (dibujo, pintura, escultura).,Disfruto de actividades artísticas como la música, el teatro o la literatura que involucran la creación de obras y expresiones creativas.","Analizar datos para encontrar patrones y conclusiones.,Resolver problemas usando herramientas y software tecnológico.,Crear obras artísticas como pinturas, dibujos o esculturas.","Tecnología,Arte","Desarrollador/a de software,Ingeniero/a civil",Familia,4,Positivo,4,Dificultad en las materias,Tecnología,5,4,Contribuir a la sostenibilidad,4,Salud,5,Neutro
,17,Femenino,LICENCIADO RAFAEL FIALLOS ,Urbana,Tercero de bachillerato,Español,Primaria,$501 - $1000,"Me interesa trabajar con materiales físicos (como pinturas, arcilla, telas) para crear productos artísticos.",Aprender sobre nuevos descubrimientos científicos.,Tecnología,Investigador/a cientifico/a,Nadie en particular,5,Neutro,5,Dificultad en las materias,Salud,4,5,Innovar y crear nuevas tecnologías,3,Educación,4,Neutro
,19,Femenino,LICENCIADO RAFAEL FIALLOS ,Urbana,Tercero de bachillerato,Español,Secundaria,$501 - $1000,"Disfruto explorando temas relacionados con arte y belleza visual en diferentes formas de expresión (dibujo, pintura, escultura).","Crear obras artísticas como pinturas, dibujos o esculturas.",Biología,Investigador/a cientifico/a,Familia,5,Muy positivo,5,Dificultad en las materias,Salud,5,5,Mejorar la calidad de vida de las personas,5,Salud,5,Muy Informado/a
,17,Femenino,LICENCIADO RAFAEL FIALLOS ,Urbana,Tercero de bachillerato,Español,Primaria,$501 - $1000,"Disfruto explorando y aprendiendo sobre seres vivos como animales, peces y plantas.,Encuentro fascinantes los misterios sin resolver y me gusta buscar soluciones lógicas y científicas para resolverlos.,Me gusta leer novelas de detectives y explorar el razonamiento detrás de los casos y las soluciones propuestas.,Disfruto de actividades artísticas como la música, el teatro o la literatura que involucran la creación de obras y expresiones creativas.","Aprender sobre nuevos descubrimientos científicos.,Crear obras artísticas como pinturas, dibujos o esculturas.,Compartir y recibir retroalimentación sobre tu arte.","Biología,Arte",Investigador/a cientifico/a,Nadie en particular,5,Positivo,5,Dificultad en las materias,Arte,3,3,Desarrollar nuevas ideas artisticas,3,Salud,2,Informado/a
,16,Masculico,LICENCIADO RAFAEL FIALLOS ,Rural,Tercero de bachillerato,Español,Universidad,$2000 - $3000,"Me interesa trabajar con herramientas, máquinas y equipos.,Me siento atraído/a por temas relacionados con mecánica y automóviles.,Encuentro fascinantes los misterios sin resolver y me gusta buscar soluciones lógicas y científicas para resolverlos.,Me interesa trabajar con materiales físicos (como pinturas, arcilla, telas) para crear productos artísticos.,Disfruto de actividades artísticas como la música, el teatro o la literatura que involucran la creación de obras y expresiones creativas.",Resolver problemas complejos de manera creativa.,Biología,Mecánico,Familia,3,Neutro,5,Dificultad en las materias,Medio ambiente,4,4,Desarrollar nuevas ideas artisticas,3,Medio ambiente,3,Neutro
,16,Masculico,LICENCIADO RAFAEL FIALLOS ,Urbana,Tercero de bachillerato,Español,Bachillerato,Menos de $500,Me gusta jugar ajedrez.,Explorar nuevas tecnologías y sus impactos en la sociedad.,Tecnología,Criminologia,Familia,3,Neutro,3,Dificultad en las materias,Tecnología,3,4,No estoy seguro(a),2,Salud,3,Poco informado/a
,17,Masculico,LICENCIADO RAFAEL FIALLOS ,Urbana,Tercero de bachillerato,Español,Primaria,$501 - $1000,Me gusta jugar ajedrez.,"Crear obras artísticas como pinturas, dibujos o esculturas.",Arte,Matemático/a estadístico/a,Nadie en particular,3,Positivo,3,Dificultad en las materias,Tecnología,3,2,No estoy seguro(a),5,Salud,5,Neutro
