edad,genero,institucion,area_residencia,año_escolar,idiomas,edu_padres,ingreso_familiar,atividades_interes,actividades_gustan_realizar,asignaturas,carreras,influencia_carrera,likert_apoyo_maestros,opinion_amigos,likert_apoyo_familia,obstaculos,sectores_interes,likert_optimismo,likert_estabilidad_eco,impacto_esperado,likert_percep_tecnologia,area_tecnol_importante,likert_prob_steam,nivel_informacion_steam,genero_num,institucion_num,area_residencia_num,año_escolar_num,idiomas_num,edu_padres_num,ingreso_familiar_num,opinion_amigos_num,obstaculos_num,sectores_interes_num,impacto_esperado_num,area_tecnol_importante_num,nivel_informacion_steam_num,obstaculos_texto_num,q9_herramientas,q9_construccion_fisica,q9_mecanica,q9_seres_vivos,q9_ingenieria,q9_fenomenos_f,q9_ajedrez,q9_ciencia_ficcion,q9_misterios,q9_logica_deductiva,q9_artes_plasticas,q9_arte_visual,q9_actividades_artisticas,q10_analisis_datos,q10_descubrimientos_cient,q10_explorar_tecnologia,q10_problemas_software,q10_diseño_construccion,q10_problemas_creativos,q10_artes_visuales,q10_retroalim_arte,q10_estadistica,q10_problemas_matematicos,q11_matematicas,q11_biologia,q11_fisica,q11_quimica,q11_tecnologia,q11_arte,q12_investigador,q12_desarrollador,q12_ingeniero_civil,q12_artista_digital,q12_matematico,q12_otro,q17_Falta_recursos_educativos,q17_Falta_apoyo_familiar,q17_dificultad_materias,q17_Otro,q18_salud,q18_tecnologia,q18_medio_ambiente,q18_aete,q18_educacion,q21_mejorar_calidad_personas,q21_innovar_tecnologia,q21_contribuir_sostenibilidad,q21_desarrollo_ideas_artisticas,q21_no_estoy_seguro,q23_salud,q23_energia,q23_educacion,q23_transporte,q23_medio_ambiente,likert_apoyo_maestros_binario,likert_apoyo_familia_binario,likert_optimismo_binario,likert_estabilidad_eco_binario,likert_percep_tecnologia_binario,likert_prob_steam_binario,opinion_amigos_num_binario,nivel_informacion_steam_num_binario
18,Masculino,VICENTE ANDA AGUIRRE,Rural,Segundo de bachillerato,Español,Bachillerato,Menos de $500,"Me interesa trabajar con herramientas, máquinas y equipos., Disfruto explorando y aprendiendo sobre seres vivos como animales, peces y plantas., Me interesa trabajar con materiales físicos (como pinturas, arcilla, telas) para crear productos artísticos.",Analizar datos para encontrar patrones y conclusiones.,Matemáticas,Ingeniero/a civil,Nadie en particular,4,Neutro,3,Falta de recursos educativos,Tecnología,4.0,4.0,Contribuir a la sostenibilidad,4.0,Energía,5.0,Neutro,1,0,0,2,1,3,1,3,1.0,2,3,2,3.0,1,1,0,0,1,0,0,0,0,0,0,1,0,0,1,0,0,0,0,0,0,0,0,0,1,0,0,0,0,0,0,0,1,0,0,0,1,0,0,0,0,1,0,0,0,0,0,1,0,0,0,1,0,0,0,1,0,1,1,1,1,0,0
15,Masculino,VICENTE ANDA AGUIRRE,Rural,Segundo de bachillerato,Español,Bachillerato,Menos de $500,"Me interesa investigar fenómenos físicos, biológicos y/o culturales para entender sus causas y efectos.",Aprender sobre nuevos descubrimientos científicos.,Matemáticas,Ingeniero/a civil,Familia,2,Neutro,4,Dificultad en las materias,Tecnología,4.0,3.0,Innovar y crear nuevas tecnologías,4.0,Educación,3.0,Neutro,1,0,0,2,1,3,1,3,3.0,2,2,3,3.0,3,0,0,0,0,0,1,0,0,0,0,0,0,0,0,1,0,0,0,0,0,0,0,0,1,0,0,0,0,0,0,0,1,0,0,0,0,0,1,0,0,1,0,0,0,0,1,0,0,0,0,0,1,0,0,0,1,1,0,1,0,0,0
16,Masculino,VICENTE ANDA AGUIRRE,Rural,Segundo de bachillerato,Español,Bachillerato,Menos de $500,"Me interesa trabajar con herramientas, máquinas y equipos.",Analizar datos y realizar interpretaciones estadísticas,Matemáticas,Ingeniero/a civil,Familia,2,Neutro,2,Dificultad en las materias,Medio ambiente,4.0,4.0,Contribuir a la sostenibilidad,4.0,Educación,4.0,Neutro,1,0,0,2,1,3,1,3,3.0,3,3,3,3.0,3,1,0,0,0,0,0,0,0,0,0,0,0,0,0,0,0,0,0,0,0,0,1,0,1,0,0,0,0,0,0,0,1,0,0,0,0,0,1,0,0,0,1,0,0,0,0,1,0,0,0,0,1,0,0,0,0,1,1,1,1,0,0
16,Masculino,VICENTE ANDA AGUIRRE,Rural,Segundo de bachillerato,Español,Bachillerato,Menos de $500,"Me interesa trabajar con herramientas, máquinas y equipos., Disfruto arreglando o construyendo cosas físicas (por ejemplo, reparaciones en casa, proyectos de bricolaje)., Me siento atraído/a por temas relacionados con mecánica y automóviles., Encuentro fascinante la ingeniería y cómo se utiliza para diseñar y construir soluciones prácticas a problemas cotidianos y globales.","Aprender sobre nuevos descubrimientos científicos., Crear obras artísticas como pinturas, dibujos o esculturas., Compartir y recibir retroalimentación sobre tu arte.",Biología,Artista digital,Familia,4,Neutro,1,Falta de apoyo familiar,Salud,2.0,1.0,Desarrollar nuevas ideas artísticas,1.0,Energía,1.0,Neutro,1,0,0,2,1,3,1,3,2.0,1,4,2,3.0,2,1,1,1,0,1,0,0,0,0,0,0,0,0,0,1,0,0,0,0,1,1,0,0,0,1,0,0,0,0,0,0,0,1,0,0,0,1,0,0,1,0,0,0,0,0,0,0,1,0,0,1,0,0,0,1,0,0,0,0,0,0,0
15,Masculino,VICENTE ANDA AGUIRRE,Rural,Segundo de bachillerato,Español,Bachillerato,$501 - $1000,Me gusta jugar ajedrez,Resolver problemas usando herramientas y software tecnológico.,Matemáticas,"Contaduria, Otro","Familia,  Maestros",3,Neutro,4,Dificultad en las materias,Tecnología,3.0,2.0,No estoy seguro(a),3.0,Medio ambiente,2.0,Neutro,1,0,0,2,1,3,2,3,3.0,2,5,5,3.0,3,0,0,0,0,0,0,1,0,0,0,0,0,0,0,0,0,1,0,0,0,0,0,0,1,0,0,0,0,0,0,0,0,0,0,1,0,0,1,0,0,1,0,0,0,0,0,0,0,1,0,0,0,0,1,0,1,0,0,0,0,0,0
16,Femenino,VICENTE ANDA AGUIRRE,Rural,Segundo de bachillerato,Español,Bachillerato,Menos de $500,"Me interesa trabajar con herramientas, máquinas y equipos., Me gusta leer novelas de detectives y explorar el razonamiento detrás de los casos y las soluciones propuestas., Disfruto de actividades artísticas como la música, el teatro o la literatura que involucran la creación de obras y expresiones creativas.","Resolver problemas usando herramientas y software tecnológico., Resolver problemas matemáticos y encontrar soluciones eficientes",Matemáticas,Desarrollador/a de software,Familia,5,Positivo,5,Falta de recursos educativos,Salud,4.0,5.0,Mejorar la calidad de vida de las personas,4.0,Salud,4.0,Muy informado/a,0,0,0,2,1,3,1,4,1.0,1,1,1,5.0,1,1,0,0,0,0,0,0,0,0,1,0,0,1,0,0,0,1,0,0,0,0,0,1,1,0,0,0,0,0,0,1,0,0,0,0,1,0,0,0,1,0,0,0,0,1,0,0,0,0,1,0,0,0,0,1,1,1,1,1,1,1,1
17,Femenino,VICENTE ANDA AGUIRRE,Rural,Tercero de bachillerato,Español,Bachillerato,Menos de $500,"Me interesa trabajar con herramientas, máquinas y equipos.",Analizar datos para encontrar patrones y conclusiones.,"Matemáticas,  Arte",Ingeniero/a civil,Familia,1,Positivo,1,Dificultad en las materias,Tecnología,3.0,4.0,Mejorar la calidad de vida de las personas,4.0,Medio ambiente,1.0,Nada informado/a,0,0,0,3,1,3,1,4,3.0,2,1,5,1.0,3,1,0,0,0,0,0,0,0,0,0,0,0,0,1,0,0,0,0,0,0,0,0,0,1,0,0,0,0,1,0,0,1,0,0,0,0,0,1,0,0,1,0,0,0,1,0,0,0,0,0,0,0,0,1,0,0,0,1,1,0,1,0
16,Femenino,VICENTE ANDA AGUIRRE,Rural,Segundo de bachillerato,Español,Bachillerato,Menos de $500,"Me interesa trabajar con herramientas, máquinas y equipos.",Resolver problemas matemáticos y encontrar soluciones eficientes,Matemáticas,"Investigador/a científico/a,  Desarrollador/a de software, Otro",Redes sociales,3,Neutro,5,Falta de recursos educativos,Tecnología,4.0,4.0,Innovar y crear nuevas tecnologías,3.0,Educación,3.0,Poco informado/a,0,0,0,2,1,3,1,3,1.0,2,2,3,2.0,1,1,0,0,0,0,0,0,0,0,0,0,0,0,0,0,0,0,0,0,0,0,0,1,1,0,0,0,0,0,1,1,0,0,0,1,1,0,0,0,0,1,0,0,0,0,1,0,0,0,0,0,1,0,0,0,1,1,1,0,0,0,0
16,Masculino,VICENTE ANDA AGUIRRE,Rural,Segundo de bachillerato,Español,Bachillerato,Menos de $500,"Me interesa trabajar con herramientas, máquinas y equipos., Me siento atraído/a por temas relacionados con mecánica y automóviles., Disfruto explorando y aprendiendo sobre seres vivos como animales, peces y plantas., Encuentro fascinante la ingeniería y cómo se utiliza para diseñar y construir soluciones prácticas a problemas cotidianos y globales., Me interesa investigar fenómenos físicos, biológicos y/o culturales para entender sus causas y efectos., Disfruto explorando temas relacionados con ciencia ficción y avances científicos futuristas., Me interesa trabajar con materiales físicos (como pinturas, arcilla, telas) para crear productos artísticos., Disfruto explorando temas relacionados con arte y belleza visual en diferentes formas de expresión (dibujo, pintura, escultura)., Disfruto de actividades artísticas como la música, el teatro o la literatura que involucran la creación de obras y expresiones creativas.","Resolver problemas usando herramientas y software tecnológico., Diseñar y construir estructuras o dispositivos prácticos., Crear obras artísticas como pinturas, dibujos o esculturas., Compartir y recibir retroalimentación sobre tu arte., Resolver problemas matemáticos y encontrar soluciones eficientes",Biología,Ingeniero/a civil,Familia,3,Neutro,3,Falta de apoyo familiar,Medio ambiente,2.0,2.0,Innovar y crear nuevas tecnologías,3.0,Educación,3.0,Neutro,1,0,0,2,1,3,1,3,2.0,3,2,3,3.0,2,1,0,1,1,1,1,0,1,0,0,1,1,1,0,0,0,1,1,0,1,1,0,1,0,1,0,0,0,0,0,0,1,0,0,0,0,1,0,0,0,0,1,0,0,0,1,0,0,0,0,0,1,0,0,0,0,0,0,0,0,0,0
16,Masculino,VICENTE ANDA AGUIRRE,Rural,Segundo de bachillerato,Español,Bachillerato,$501 - $1000,"Me interesa trabajar con herramientas, máquinas y equipos., Me gusta leer novelas de detectives y explorar el razonamiento detrás de los casos y las soluciones propuestas.",Resolver problemas complejos de manera creativa.,Biología,"Ingeniero/a civil,",Familia,3,Neutro,5,Dificultad en las materias,Tecnología,3.0,3.0,No estoy seguro(a),3.0,Energía,3.0,Informado/a,1,0,0,2,1,3,2,3,3.0,2,5,2,4.0,3,1,0,0,0,0,0,0,0,0,1,0,0,0,0,0,0,0,0,1,0,0,0,0,0,1,0,0,0,0,0,0,1,0,0,0,0,0,1,0,0,1,0,0,0,0,0,0,0,1,0,1,0,0,0,0,1,0,0,0,0,0,1
16,Masculino,VICENTE ANDA AGUIRRE,Rural,Segundo de bachillerato,Español,Bachillerato,$501 - $1000,Me siento atraído/a por temas relacionados con mecánica y automóviles.,Explorar nuevas tecnologías y sus impactos en la sociedad.,Física,"Investigador/a científico/a,  Ingeniero/a civil,, Otro",Familia,2,Neutro,2,Dificultad en las materias,Tecnología,3.0,4.0,No estoy seguro(a),4.0,Salud,3.0,Informado/a,1,0,0,2,1,3,2,3,3.0,2,5,1,4.0,3,0,0,1,0,0,0,0,0,0,0,0,0,0,0,0,1,0,0,0,0,0,0,0,0,0,1,0,0,0,1,0,1,0,0,1,0,0,1,0,0,1,0,0,0,0,0,0,0,1,1,0,0,0,0,0,0,0,1,1,0,0,1
17,Masculino,VICENTE ANDA AGUIRRE,Rural,Primero de bachillerato,Español,Bachillerato,Menos de $500,"Me interesa trabajar con herramientas, máquinas y equipos., Me siento atraído/a por temas relacionados con mecánica y automóviles., Encuentro fascinante la ingeniería y cómo se utiliza para diseñar y construir soluciones prácticas a problemas cotidianos y globales.",Explorar nuevas tecnologías y sus impactos en la sociedad.,Física,Ingeniero/a civil,"Familia,  Maestros",5,Positivo,3,Dificultad en las materias,Tecnología,1.0,3.0,Mejorar la calidad de vida de las personas,5.0,Energía,2.0,Poco informado/a,1,0,0,1,1,3,1,4,3.0,2,1,2,2.0,3,1,0,1,0,1,0,0,0,0,0,0,0,0,0,0,1,0,0,0,0,0,0,0,0,0,1,0,0,0,0,0,1,0,0,0,0,0,1,0,0,1,0,0,0,1,0,0,0,0,0,1,0,0,0,1,0,0,0,1,0,1,0
17,Masculino,VICENTE ANDA AGUIRRE,Rural,Tercero de bachillerato,Español,Bachillerato,$2000 - $3000,"Me interesa trabajar con materiales físicos (como pinturas, arcilla, telas) para crear productos artísticos.","Aprender sobre nuevos descubrimientos científicos., Resolver problemas matemáticos y encontrar soluciones eficientes",Biología,"Investigador/a científico/a, Otro",Nadie en particular,1,Muy negativo,3,Falta de recursos educativos,Tecnología,1.0,3.0,No estoy seguro(a),2.0,Salud,1.0,Nada informado/a,1,0,0,3,1,3,4,1,1.0,2,5,1,1.0,1,0,0,0,0,0,0,0,0,0,0,1,0,0,0,1,0,0,0,0,0,0,0,1,0,1,0,0,0,0,1,0,0,0,0,1,1,0,0,0,0,1,0,0,0,0,0,0,0,1,1,0,0,0,0,0,0,0,0,0,0,0,0
16,Femenino,VICENTE ANDA AGUIRRE,Rural,Segundo de bachillerato,Español,Bachillerato,$501 - $1000,"Disfruto arreglando o construyendo cosas físicas (por ejemplo, reparaciones en casa, proyectos de bricolaje)., Me interesa investigar fenómenos físicos, biológicos y/o culturales para entender sus causas y efectos., Disfruto explorando temas relacionados con arte y belleza visual en diferentes formas de expresión (dibujo, pintura, escultura).","Analizar datos para encontrar patrones y conclusiones., Resolver problemas usando herramientas y software tecnológico., Resolver problemas complejos de manera creativa., Analizar datos y realizar interpretaciones estadísticas","Física,  Tecnología,  Arte","Desarrollador/a de software,  Ingeniero/a civil,  Artista digital",Familia,2,Neutro,3,Dificultad en las materias,Tecnología,3.0,3.0,Desarrollar nuevas ideas artísticas,2.0,Salud,5.0,Neutro,0,0,0,2,1,3,2,3,3.0,2,4,1,3.0,3,0,1,0,0,0,1,0,0,0,0,0,1,0,1,0,0,1,0,1,0,0,1,0,0,0,1,0,1,1,0,1,1,1,0,0,0,0,1,0,0,1,0,0,0,0,0,0,1,0,1,0,0,0,0,0,0,0,0,0,1,0,0
16,Femenino,VICENTE ANDA AGUIRRE,Rural,Tercero de bachillerato,Español,Bachillerato,$2000 - $3000,"Me interesa investigar fenómenos físicos, biológicos y/o culturales para entender sus causas y efectos., Encuentros fascinantes los misterios sin resolver y me gusta buscar soluciones lógicas y científicas para resolverlos., Me gusta leer novelas de detectives y explorar el razonamiento detrás de los casos y las soluciones propuestas., Me interesa trabajar con materiales físicos (como pinturas, arcilla, telas) para crear productos artísticos., Disfruto explorando temas relacionados con arte y belleza visual en diferentes formas de expresión (dibujo, pintura, escultura)., Disfruto de actividades artísticas como la música, el teatro o la literatura que involucran la creación de obras y expresiones creativas.","Analizar datos para encontrar patrones y conclusiones., Aprender sobre nuevos descubrimientos científicos., Crear obras artísticas como pinturas, dibujos o esculturas.","Biología,  Química,  Arte","Médico, Otro",Familia,3,Positivo,5,Falta de recursos educativos,Salud,5.0,4.0,Mejorar la calidad de vida de las personas,3.0,Salud,5.0,Muy informado/a,0,0,0,3,1,3,4,4,1.0,1,1,1,5.0,1,0,0,0,0,0,1,0,0,1,1,1,1,1,1,1,0,0,0,0,1,0,0,0,0,1,0,1,0,1,0,0,0,0,0,1,1,0,0,0,1,0,0,0,0,1,0,0,0,0,1,0,0,0,0,0,1,1,1,0,1,1,1
16,Masculino,VICENTE ANDA AGUIRRE,Rural,Segundo de bachillerato,Español,Bachillerato,Menos de $500,"Me interesa trabajar con herramientas, máquinas y equipos.","Crear obras artísticas como pinturas, dibujos o esculturas.",Tecnología,"Matemático/a o estadístico/a, Otro",Familia,3,Positivo,4,Falta de recursos educativos,Tecnología,5.0,5.0,Mejorar la calidad de vida de las personas,3.0,Educación,4.0,Informado/a,1,0,0,2,1,3,1,4,1.0,2,1,3,4.0,1,1,0,0,0,0,0,0,0,0,0,0,0,0,0,0,0,0,0,0,1,0,0,0,0,0,0,0,1,0,0,0,0,0,1,1,1,0,0,0,0,1,0,0,0,1,0,0,0,0,0,0,1,0,0,0,1,1,1,0,1,1,1
17,Femenino,VICENTE ANDA AGUIRRE,Rural,Tercero de bachillerato,Español,Bachillerato,Menos de $500,"Encuentros fascinantes los misterios sin resolver y me gusta buscar soluciones lógicas y científicas para resolverlos., Me gusta leer novelas de detectives y explorar el razonamiento detrás de los casos y las soluciones propuestas., Disfruto explorando temas relacionados con arte y belleza visual en diferentes formas de expresión (dibujo, pintura, escultura).","Explorar nuevas tecnologías y sus impactos en la sociedad., Crear obras artísticas como pinturas, dibujos o esculturas.",Arte,Artista digital,Familia,4,Positivo,3,Falta de recursos educativos,Arte,3.0,3.0,Desarrollar nuevas ideas artísticas,3.0,Salud,3.0,Informado/a,0,0,0,3,1,3,1,4,1.0,4,4,1,4.0,1,0,0,0,0,0,0,0,0,1,1,0,1,0,0,0,1,0,0,0,1,0,0,0,0,0,0,0,0,1,0,0,0,1,0,0,1,0,0,0,0,0,0,1,0,0,0,0,1,0,1,0,0,0,0,1,0,0,0,0,0,1,1
17,Femenino,VICENTE ANDA AGUIRRE,Rural,Tercero de bachillerato,Español,Bachillerato,Menos de $500,"Me interesa trabajar con materiales físicos (como pinturas, arcilla, telas) para crear productos artísticos.",Diseñar y construir estructuras o dispositivos prácticos.,Arte,"Ingeniero/a civil,",Nadie en particular,5,Positivo,5,Dificultad en las materias,Salud,3.0,5.0,No estoy seguro(a),4.0,Salud,3.0,Neutro,0,0,0,3,1,3,1,4,3.0,1,5,1,3.0,3,0,0,0,0,0,0,0,0,0,0,1,0,0,0,0,0,0,1,0,0,0,0,0,0,0,0,0,0,1,0,0,1,0,0,0,0,0,1,0,1,0,0,0,0,0,0,0,0,1,1,0,0,0,0,1,1,0,1,1,0,1,0
14,Femenino,VICENTE ANDA AGUIRRE,Rural,Primero de bachillerato,Español,Bachillerato,Menos de $500,Me gusta leer novelas de detectives y explorar el razonamiento detrás de los casos y las soluciones propuestas.,Diseñar y construir estructuras o dispositivos prácticos.,Matemáticas,Artista digital,Nadie en particular,4,Neutro,5,Falta de recursos educativos,Medio ambiente,3.0,3.0,Desarrollar nuevas ideas artísticas,3.0,Educación,3.0,Neutro,0,0,0,1,1,3,1,3,1.0,3,4,3,3.0,1,0,0,0,0,0,0,0,0,0,1,0,0,0,0,0,0,0,1,0,0,0,0,0,1,0,0,0,0,0,0,0,0,1,0,0,1,0,0,0,0,0,1,0,0,0,0,0,1,0,0,0,1,0,0,1,1,0,0,0,0,0,0
16,Femenino,VICENTE ANDA AGUIRRE,Rural,Tercero de bachillerato,Español,Bachillerato,Menos de $500,"Me interesa trabajar con herramientas, máquinas y equipos., Me interesa trabajar con materiales físicos (como pinturas, arcilla, telas) para crear productos artísticos.","Crear obras artísticas como pinturas, dibujos o esculturas.",Física,Artista digital,"Familia,  Maestros",5,Neutro,4,Falta de recursos educativos,Medio ambiente,3.0,3.0,Mejorar la calidad de vida de las personas,3.0,Educación,2.0,Poco informado/a,0,0,0,3,1,3,1,3,1.0,3,1,3,2.0,1,1,0,0,0,0,0,0,0,0,0,1,0,0,0,0,0,0,0,0,1,0,0,0,0,0,1,0,0,0,0,0,0,1,0,0,1,0,0,0,0,0,1,0,0,1,0,0,0,0,0,0,1,0,0,1,1,0,0,0,0,0,0
16,Masculino,VICENTE ANDA AGUIRRE,Rural,Tercero de bachillerato,Español,Bachillerato,$501 - $1000,"Me siento atraído/a por temas relacionados con mecánica y automóviles., Disfruto explorando y aprendiendo sobre seres vivos como animales, peces y plantas., Me gusta jugar ajedrez, Disfruto explorando temas relacionados con ciencia ficción y avances científicos futuristas., Encuentros fascinantes los misterios sin resolver y me gusta buscar soluciones lógicas y científicas para resolverlos., Me gusta leer novelas de detectives y explorar el razonamiento detrás de los casos y las soluciones propuestas., Me interesa trabajar con materiales físicos (como pinturas, arcilla, telas) para crear productos artísticos.","Analizar datos para encontrar patrones y conclusiones., Resolver problemas usando herramientas y software tecnológico., Diseñar y construir estructuras o dispositivos prácticos.","Tecnología,  Arte","Investigador/a científico/a,  Desarrollador/a de software, Otro",Familia,5,Positivo,5,Falta de recursos educativos,Salud,5.0,4.0,Contribuir a la sostenibilidad,4.0,Energía,4.0,Informado/a,1,0,0,3,1,3,2,4,1.0,1,3,2,4.0,1,0,0,1,1,0,0,1,1,1,1,1,0,0,1,0,0,1,1,0,0,0,0,0,0,0,0,0,1,1,1,1,0,0,0,1,1,0,0,0,1,0,0,0,0,0,0,1,0,0,0,1,0,0,0,1,1,1,1,1,1,1,1
16,Masculino,VICENTE ANDA AGUIRRE,Rural,Tercero de bachillerato,Español,Bachillerato,$1001 - $2000,"Me interesa trabajar con herramientas, máquinas y equipos.",Analizar datos para encontrar patrones y conclusiones.,Biología,Ingeniero/a civil,Familia,2,Neutro,1,Dificultad en las materias,Tecnología,3.0,4.0,No estoy seguro(a),2.0,Energía,1.0,Neutro,1,0,0,3,1,3,3,3,3.0,2,5,2,3.0,3,1,0,0,0,0,0,0,0,0,0,0,0,0,1,0,0,0,0,0,0,0,0,0,0,1,0,0,0,0,0,0,1,0,0,0,0,0,1,0,0,1,0,0,0,0,0,0,0,1,0,1,0,0,0,0,0,0,1,0,0,0,0
17,Masculino,VICENTE ANDA AGUIRRE,Rural,Tercero de bachillerato,Español,Bachillerato,Menos de $500,"Disfruto arreglando o construyendo cosas físicas (por ejemplo, reparaciones en casa, proyectos de bricolaje)., Me interesa investigar fenómenos físicos, biológicos y/o culturales para entender sus causas y efectos., Disfruto explorando temas relacionados con ciencia ficción y avances científicos futuristas., Encuentros fascinantes los misterios sin resolver y me gusta buscar soluciones lógicas y científicas para resolverlos., Me interesa trabajar con materiales físicos (como pinturas, arcilla, telas) para crear productos artísticos.","Analizar datos para encontrar patrones y conclusiones., Diseñar y construir estructuras o dispositivos prácticos., Compartir y recibir retroalimentación sobre tu arte.","Matemáticas,  Tecnología",Desarrollador/a de software,Familia,5,Positivo,5,Dificultad en las materias,Salud,3.0,5.0,Desarrollar nuevas ideas artísticas,4.0,Salud,3.0,Neutro,1,0,0,3,1,3,1,4,3.0,1,4,1,3.0,3,0,1,0,0,0,1,0,1,1,0,1,0,0,1,0,0,0,1,0,0,1,0,0,1,0,0,0,1,0,0,1,0,0,0,0,0,0,1,0,1,0,0,0,0,0,0,0,1,0,1,0,0,0,0,1,1,0,1,1,0,1,0
16,Masculino,VICENTE ANDA AGUIRRE,Rural,Segundo de bachillerato,Español,Bachillerato,Menos de $500,"Me interesa trabajar con herramientas, máquinas y equipos., Disfruto arreglando o construyendo cosas físicas (por ejemplo, reparaciones en casa, proyectos de bricolaje).","Aprender sobre nuevos descubrimientos científicos., Explorar nuevas tecnologías y sus impactos en la sociedad., Resolver problemas usando herramientas y software tecnológico.",Biología,Desarrollador/a de software,Familia,3,Neutro,4,Dificultad en las materias,Medio ambiente,4.0,3.0,Mejorar la calidad de vida de las personas,2.0,Medio ambiente,3.0,Informado/a,1,0,0,2,1,3,1,3,3.0,3,1,5,4.0,3,1,1,0,0,0,0,0,0,0,0,0,0,0,0,1,1,1,0,0,0,0,0,0,0,1,0,0,0,0,0,1,0,0,0,0,0,0,1,0,0,0,1,0,0,1,0,0,0,0,0,0,0,0,1,0,1,1,0,0,0,0,1
15,Femenino,VICENTE ANDA AGUIRRE,Rural,Segundo de bachillerato,Español,Bachillerato,Menos de $500,"Encuentros fascinantes los misterios sin resolver y me gusta buscar soluciones lógicas y científicas para resolverlos., Disfruto de actividades artísticas como la música, el teatro o la literatura que involucran la creación de obras y expresiones creativas.","Crear obras artísticas como pinturas, dibujos o esculturas.","Física,  Arte",Artista digital,Nadie en particular,4,Neutro,2,Dificultad en las materias,Arte,2.0,3.0,Desarrollar nuevas ideas artísticas,4.0,Educación,3.0,Poco informado/a,0,0,0,2,1,3,1,3,3.0,4,4,3,2.0,3,0,0,0,0,0,0,0,0,1,0,0,0,1,0,0,0,0,0,0,1,0,0,0,0,0,1,0,0,1,0,0,0,1,0,0,0,0,1,0,0,0,0,1,0,0,0,0,1,0,0,0,1,0,0,1,0,0,0,1,0,0,0
15,Masculino,VICENTE ANDA AGUIRRE,Rural,Primero de bachillerato,Español,Bachillerato,$501 - $1000,"Me interesa trabajar con herramientas, máquinas y equipos.",Aprender sobre nuevos descubrimientos científicos.,"Química,  Arte","Matemático/a o estadístico/a, Otro",Familia,2,Neutro,3,Falta de apoyo familiar,Arte,1.0,2.0,Desarrollar nuevas ideas artísticas,2.0,Educación,2.0,Neutro,1,0,0,1,1,3,2,3,2.0,4,4,3,3.0,2,1,0,0,0,0,0,0,0,0,0,0,0,0,0,1,0,0,0,0,0,0,0,0,0,0,0,1,0,1,0,0,0,0,1,1,0,1,0,0,0,0,0,1,0,0,0,0,1,0,0,0,1,0,0,0,0,0,0,0,0,0,0
17,Masculino,VICENTE ANDA AGUIRRE,Rural,Tercero de bachillerato,Español,Bachillerato,Más de $3000,"Me interesa trabajar con herramientas, máquinas y equipos., Me siento atraído/a por temas relacionados con mecánica y automóviles., Encuentro fascinante la ingeniería y cómo se utiliza para diseñar y construir soluciones prácticas a problemas cotidianos y globales.",Diseñar y construir estructuras o dispositivos prácticos.,Arte,Ingeniero/a civil,Nadie en particular,2,Positivo,2,Dificultad en las materias,Salud,1.0,5.0,Mejorar la calidad de vida de las personas,3.0,Educación,5.0,Poco informado/a,1,0,0,3,1,3,5,4,3.0,1,1,3,2.0,3,1,0,1,0,1,0,0,0,0,0,0,0,0,0,0,0,0,1,0,0,0,0,0,0,0,0,0,0,1,0,0,1,0,0,0,0,0,1,0,1,0,0,0,0,1,0,0,0,0,0,0,1,0,0,0,0,0,1,0,1,1,0
17,Masculino,VICENTE ANDA AGUIRRE,Rural,Segundo de bachillerato,Español,Bachillerato,Menos de $500,Me siento atraído/a por temas relacionados con mecánica y automóviles.,Compartir y recibir retroalimentación sobre tu arte.,Arte,Artista digital,Familia,2,Neutro,1,Dificultad en las materias,Educación (T/S/A),2.0,2.0,Mejorar la calidad de vida de las personas,2.0,Salud,2.0,Poco informado/a,1,0,0,2,1,3,1,3,3.0,5,1,1,2.0,3,0,0,1,0,0,0,0,0,0,0,0,0,0,0,0,0,0,0,0,0,1,0,0,0,0,0,0,0,1,0,0,0,1,0,0,0,0,1,0,0,0,0,0,1,1,0,0,0,0,1,0,0,0,0,0,0,0,0,0,0,0,0
15,Masculino,VICENTE ANDA AGUIRRE,Rural,Primero de bachillerato,Español,Bachillerato,Menos de $500,"Disfruto explorando y aprendiendo sobre seres vivos como animales, peces y plantas., Disfruto explorando temas relacionados con ciencia ficción y avances científicos futuristas., Encuentros fascinantes los misterios sin resolver y me gusta buscar soluciones lógicas y científicas para resolverlos.","Aprender sobre nuevos descubrimientos científicos., Explorar nuevas tecnologías y sus impactos en la sociedad.","Biología,  Física,  Química","Investigador/a científico/a, Otro",Familia,3,Neutro,5,Dificultad en las materias,Tecnología,3.0,4.0,Contribuir a la sostenibilidad,5.0,Educación,4.0,Informado/a,1,0,0,1,1,3,1,3,3.0,2,3,3,4.0,3,0,0,0,1,0,0,0,1,1,0,0,0,0,0,1,1,0,0,0,0,0,0,0,0,1,1,1,0,0,1,0,0,0,0,1,0,0,1,0,0,1,0,0,0,0,0,1,0,0,0,0,1,0,0,0,1,0,1,1,1,0,1
15,Femenino,VICENTE ANDA AGUIRRE,Rural,Primero de bachillerato,Español,Bachillerato,$501 - $1000,"Disfruto explorando y aprendiendo sobre seres vivos como animales, peces y plantas.",Analizar datos para encontrar patrones y conclusiones.,Biología,Ingeniero/a civil,Nadie en particular,3,Neutro,4,Dificultad en las materias,Tecnología,4.0,3.0,Mejorar la calidad de vida de las personas,3.0,Salud,5.0,Poco informado/a,0,0,0,1,1,3,2,3,3.0,2,1,1,2.0,3,0,0,0,1,0,0,0,0,0,0,0,0,0,1,0,0,0,0,0,0,0,0,0,0,1,0,0,0,0,0,0,1,0,0,0,0,0,1,0,0,1,0,0,0,1,0,0,0,0,1,0,0,0,0,0,1,1,0,0,1,0,0
16,Masculino,VICENTE ANDA AGUIRRE,Rural,Primero de bachillerato,Español,Bachillerato,Menos de $500,Disfruto explorando temas relacionados con ciencia ficción y avances científicos futuristas.,Analizar datos y realizar interpretaciones estadísticas,Biología,Ingeniero/a civil,Familia,2,Positivo,5,Dificultad en las materias,Salud,4.0,5.0,No estoy seguro(a),3.0,Educación,3.0,Informado/a,1,0,0,1,1,3,1,4,3.0,1,5,3,4.0,3,0,0,0,0,0,0,0,1,0,0,0,0,0,0,0,0,0,0,0,0,0,1,0,0,1,0,0,0,0,0,0,1,0,0,0,0,0,1,0,1,0,0,0,0,0,0,0,0,1,0,0,1,0,0,0,1,1,1,0,0,1,1
16,Masculino,VICENTE ANDA AGUIRRE,Rural,Tercero de bachillerato,Español,Bachillerato,Menos de $500,"Me interesa trabajar con herramientas, máquinas y equipos.",Explorar nuevas tecnologías y sus impactos en la sociedad.,Tecnología,"Investigador/a científico/a,  Desarrollador/a de software, Otro",Familia,1,Positivo,1,Falta de recursos educativos,Tecnología,1.0,2.0,Innovar y crear nuevas tecnologías,1.0,Educación,2.0,Poco informado/a,1,0,0,3,1,3,1,4,1.0,2,2,3,2.0,1,1,0,0,0,0,0,0,0,0,0,0,0,0,0,0,1,0,0,0,0,0,0,0,0,0,0,0,1,0,1,1,0,0,0,1,1,0,0,0,0,1,0,0,0,0,1,0,0,0,0,0,1,0,0,0,0,0,0,0,0,1,0
15,Femenino,VICENTE ANDA AGUIRRE,Rural,Primero de bachillerato,Español,Bachillerato,Menos de $500,"Me gusta leer novelas de detectives y explorar el razonamiento detrás de los casos y las soluciones propuestas., Disfruto de actividades artísticas como la música, el teatro o la literatura que involucran la creación de obras y expresiones creativas.",Resolver problemas matemáticos y encontrar soluciones eficientes,"Matemáticas,  Biología","Psicología/medicina, Otro",Nadie en particular,3,Positivo,3,Otro,Salud,5.0,4.0,Mejorar la calidad de vida de las personas,3.0,Salud,5.0,Poco informado/a,0,0,0,1,1,3,1,4,3.0,1,1,1,2.0,4,0,0,0,0,0,0,0,0,0,1,0,0,1,0,0,0,0,0,0,0,0,0,1,1,1,0,0,0,0,0,0,0,0,0,1,0,0,0,1,1,0,0,0,0,1,0,0,0,0,1,0,0,0,0,0,0,1,1,0,1,1,0
15,Masculino,VICENTE ANDA AGUIRRE,Rural,Primero de bachillerato,Español,Bachillerato,$501 - $1000,"Me interesa trabajar con herramientas, máquinas y equipos.",Analizar datos para encontrar patrones y conclusiones.,"Física,  Tecnología,  Arte",Desarrollador/a de software,"Familia,  Maestros,  Nadie en particular",3,Neutro,5,Dificultad en las materias,Tecnología,5.0,5.0,No estoy seguro(a),5.0,Energía,5.0,Muy informado/a,1,0,0,1,1,3,2,3,3.0,2,5,2,5.0,3,1,0,0,0,0,0,0,0,0,0,0,0,0,1,0,0,0,0,0,0,0,0,0,0,0,1,0,1,1,0,1,0,0,0,0,0,0,1,0,0,1,0,0,0,0,0,0,0,1,0,1,0,0,0,0,1,1,1,1,1,0,1
14,Masculino,VICENTE ANDA AGUIRRE,Rural,Primero de bachillerato,Español,Bachillerato,$501 - $1000,"Me interesa trabajar con herramientas, máquinas y equipos., Me interesa investigar fenómenos físicos, biológicos y/o culturales para entender sus causas y efectos.","Analizar datos para encontrar patrones y conclusiones., Resolver problemas complejos de manera creativa., Resolver problemas matemáticos y encontrar soluciones eficientes",Matemáticas,Desarrollador/a de software,Familia,2,Neutro,5,Dificultad en las materias,Tecnología,4.0,3.0,Mejorar la calidad de vida de las personas,3.0,Energía,3.0,Informado/a,1,0,0,1,1,3,2,3,3.0,2,1,2,4.0,3,1,0,0,0,0,1,0,0,0,0,0,0,0,1,0,0,0,0,1,0,0,0,1,1,0,0,0,0,0,0,1,0,0,0,0,0,0,1,0,0,1,0,0,0,1,0,0,0,0,0,1,0,0,0,0,1,1,0,0,0,0,1
14,Femenino,VICENTE ANDA AGUIRRE,Rural,Primero de bachillerato,Español,Bachillerato,$501 - $1000,"Me interesa trabajar con herramientas, máquinas y equipos.","Diseñar y construir estructuras o dispositivos prácticos., Crear obras artísticas como pinturas, dibujos o esculturas.",Química,Ingeniero/a civil,Nadie en particular,2,Positivo,5,Dificultad en las materias,Educación (T/S/A),3.0,3.0,No estoy seguro(a),3.0,Educación,2.0,Informado/a,0,0,0,1,1,3,2,4,3.0,5,5,3,4.0,3,1,0,0,0,0,0,0,0,0,0,0,0,0,0,0,0,0,1,0,1,0,0,0,0,0,0,1,0,0,0,0,1,0,0,0,0,0,1,0,0,0,0,0,1,0,0,0,0,1,0,0,1,0,0,0,1,0,0,0,0,1,1
15,Femenino,VICENTE ANDA AGUIRRE,Rural,Primero de bachillerato,Español,Bachillerato,Menos de $500,"Disfruto explorando y aprendiendo sobre seres vivos como animales, peces y plantas.",Explorar nuevas tecnologías y sus impactos en la sociedad.,"Química,  Tecnología","Investigador/a científico/a,  Desarrollador/a de software, Otro",Familia,3,Neutro,4,Dificultad en las materias,Medio ambiente,5.0,3.0,Desarrollar nuevas ideas artísticas,3.0,Educación,3.0,Informado/a,0,0,0,1,1,3,1,3,3.0,3,4,3,4.0,3,0,0,0,1,0,0,0,0,0,0,0,0,0,0,0,1,0,0,0,0,0,0,0,0,0,0,1,1,0,1,1,0,0,0,1,0,0,1,0,0,0,1,0,0,0,0,0,1,0,0,0,1,0,0,0,1,1,0,0,0,0,1
15,Femenino,VICENTE ANDA AGUIRRE,Rural,Primero de bachillerato,Español,Bachillerato,Menos de $500,"Me interesa investigar fenómenos físicos, biológicos y/o culturales para entender sus causas y efectos., Encuentros fascinantes los misterios sin resolver y me gusta buscar soluciones lógicas y científicas para resolverlos., Me gusta leer novelas de detectives y explorar el razonamiento detrás de los casos y las soluciones propuestas., Me interesa trabajar con materiales físicos (como pinturas, arcilla, telas) para crear productos artísticos., Disfruto explorando temas relacionados con arte y belleza visual en diferentes formas de expresión (dibujo, pintura, escultura).",Compartir y recibir retroalimentación sobre tu arte.,"Matemáticas,  Química","Investigador/a científico/a,  Ingeniero/a civil, Otro",Nadie en particular,3,Neutro,4,Falta de recursos educativos,Tecnología,3.0,4.0,Innovar y crear nuevas tecnologías,4.0,Energía,5.0,Informado/a,0,0,0,1,1,3,1,3,1.0,2,2,2,4.0,1,0,0,0,0,0,1,0,0,1,1,1,1,0,0,0,0,0,0,0,0,1,0,0,1,0,0,1,0,0,1,0,1,0,0,1,1,0,0,0,0,1,0,0,0,0,1,0,0,0,0,1,0,0,0,0,1,0,1,1,1,0,1
17,Femenino,VICENTE ANDA AGUIRRE,Rural,Tercero de bachillerato,Español,Bachillerato,$501 - $1000,"Me interesa trabajar con materiales físicos (como pinturas, arcilla, telas) para crear productos artísticos.",Aprender sobre nuevos descubrimientos científicos.,Tecnología,Ingeniero/a civil,Nadie en particular,3,Neutro,5,Dificultad en las materias,Salud,3.0,5.0,Mejorar la calidad de vida de las personas,3.0,Salud,5.0,Neutro,0,0,0,3,1,3,2,3,3.0,1,1,1,3.0,3,0,0,0,0,0,0,0,0,0,0,1,0,0,0,1,0,0,0,0,0,0,0,0,0,0,0,0,1,0,0,0,1,0,0,0,0,0,1,0,1,0,0,0,0,1,0,0,0,0,1,0,0,0,0,0,1,0,1,0,1,0,0
17,Masculino,VICENTE ANDA AGUIRRE,Rural,Tercero de bachillerato,Español,Bachillerato,Menos de $500,"Me interesa trabajar con herramientas, máquinas y equipos.","Analizar datos para encontrar patrones y conclusiones., Explorar nuevas tecnologías y sus impactos en la sociedad., Diseñar y construir estructuras o dispositivos prácticos., Resolver problemas complejos de manera creativa., Compartir y recibir retroalimentación sobre tu arte.",Arte,Ingeniero/a civil,Redes sociales,5,Positivo,2,Falta de apoyo familiar,Medio ambiente,2.0,4.0,Contribuir a la sostenibilidad,4.0,Transporte,3.0,Informado/a,1,0,0,3,1,3,1,4,2.0,3,3,4,4.0,2,1,0,0,0,0,0,0,0,0,0,0,0,0,1,0,1,0,1,1,0,1,0,0,0,0,0,0,0,1,0,0,1,0,0,0,0,1,0,0,0,0,1,0,0,0,0,1,0,0,0,0,0,1,0,1,0,0,1,1,0,1,1
17,Femenino,VICENTE ANDA AGUIRRE,Rural,Tercero de bachillerato,Español,Bachillerato,Menos de $500,"Disfruto de actividades artísticas como la música, el teatro o la literatura que involucran la creación de obras y expresiones creativas.",Explorar nuevas tecnologías y sus impactos en la sociedad.,"Biología,  Física","Medicina, Otro",Familia,5,Positivo,5,Falta de recursos educativos,Salud,5.0,3.0,No estoy seguro(a),3.0,Medio ambiente,5.0,Poco informado/a,0,0,0,3,1,3,1,4,1.0,1,5,5,2.0,1,0,0,0,0,0,0,0,0,0,0,0,0,1,0,0,1,0,0,0,0,0,0,0,0,1,1,0,0,0,0,0,0,0,0,1,1,0,0,0,1,0,0,0,0,0,0,0,0,1,0,0,0,0,1,1,1,1,0,0,1,1,0
17,Masculino,VICENTE ANDA AGUIRRE,Rural,Tercero de bachillerato,Español,Bachillerato,$1001 - $2000,"Me interesa trabajar con herramientas, máquinas y equipos., Disfruto arreglando o construyendo cosas físicas (por ejemplo, reparaciones en casa, proyectos de bricolaje)., Disfruto explorando y aprendiendo sobre seres vivos como animales, peces y plantas., Encuentro fascinante la ingeniería y cómo se utiliza para diseñar y construir soluciones prácticas a problemas cotidianos y globales., Disfruto explorando temas relacionados con ciencia ficción y avances científicos futuristas., Encuentros fascinantes los misterios sin resolver y me gusta buscar soluciones lógicas y científicas para resolverlos., Me gusta leer novelas de detectives y explorar el razonamiento detrás de los casos y las soluciones propuestas.","Analizar datos para encontrar patrones y conclusiones., Aprender sobre nuevos descubrimientos científicos., Explorar nuevas tecnologías y sus impactos en la sociedad., Resolver problemas usando herramientas y software tecnológico., Diseñar y construir estructuras o dispositivos prácticos., Resolver problemas complejos de manera creativa., Analizar datos y realizar interpretaciones estadísticas","Biología,  Física,  Tecnología","Investigador/a científico/a, Médico Forense, Otro",Nadie en particular,4,Neutro,5,Falta de recursos educativos,Salud,5.0,3.0,Innovar y crear nuevas tecnologías,4.0,Salud,5.0,Informado/a,1,0,0,3,1,3,3,3,1.0,1,2,1,4.0,1,1,1,0,1,1,0,0,1,1,1,0,0,0,1,1,1,1,1,1,0,0,1,0,0,1,1,0,1,0,1,0,0,0,0,1,1,0,0,0,1,0,0,0,0,0,1,0,0,0,1,0,0,0,0,1,1,1,0,1,1,0,1
16,Femenino,VICENTE ANDA AGUIRRE,Rural,Tercero de bachillerato,Español,Bachillerato,$2000 - $3000,"Disfruto arreglando o construyendo cosas físicas (por ejemplo, reparaciones en casa, proyectos de bricolaje)., Disfruto explorando y aprendiendo sobre seres vivos como animales, peces y plantas., Encuentros fascinantes los misterios sin resolver y me gusta buscar soluciones lógicas y científicas para resolverlos., Me gusta leer novelas de detectives y explorar el razonamiento detrás de los casos y las soluciones propuestas., Me interesa trabajar con materiales físicos (como pinturas, arcilla, telas) para crear productos artísticos., Disfruto de actividades artísticas como la música, el teatro o la literatura que involucran la creación de obras y expresiones creativas.","Analizar datos para encontrar patrones y conclusiones., Aprender sobre nuevos descubrimientos científicos., Crear obras artísticas como pinturas, dibujos o esculturas.","Biología,  Arte","Médico, Otro",Nadie en particular,5,Neutro,5,Falta de recursos educativos,Salud,5.0,5.0,Mejorar la calidad de vida de las personas,4.0,Salud,5.0,Muy informado/a,0,0,0,3,1,3,4,3,1.0,1,1,1,5.0,1,0,1,0,1,0,0,0,0,1,1,1,0,1,1,1,0,0,0,0,1,0,0,0,0,1,0,0,0,1,0,0,0,0,0,1,1,0,0,0,1,0,0,0,0,1,0,0,0,0,1,0,0,0,0,1,1,1,1,1,1,0,1
17,Masculino,VICENTE ANDA AGUIRRE,Rural,Tercero de bachillerato,Español,Bachillerato,Menos de $500,"Disfruto explorando y aprendiendo sobre seres vivos como animales, peces y plantas.","Explorar nuevas tecnologías y sus impactos en la sociedad., Resolver problemas matemáticos y encontrar soluciones eficientes","Matemáticas,  Biología",Ingeniero/a civil,Familia,1,Positivo,5,Falta de recursos educativos,Tecnología,3.0,4.0,Mejorar la calidad de vida de las personas,5.0,Educación,3.0,Informado/a,1,0,0,3,1,3,1,4,1.0,2,1,3,4.0,1,0,0,0,1,0,0,0,0,0,0,0,0,0,0,0,1,0,0,0,0,0,0,1,1,1,0,0,0,0,0,0,1,0,0,0,1,0,0,0,0,1,0,0,0,1,0,0,0,0,0,0,1,0,0,0,1,0,1,1,0,1,1
17,Masculino,VICENTE ANDA AGUIRRE,Rural,Tercero de bachillerato,Español,Bachillerato,$2000 - $3000,"Me interesa trabajar con herramientas, máquinas y equipos.",Compartir y recibir retroalimentación sobre tu arte.,Biología,Artista digital,Familia,3,Neutro,3,Dificultad en las materias,Arte,3.0,3.0,Contribuir a la sostenibilidad,3.0,Salud,2.0,Neutro,1,0,0,3,1,3,4,3,3.0,4,3,1,3.0,3,1,0,0,0,0,0,0,0,0,0,0,0,0,0,0,0,0,0,0,0,1,0,0,0,1,0,0,0,0,0,0,0,1,0,0,0,0,1,0,0,0,0,1,0,0,0,1,0,0,1,0,0,0,0,0,0,0,0,0,0,0,0
17,Masculino,VICENTE ANDA AGUIRRE,Rural,Tercero de bachillerato,Español,Bachillerato,$501 - $1000,"Disfruto arreglando o construyendo cosas físicas (por ejemplo, reparaciones en casa, proyectos de bricolaje)., Encuentro fascinante la ingeniería y cómo se utiliza para diseñar y construir soluciones prácticas a problemas cotidianos y globales.","Diseñar y construir estructuras o dispositivos prácticos., Crear obras artísticas como pinturas, dibujos o esculturas.",Química,"Ingeniero/a civil,",Nadie en particular,1,Neutro,4,Otro,Salud,1.0,4.0,No estoy seguro(a),3.0,Educación,1.0,Neutro,1,0,0,3,1,3,2,3,3.0,1,5,3,3.0,4,0,1,0,0,1,0,0,0,0,0,0,0,0,0,0,0,0,1,0,1,0,0,0,0,0,0,1,0,0,0,0,1,0,0,0,0,0,0,1,1,0,0,0,0,0,0,0,0,1,0,0,1,0,0,0,1,0,1,0,0,0,0
17,Masculino,VICENTE ANDA AGUIRRE,Rural,Tercero de bachillerato,Español,Bachillerato,Menos de $500,"Disfruto de actividades artísticas como la música, el teatro o la literatura que involucran la creación de obras y expresiones creativas.",Explorar nuevas tecnologías y sus impactos en la sociedad.,Matemáticas,"Desarrollador/a de software,  Ingeniero/a civil",Familia,2,Positivo,5,Falta de recursos educativos,Tecnología,3.0,4.0,Mejorar la calidad de vida de las personas,4.0,Educación,2.0,Informado/a,1,0,0,3,1,3,1,4,1.0,2,1,3,4.0,1,0,0,0,0,0,0,0,0,0,0,0,0,1,0,0,1,0,0,0,0,0,0,0,1,0,0,0,0,0,0,1,1,0,0,0,1,0,0,0,0,1,0,0,0,1,0,0,0,0,0,0,1,0,0,0,1,0,1,1,0,1,1
17,Masculino,VICENTE ANDA AGUIRRE,Rural,Tercero de bachillerato,Español,Bachillerato,$501 - $1000,"Disfruto arreglando o construyendo cosas físicas (por ejemplo, reparaciones en casa, proyectos de bricolaje)., Encuentro fascinante la ingeniería y cómo se utiliza para diseñar y construir soluciones prácticas a problemas cotidianos y globales.",Diseñar y construir estructuras o dispositivos prácticos.,Química,"Cultura física o deporte, Otro",Nadie en particular,1,Neutro,4,Otro,Salud,1.0,4.0,No estoy seguro(a),3.0,Educación,1.0,Informado/a,1,0,0,3,1,3,2,3,3.0,1,5,3,4.0,4,0,1,0,0,1,0,0,0,0,0,0,0,0,0,0,0,0,1,0,0,0,0,0,0,0,0,1,0,0,0,0,0,0,0,1,0,0,0,1,1,0,0,0,0,0,0,0,0,1,0,0,1,0,0,0,1,0,1,0,0,0,1
17,Femenino,VICENTE ANDA AGUIRRE,Rural,Tercero de bachillerato,Español,Bachillerato,Menos de $500,"Disfruto explorando temas relacionados con arte y belleza visual en diferentes formas de expresión (dibujo, pintura, escultura)., Disfruto de actividades artísticas como la música, el teatro o la literatura que involucran la creación de obras y expresiones creativas.","Crear obras artísticas como pinturas, dibujos o esculturas.",Biología,Ingeniero/a civil,Familia,2,Negativo,5,Falta de recursos educativos,Educación (T/S/A),5.0,5.0,No estoy seguro(a),1.0,Educación,5.0,Poco informado/a,0,0,0,3,1,3,1,2,1.0,5,5,3,2.0,1,0,0,0,0,0,0,0,0,0,0,0,1,1,0,0,0,0,0,0,1,0,0,0,0,1,0,0,0,0,0,0,1,0,0,0,1,0,0,0,0,0,0,0,1,0,0,0,0,1,0,0,1,0,0,0,1,1,1,0,1,0,0
17,Femenino,VICENTE ANDA AGUIRRE,Rural,Tercero de bachillerato,Español,Bachillerato,Menos de $500,"Encuentro fascinante la ingeniería y cómo se utiliza para diseñar y construir soluciones prácticas a problemas cotidianos y globales., Disfruto explorando temas relacionados con arte y belleza visual en diferentes formas de expresión (dibujo, pintura, escultura)., Disfruto de actividades artísticas como la música, el teatro o la literatura que involucran la creación de obras y expresiones creativas.","Resolver problemas complejos de manera creativa., Crear obras artísticas como pinturas, dibujos o esculturas., Analizar datos y realizar interpretaciones estadísticas",Biología,Ingeniero/a civil,Familia,1,Negativo,5,Falta de recursos educativos,Educación (T/S/A),2.0,5.0,No estoy seguro(a),1.0,Educación,1.0,Poco informado/a,0,0,0,3,1,3,1,2,1.0,5,5,3,2.0,1,0,0,0,0,1,0,0,0,0,0,0,1,1,0,0,0,0,0,1,1,0,1,0,0,1,0,0,0,0,0,0,1,0,0,0,1,0,0,0,0,0,0,0,1,0,0,0,0,1,0,0,1,0,0,0,1,0,1,0,0,0,0
17,Femenino,VICENTE ANDA AGUIRRE,Rural,Tercero de bachillerato,Español,Bachillerato,Menos de $500,"Me interesa trabajar con herramientas, máquinas y equipos., Disfruto de actividades artísticas como la música, el teatro o la literatura que involucran la creación de obras y expresiones creativas.","Resolver problemas complejos de manera creativa., Compartir y recibir retroalimentación sobre tu arte.",Matemáticas,"Investigador/a científico/a, Otro",Familia,3,Neutro,3,Dificultad en las materias,Educación (T/S/A),3.0,3.0,Contribuir a la sostenibilidad,2.0,Educación,3.0,Poco informado/a,0,0,0,3,1,3,1,3,3.0,5,3,3,2.0,3,1,0,0,0,0,0,0,0,0,0,0,0,1,0,0,0,0,0,1,0,1,0,0,1,0,0,0,0,0,1,0,0,0,0,1,0,0,1,0,0,0,0,0,1,0,0,1,0,0,0,0,1,0,0,0,0,0,0,0,0,0,0
17,Masculino,VICENTE ANDA AGUIRRE,Rural,Tercero de bachillerato,Español,Bachillerato,Menos de $500,"Me interesa trabajar con herramientas, máquinas y equipos.",Diseñar y construir estructuras o dispositivos prácticos.,Matemáticas,Artista digital,Familia,1,Positivo,2,Falta de recursos educativos,Tecnología,3.0,4.0,Innovar y crear nuevas tecnologías,3.0,Energía,3.0,Poco informado/a,1,0,0,3,1,3,1,4,1.0,2,2,2,2.0,1,1,0,0,0,0,0,0,0,0,0,0,0,0,0,0,0,0,1,0,0,0,0,0,1,0,0,0,0,0,0,0,0,1,0,0,1,0,0,0,0,1,0,0,0,0,1,0,0,0,0,1,0,0,0,0,0,0,1,0,0,1,0
14,Femenino,VICENTE ANDA AGUIRRE,Rural,Primero de bachillerato,Español,Bachillerato,Menos de $500,"Disfruto explorando temas relacionados con ciencia ficción y avances científicos futuristas., Disfruto explorando temas relacionados con arte y belleza visual en diferentes formas de expresión (dibujo, pintura, escultura).","Aprender sobre nuevos descubrimientos científicos., Crear obras artísticas como pinturas, dibujos o esculturas.","Biología,  Física,  Química","Investigador/a científico/a,  Artista digital, Otro",Familia,1,Neutro,3,Otro,Medio ambiente,3.0,4.0,Innovar y crear nuevas tecnologías,4.0,Educación,3.0,Poco informado/a,0,0,0,1,1,3,1,3,3.0,3,2,3,2.0,4,0,0,0,0,0,0,0,1,0,0,0,1,0,0,1,0,0,0,0,1,0,0,0,0,1,1,1,0,0,1,0,0,1,0,1,0,0,0,1,0,0,1,0,0,0,1,0,0,0,0,0,1,0,0,0,0,0,1,1,0,0,0
16,Femenino,VICENTE ANDA AGUIRRE,Rural,Tercero de bachillerato,Español,Bachillerato,$501 - $1000,Me gusta leer novelas de detectives y explorar el razonamiento detrás de los casos y las soluciones propuestas.,Explorar nuevas tecnologías y sus impactos en la sociedad.,Matemáticas,"Matemático/a o estadístico/a,, Otro",Familia,3,Neutro,3,Dificultad en las materias,Salud,2.0,3.0,No estoy seguro(a),3.0,Energía,1.0,Neutro,0,0,0,3,1,3,2,3,3.0,1,5,2,3.0,3,0,0,0,0,0,0,0,0,0,1,0,0,0,0,0,1,0,0,0,0,0,0,0,1,0,0,0,0,0,0,0,0,0,1,1,0,0,1,0,1,0,0,0,0,0,0,0,0,1,0,1,0,0,0,0,0,0,0,0,0,0,0
17,Femenino,VICENTE ANDA AGUIRRE,Rural,Tercero de bachillerato,Español,Bachillerato,Menos de $500,"Disfruto explorando y aprendiendo sobre seres vivos como animales, peces y plantas.","Crear obras artísticas como pinturas, dibujos o esculturas.",Biología,"Ingeniería agronoma, Otro","Familia,  Nadie en particular",2,Neutro,3,Dificultad en las materias,Educación (T/S/A),3.0,5.0,No estoy seguro(a),2.0,Educación,3.0,Neutro,0,0,0,3,1,3,1,3,3.0,5,5,3,3.0,3,0,0,0,1,0,0,0,0,0,0,0,0,0,0,0,0,0,0,0,1,0,0,0,0,1,0,0,0,0,0,0,0,0,0,1,0,0,1,0,0,0,0,0,1,0,0,0,0,1,0,0,1,0,0,0,0,0,1,0,0,0,0
16,Masculino,VICENTE ANDA AGUIRRE,Rural,Segundo de bachillerato,Español,Bachillerato,Menos de $500,"Me interesa trabajar con herramientas, máquinas y equipos., Disfruto arreglando o construyendo cosas físicas (por ejemplo, reparaciones en casa, proyectos de bricolaje)., Me gusta leer novelas de detectives y explorar el razonamiento detrás de los casos y las soluciones propuestas., Disfruto explorando temas relacionados con arte y belleza visual en diferentes formas de expresión (dibujo, pintura, escultura).","Aprender sobre nuevos descubrimientos científicos., Resolver problemas complejos de manera creativa., Analizar datos y realizar interpretaciones estadísticas",Biología,Ingeniero/a civil,Familia,1,Positivo,1,Falta de recursos educativos,Salud,1.0,5.0,No estoy seguro(a),1.0,Salud,1.0,Poco informado/a,1,0,0,2,1,3,1,4,1.0,1,5,1,2.0,1,1,1,0,0,0,0,0,0,0,1,0,1,0,0,1,0,0,0,1,0,0,1,0,0,1,0,0,0,0,0,0,1,0,0,0,1,0,0,0,1,0,0,0,0,0,0,0,0,1,1,0,0,0,0,0,0,0,1,0,0,1,0
15,Masculino,VICENTE ANDA AGUIRRE,Rural,Primero de bachillerato,Español,Bachillerato,Menos de $500,"Disfruto explorando y aprendiendo sobre seres vivos como animales, peces y plantas.",Resolver problemas complejos de manera creativa.,Matemáticas,Ingeniero/a civil,Familia,1,Positivo,5,Falta de recursos educativos,Salud,5.0,3.0,Contribuir a la sostenibilidad,5.0,Salud,5.0,Poco informado/a,1,0,0,1,1,3,1,4,1.0,1,3,1,2.0,1,0,0,0,1,0,0,0,0,0,0,0,0,0,0,0,0,0,0,1,0,0,0,0,1,0,0,0,0,0,0,0,1,0,0,0,1,0,0,0,1,0,0,0,0,0,0,1,0,0,1,0,0,0,0,0,1,1,0,1,1,1,0
16,Masculino,VICENTE ANDA AGUIRRE,Rural,Segundo de bachillerato,Español,Bachillerato,Menos de $500,"Me interesa investigar fenómenos físicos, biológicos y/o culturales para entender sus causas y efectos.","Aprender sobre nuevos descubrimientos científicos., Explorar nuevas tecnologías y sus impactos en la sociedad.",Química,"Investigador/a científico/a, Futbolista, Otro",Nadie en particular,1,Neutro,4,Dificultad en las materias,Tecnología,3.0,3.0,No estoy seguro(a),3.0,Energía,3.0,Nada informado/a,1,0,0,2,1,3,1,3,3.0,2,5,2,1.0,3,0,0,0,0,0,1,0,0,0,0,0,0,0,0,1,1,0,0,0,0,0,0,0,0,0,0,1,0,0,1,0,0,0,0,1,0,0,1,0,0,1,0,0,0,0,0,0,0,1,0,1,0,0,0,0,1,0,0,0,0,0,0
15,Masculino,VICENTE ANDA AGUIRRE,Urbana,Primero de bachillerato,Español,Bachillerato,Menos de $500,"Me interesa trabajar con herramientas, máquinas y equipos., Disfruto arreglando o construyendo cosas físicas (por ejemplo, reparaciones en casa, proyectos de bricolaje).",Diseñar y construir estructuras o dispositivos prácticos.,Física,"Desarrollador/a de software,  Artista digital",Nadie en particular,5,Neutro,3,Falta de apoyo familiar,Salud,2.0,5.0,Mejorar la calidad de vida de las personas,3.0,Educación,1.0,Neutro,1,0,1,1,1,3,1,3,2.0,1,1,3,3.0,2,1,1,0,0,0,0,0,0,0,0,0,0,0,0,0,0,0,1,0,0,0,0,0,0,0,1,0,0,0,0,1,0,1,0,0,0,1,0,0,1,0,0,0,0,1,0,0,0,0,0,0,1,0,0,1,0,0,1,0,0,0,0
15,Masculino,VICENTE ANDA AGUIRRE,Urbana,Primero de bachillerato,Español,Bachillerato,$501 - $1000,"Disfruto arreglando o construyendo cosas físicas (por ejemplo, reparaciones en casa, proyectos de bricolaje)., Me siento atraído/a por temas relacionados con mecánica y automóviles.","Explorar nuevas tecnologías y sus impactos en la sociedad., Resolver problemas usando herramientas y software tecnológico.","Matemáticas,  Tecnología","Desarrollador/a de software,  Ingeniero/a civil",Familia,3,Positivo,5,Falta de recursos educativos,Medio ambiente,4.0,4.0,Mejorar la calidad de vida de las personas,4.0,Medio ambiente,4.0,Informado/a,1,0,1,1,1,3,2,4,1.0,3,1,5,4.0,1,0,1,1,0,0,0,0,0,0,0,0,0,0,0,0,1,1,0,0,0,0,0,0,1,0,0,0,1,0,0,1,1,0,0,0,1,0,0,0,0,0,1,0,0,1,0,0,0,0,0,0,0,0,1,0,1,1,1,1,1,1,1
16,Masculino,VICENTE ANDA AGUIRRE,Urbana,Segundo de bachillerato,Español,Bachillerato,Menos de $500,"Me interesa trabajar con herramientas, máquinas y equipos., Encuentro fascinante la ingeniería y cómo se utiliza para diseñar y construir soluciones prácticas a problemas cotidianos y globales., Encuentros fascinantes los misterios sin resolver y me gusta buscar soluciones lógicas y científicas para resolverlos., Me gusta leer novelas de detectives y explorar el razonamiento detrás de los casos y las soluciones propuestas.","Explorar nuevas tecnologías y sus impactos en la sociedad., Resolver problemas usando herramientas y software tecnológico., Resolver problemas complejos de manera creativa., Crear obras artísticas como pinturas, dibujos o esculturas., Analizar datos y realizar interpretaciones estadísticas",Química,"Ingeniero/a civil,  Matemático/a o estadístico/a, Otro",Familia,1,Neutro,3,Dificultad en las materias,Tecnología,1.0,2.0,Mejorar la calidad de vida de las personas,1.0,Educación,1.0,Informado/a,1,0,1,2,1,3,1,3,3.0,2,1,3,4.0,3,1,0,0,0,1,0,0,0,1,1,0,0,0,0,0,1,1,0,1,1,0,1,0,0,0,0,1,0,0,0,0,1,0,1,1,0,0,1,0,0,1,0,0,0,1,0,0,0,0,0,0,1,0,0,0,0,0,0,0,0,0,1
17,Femenino,VICENTE ANDA AGUIRRE,Urbana,Segundo de bachillerato,Español,Bachillerato,Menos de $500,"Disfruto explorando temas relacionados con ciencia ficción y avances científicos futuristas., Me gusta leer novelas de detectives y explorar el razonamiento detrás de los casos y las soluciones propuestas., Me interesa trabajar con materiales físicos (como pinturas, arcilla, telas) para crear productos artísticos., Disfruto explorando temas relacionados con arte y belleza visual en diferentes formas de expresión (dibujo, pintura, escultura)., Disfruto de actividades artísticas como la música, el teatro o la literatura que involucran la creación de obras y expresiones creativas.","Crear obras artísticas como pinturas, dibujos o esculturas., Compartir y recibir retroalimentación sobre tu arte.",Arte,Desarrollador/a de software,Nadie en particular,3,Positivo,5,Dificultad en las materias,Medio ambiente,4.0,5.0,Mejorar la calidad de vida de las personas,4.0,Educación,3.0,Neutro,0,0,1,2,1,3,1,4,3.0,3,1,3,3.0,3,0,0,0,0,0,0,0,1,0,1,1,1,1,0,0,0,0,0,0,1,1,0,0,0,0,0,0,0,1,0,1,0,0,0,0,0,0,1,0,0,0,1,0,0,1,0,0,0,0,0,0,1,0,0,0,1,1,1,1,0,1,0
16,Femenino,VICENTE ANDA AGUIRRE,Urbana,Tercero de bachillerato,Español,Bachillerato,Menos de $500,"Disfruto explorando temas relacionados con arte y belleza visual en diferentes formas de expresión (dibujo, pintura, escultura).",Analizar datos para encontrar patrones y conclusiones.,"Biología,  Tecnología",Artista digital,Familia,3,Neutro,2,Dificultad en las materias,Educación (T/S/A),2.0,3.0,Innovar y crear nuevas tecnologías,2.0,Energía,2.0,Informado/a,0,0,1,3,1,3,1,3,3.0,5,2,2,4.0,3,0,0,0,0,0,0,0,0,0,0,0,1,0,1,0,0,0,0,0,0,0,0,0,0,1,0,0,1,0,0,0,0,1,0,0,0,0,1,0,0,0,0,0,1,0,1,0,0,0,0,1,0,0,0,0,0,0,0,0,0,0,1
18,Masculino,VICENTE ANDA AGUIRRE,Urbana,Tercero de bachillerato,Español,Bachillerato,$501 - $1000,"Me interesa trabajar con herramientas, máquinas y equipos.",Diseñar y construir estructuras o dispositivos prácticos.,Matemáticas,Ingeniero/a civil,Familia,4,Neutro,3,Falta de recursos educativos,Educación (T/S/A),4.0,3.0,No estoy seguro(a),4.0,Educación,3.0,Poco informado/a,1,0,1,3,1,3,2,3,1.0,5,5,3,2.0,1,1,0,0,0,0,0,0,0,0,0,0,0,0,0,0,0,0,1,0,0,0,0,0,1,0,0,0,0,0,0,0,1,0,0,0,1,0,0,0,0,0,0,0,1,0,0,0,0,1,0,0,1,0,0,1,0,1,0,1,0,0,0
16,Masculino,VICENTE ANDA AGUIRRE,Urbana,Segundo de bachillerato,Español,Bachillerato,$501 - $1000,"Me interesa trabajar con herramientas, máquinas y equipos.",Aprender sobre nuevos descubrimientos científicos.,Arte,"Matemático/a o estadístico/a, Otro",Familia,2,Neutro,5,Dificultad en las materias,Salud,1.0,1.0,Mejorar la calidad de vida de las personas,2.0,Energía,3.0,Neutro,1,0,1,2,1,3,2,3,3.0,1,1,2,3.0,3,1,0,0,0,0,0,0,0,0,0,0,0,0,0,1,0,0,0,0,0,0,0,0,0,0,0,0,0,1,0,0,0,0,1,1,0,0,1,0,1,0,0,0,0,1,0,0,0,0,0,1,0,0,0,0,1,0,0,0,0,0,0
15,Femenino,VICENTE ANDA AGUIRRE,Urbana,Segundo de bachillerato,Español,Bachillerato,$1001 - $2000,"Me gusta leer novelas de detectives y explorar el razonamiento detrás de los casos y las soluciones propuestas., Me interesa trabajar con materiales físicos (como pinturas, arcilla, telas) para crear productos artísticos., Disfruto explorando temas relacionados con arte y belleza visual en diferentes formas de expresión (dibujo, pintura, escultura)., Disfruto de actividades artísticas como la música, el teatro o la literatura que involucran la creación de obras y expresiones creativas.",Compartir y recibir retroalimentación sobre tu arte.,Química,"Negocios internacionales y psicología, Otro",Familia,3,Neutro,4,Dificultad en las materias,Tecnología,3.0,5.0,Contribuir a la sostenibilidad,5.0,Medio ambiente,3.0,Neutro,0,0,1,2,1,3,3,3,3.0,2,3,5,3.0,3,0,0,0,0,0,0,0,0,0,1,1,1,1,0,0,0,0,0,0,0,1,0,0,0,0,0,1,0,0,0,0,0,0,0,1,0,0,1,0,0,1,0,0,0,0,0,1,0,0,0,0,0,0,1,0,1,0,1,1,0,0,0
17,Masculino,VICENTE ANDA AGUIRRE,Urbana,Tercero de bachillerato,Español,Bachillerato,Menos de $500,"Me interesa trabajar con herramientas, máquinas y equipos.","Crear obras artísticas como pinturas, dibujos o esculturas.",Biología,Ingeniero/a civil,Redes sociales,5,Positivo,5,Dificultad en las materias,Educación (T/S/A),1.0,5.0,Mejorar la calidad de vida de las personas,1.0,Salud,5.0,Muy informado/a,1,0,1,3,1,3,1,4,3.0,5,1,1,5.0,3,1,0,0,0,0,0,0,0,0,0,0,0,0,0,0,0,0,0,0,1,0,0,0,0,1,0,0,0,0,0,0,1,0,0,0,0,0,1,0,0,0,0,0,1,1,0,0,0,0,1,0,0,0,0,1,1,0,1,0,1,1,1
17,Femenino,VICENTE ANDA AGUIRRE,Urbana,Tercero de bachillerato,Español,Bachillerato,Menos de $500,"Me interesa trabajar con herramientas, máquinas y equipos., Me interesa trabajar con materiales físicos (como pinturas, arcilla, telas) para crear productos artísticos.","Resolver problemas usando herramientas y software tecnológico., Diseñar y construir estructuras o dispositivos prácticos., Resolver problemas complejos de manera creativa., Crear obras artísticas como pinturas, dibujos o esculturas., Compartir y recibir retroalimentación sobre tu arte., Analizar datos y realizar interpretaciones estadísticas, Resolver problemas matemáticos y encontrar soluciones eficientes","Biología,  Arte","Investigador/a científico/a,  Ingeniero/a civil,  Artista digital, Otro",Nadie en particular,4,Neutro,2,Falta de recursos educativos,Arte,4.0,5.0,Mejorar la calidad de vida de las personas,3.0,Educación,2.0,Neutro,0,0,1,3,1,3,1,3,1.0,4,1,3,3.0,1,1,0,0,0,0,0,0,0,0,0,1,0,0,0,0,0,1,1,1,1,1,1,1,0,1,0,0,0,1,1,0,1,1,0,1,1,0,0,0,0,0,0,1,0,1,0,0,0,0,0,0,1,0,0,1,0,1,1,0,0,0,0
17,Femenino,VICENTE ANDA AGUIRRE,Urbana,Tercero de bachillerato,Español,Bachillerato,$501 - $1000,"Me interesa trabajar con materiales físicos (como pinturas, arcilla, telas) para crear productos artísticos., Disfruto explorando temas relacionados con arte y belleza visual en diferentes formas de expresión (dibujo, pintura, escultura)., Disfruto de actividades artísticas como la música, el teatro o la literatura que involucran la creación de obras y expresiones creativas.","Resolver problemas complejos de manera creativa., Crear obras artísticas como pinturas, dibujos o esculturas., Resolver problemas matemáticos y encontrar soluciones eficientes","Matemáticas,  Arte",Artista digital,Nadie en particular,3,Positivo,1,Falta de recursos educativos,Tecnología,4.0,5.0,No estoy seguro(a),4.0,Salud,4.0,Poco informado/a,0,0,1,3,1,3,2,4,1.0,2,5,1,2.0,1,0,0,0,0,0,0,0,0,0,0,1,1,1,0,0,0,0,0,1,1,0,0,1,1,0,0,0,0,1,0,0,0,1,0,0,1,0,0,0,0,1,0,0,0,0,0,0,0,1,1,0,0,0,0,0,0,1,1,1,1,1,0
16,Masculino,VICENTE ANDA AGUIRRE,Urbana,Segundo de bachillerato,Español,Bachillerato,Menos de $500,"Me interesa trabajar con herramientas, máquinas y equipos.",Aprender sobre nuevos descubrimientos científicos.,Tecnología,Ingeniero/a civil,"Familia,  Nadie en particular",4,Positivo,5,Falta de recursos educativos,Tecnología,5.0,3.0,Desarrollar nuevas ideas artísticas,3.0,Educación,4.0,Informado/a,1,0,1,2,1,3,1,4,1.0,2,4,3,4.0,1,1,0,0,0,0,0,0,0,0,0,0,0,0,0,1,0,0,0,0,0,0,0,0,0,0,0,0,1,0,0,0,1,0,0,0,1,0,0,0,0,1,0,0,0,0,0,0,1,0,0,0,1,0,0,1,1,1,0,0,1,1,1
15,Masculino,VICENTE ANDA AGUIRRE,Urbana,Primero de bachillerato,Español,Bachillerato,Menos de $500,"Disfruto arreglando o construyendo cosas físicas (por ejemplo, reparaciones en casa, proyectos de bricolaje).",Analizar datos para encontrar patrones y conclusiones.,Física,Ingeniero/a civil,Familia,4,Positivo,3,Falta de apoyo familiar,Salud,3.0,4.0,Desarrollar nuevas ideas artísticas,3.0,Educación,3.0,Neutro,1,0,1,1,1,3,1,4,2.0,1,4,3,3.0,2,0,1,0,0,0,0,0,0,0,0,0,0,0,1,0,0,0,0,0,0,0,0,0,0,0,1,0,0,0,0,0,1,0,0,0,0,1,0,0,1,0,0,0,0,0,0,0,1,0,0,0,1,0,0,1,0,0,1,0,0,1,0
17,Femenino,VICENTE ANDA AGUIRRE,Urbana,Tercero de bachillerato,Español,Bachillerato,$501 - $1000,"Me interesa trabajar con herramientas, máquinas y equipos.","Crear obras artísticas como pinturas, dibujos o esculturas.","Matemáticas,  Arte","Asistente de cabina (azafata), Otro",Nadie en particular,1,Neutro,5,Otro,Tecnología,3.0,4.0,No estoy seguro(a),3.0,Educación,3.0,Neutro,0,0,1,3,1,3,2,3,3.0,2,5,3,3.0,4,1,0,0,0,0,0,0,0,0,0,0,0,0,0,0,0,0,0,0,1,0,0,0,1,0,0,0,0,1,0,0,0,0,0,1,0,0,0,1,0,1,0,0,0,0,0,0,0,1,0,0,1,0,0,0,1,0,1,0,0,0,0
15,Femenino,VICENTE ANDA AGUIRRE,Urbana,Primero de bachillerato,Español,Bachillerato,Menos de $500,"Me interesa trabajar con herramientas, máquinas y equipos., Disfruto explorando y aprendiendo sobre seres vivos como animales, peces y plantas., Encuentro fascinante la ingeniería y cómo se utiliza para diseñar y construir soluciones prácticas a problemas cotidianos y globales., Me interesa investigar fenómenos físicos, biológicos y/o culturales para entender sus causas y efectos.",Aprender sobre nuevos descubrimientos científicos.,Biología,"Investigador/a científico/a, Otro",Familia,1,Positivo,2,Falta de recursos educativos,Salud,1.0,2.0,Contribuir a la sostenibilidad,3.0,Salud,3.0,Poco informado/a,0,0,1,1,1,3,1,4,1.0,1,3,1,2.0,1,1,0,0,1,1,1,0,0,0,0,0,0,0,0,1,0,0,0,0,0,0,0,0,0,1,0,0,0,0,1,0,0,0,0,1,1,0,0,0,1,0,0,0,0,0,0,1,0,0,1,0,0,0,0,0,0,0,0,0,0,1,0
17,Masculino,VICENTE ANDA AGUIRRE,Urbana,Tercero de bachillerato,Español,Bachillerato,Menos de $500,"Me interesa trabajar con herramientas, máquinas y equipos.",Analizar datos para encontrar patrones y conclusiones.,Arte,"otros, Otro",Nadie en particular,5,Positivo,1,Otro,Tecnología,1.0,1.0,No estoy seguro(a),1.0,Medio ambiente,5.0,Informado/a,1,0,1,3,1,3,1,4,3.0,2,5,5,4.0,4,1,0,0,0,0,0,0,0,0,0,0,0,0,1,0,0,0,0,0,0,0,0,0,0,0,0,0,0,1,0,0,0,0,0,1,0,0,0,1,0,1,0,0,0,0,0,0,0,1,0,0,0,0,1,1,0,0,0,0,1,1,1
15,Femenino,VICENTE ANDA AGUIRRE,Urbana,Segundo de bachillerato,Español,Bachillerato,Menos de $500,"Me interesa trabajar con herramientas, máquinas y equipos., Encuentros fascinantes los misterios sin resolver y me gusta buscar soluciones lógicas y científicas para resolverlos., Disfruto de actividades artísticas como la música, el teatro o la literatura que involucran la creación de obras y expresiones creativas.","Crear obras artísticas como pinturas, dibujos o esculturas.",Arte,Artista digital,Nadie en particular,3,Neutro,2,Dificultad en las materias,Arte,2.0,3.0,Desarrollar nuevas ideas artísticas,3.0,Educación,3.0,Neutro,0,0,1,2,1,3,1,3,3.0,4,4,3,3.0,3,1,0,0,0,0,0,0,0,1,0,0,0,1,0,0,0,0,0,0,1,0,0,0,0,0,0,0,0,1,0,0,0,1,0,0,0,0,1,0,0,0,0,1,0,0,0,0,1,0,0,0,1,0,0,0,0,0,0,0,0,0,0
16,Masculino,VICENTE ANDA AGUIRRE,Urbana,Segundo de bachillerato,Español,Bachillerato,$501 - $1000,"Me interesa trabajar con herramientas, máquinas y equipos., Disfruto arreglando o construyendo cosas físicas (por ejemplo, reparaciones en casa, proyectos de bricolaje)., Me interesa investigar fenómenos físicos, biológicos y/o culturales para entender sus causas y efectos., Me gusta jugar ajedrez, Disfruto explorando temas relacionados con ciencia ficción y avances científicos futuristas., Encuentros fascinantes los misterios sin resolver y me gusta buscar soluciones lógicas y científicas para resolverlos., Me interesa trabajar con materiales físicos (como pinturas, arcilla, telas) para crear productos artísticos., Disfruto explorando temas relacionados con arte y belleza visual en diferentes formas de expresión (dibujo, pintura, escultura)., Disfruto de actividades artísticas como la música, el teatro o la literatura que involucran la creación de obras y expresiones creativas.","Analizar datos para encontrar patrones y conclusiones., Explorar nuevas tecnologías y sus impactos en la sociedad., Resolver problemas complejos de manera creativa., Crear obras artísticas como pinturas, dibujos o esculturas., Compartir y recibir retroalimentación sobre tu arte., Resolver problemas matemáticos y encontrar soluciones eficientes","Matemáticas,  Física,  Tecnología,  Arte",Desarrollador/a de software,Nadie en particular,3,Neutro,4,Dificultad en las materias,Tecnología,5.0,3.0,Mejorar la calidad de vida de las personas,3.0,Educación,3.0,Poco informado/a,1,0,1,2,1,3,2,3,3.0,2,1,3,2.0,3,1,1,0,0,0,1,1,1,1,0,1,1,1,1,0,1,0,0,1,1,1,0,1,1,0,1,0,1,1,0,1,0,0,0,0,0,0,1,0,0,1,0,0,0,1,0,0,0,0,0,0,1,0,0,0,1,1,0,0,0,0,0
15,Femenino,VICENTE ANDA AGUIRRE,Urbana,Primero de bachillerato,Español,Bachillerato,Menos de $500,"Me interesa trabajar con herramientas, máquinas y equipos., Disfruto explorando temas relacionados con ciencia ficción y avances científicos futuristas., Me gusta leer novelas de detectives y explorar el razonamiento detrás de los casos y las soluciones propuestas., Me interesa trabajar con materiales físicos (como pinturas, arcilla, telas) para crear productos artísticos., Disfruto explorando temas relacionados con arte y belleza visual en diferentes formas de expresión (dibujo, pintura, escultura).","Crear obras artísticas como pinturas, dibujos o esculturas.",Arte,Artista digital,Nadie en particular,1,Neutro,3,Falta de recursos educativos,Arte,1.0,4.0,Desarrollar nuevas ideas artísticas,5.0,Educación,4.0,Poco informado/a,0,0,1,1,1,3,1,3,1.0,4,4,3,2.0,1,1,0,0,0,0,0,0,1,0,1,1,1,0,0,0,0,0,0,0,1,0,0,0,0,0,0,0,0,1,0,0,0,1,0,0,1,0,0,0,0,0,0,1,0,0,0,0,1,0,0,0,1,0,0,0,0,0,1,1,1,0,0
15,Femenino,VICENTE ANDA AGUIRRE,Urbana,Primero de bachillerato,Español,Bachillerato,$501 - $1000,"Disfruto explorando y aprendiendo sobre seres vivos como animales, peces y plantas.",Analizar datos para encontrar patrones y conclusiones.,Física,"Ingenieria Agronomá, Otro",Familia,5,Neutro,5,Dificultad en las materias,Salud,5.0,5.0,Innovar y crear nuevas tecnologías,3.0,Educación,5.0,Neutro,0,0,1,1,1,3,2,3,3.0,1,2,3,3.0,3,0,0,0,1,0,0,0,0,0,0,0,0,0,1,0,0,0,0,0,0,0,0,0,0,0,1,0,0,0,0,0,0,0,0,1,0,0,1,0,1,0,0,0,0,0,1,0,0,0,0,0,1,0,0,1,1,1,1,0,1,0,0
17,Masculino,VICENTE ANDA AGUIRRE,Urbana,Tercero de bachillerato,Español,Bachillerato,Menos de $500,"Me interesa trabajar con herramientas, máquinas y equipos., Encuentro fascinante la ingeniería y cómo se utiliza para diseñar y construir soluciones prácticas a problemas cotidianos y globales., Disfruto explorando temas relacionados con arte y belleza visual en diferentes formas de expresión (dibujo, pintura, escultura).","Analizar datos para encontrar patrones y conclusiones., Resolver problemas usando herramientas y software tecnológico., Analizar datos y realizar interpretaciones estadísticas","Matemáticas,  Arte","Desarrollador/a de software, Auditor/contador, Otro",Nadie en particular,1,Neutro,3,Falta de recursos educativos,Tecnología,4.0,4.0,Mejorar la calidad de vida de las personas,3.0,Educación,5.0,Informado/a,1,0,1,3,1,3,1,3,1.0,2,1,3,4.0,1,1,0,0,0,1,0,0,0,0,0,0,1,0,1,0,0,1,0,0,0,0,1,0,1,0,0,0,0,1,0,1,0,0,0,1,1,0,0,0,0,1,0,0,0,1,0,0,0,0,0,0,1,0,0,0,0,1,1,0,1,0,1
16,Femenino,VICENTE ANDA AGUIRRE,Urbana,Primero de bachillerato,Español,Bachillerato,Menos de $500,"Disfruto de actividades artísticas como la música, el teatro o la literatura que involucran la creación de obras y expresiones creativas.",Explorar nuevas tecnologías y sus impactos en la sociedad.,Tecnología,"Profesora, Otro",Nadie en particular,5,Neutro,3,Dificultad en las materias,Educación (T/S/A),3.0,4.0,Desarrollar nuevas ideas artísticas,3.0,Educación,3.0,Neutro,0,0,1,1,1,3,1,3,3.0,5,4,3,3.0,3,0,0,0,0,0,0,0,0,0,0,0,0,1,0,0,1,0,0,0,0,0,0,0,0,0,0,0,1,0,0,0,0,0,0,1,0,0,1,0,0,0,0,0,1,0,0,0,1,0,0,0,1,0,0,1,0,0,1,0,0,0,0
15,Femenino,VICENTE ANDA AGUIRRE,Urbana,Primero de bachillerato,Español,Bachillerato,Menos de $500,"Disfruto de actividades artísticas como la música, el teatro o la literatura que involucran la creación de obras y expresiones creativas.","Crear obras artísticas como pinturas, dibujos o esculturas.",Química,Ingeniero/a civil,Familia,5,Neutro,5,Dificultad en las materias,Salud,3.0,5.0,Mejorar la calidad de vida de las personas,3.0,Educación,5.0,Poco informado/a,0,0,1,1,1,3,1,3,3.0,1,1,3,2.0,3,0,0,0,0,0,0,0,0,0,0,0,0,1,0,0,0,0,0,0,1,0,0,0,0,0,0,1,0,0,0,0,1,0,0,0,0,0,1,0,1,0,0,0,0,1,0,0,0,0,0,0,1,0,0,1,1,0,1,0,1,0,0
15,Femenino,VICENTE ANDA AGUIRRE,Urbana,Primero de bachillerato,Español,Bachillerato,Menos de $500,"Me interesa investigar fenómenos físicos, biológicos y/o culturales para entender sus causas y efectos.","Analizar datos para encontrar patrones y conclusiones., Aprender sobre nuevos descubrimientos científicos., Explorar nuevas tecnologías y sus impactos en la sociedad., Resolver problemas complejos de manera creativa., Crear obras artísticas como pinturas, dibujos o esculturas.",Arte,Artista digital,Nadie en particular,3,Positivo,1,Dificultad en las materias,Tecnología,2.0,3.0,Contribuir a la sostenibilidad,2.0,Energía,1.0,Poco informado/a,0,0,1,1,1,3,1,4,3.0,2,3,2,2.0,3,0,0,0,0,0,1,0,0,0,0,0,0,0,1,1,1,0,0,1,1,0,0,0,0,0,0,0,0,1,0,0,0,1,0,0,0,0,1,0,0,1,0,0,0,0,0,1,0,0,0,1,0,0,0,0,0,0,0,0,0,1,0
17,Masculino,VICENTE ANDA AGUIRRE,Urbana,Tercero de bachillerato,Español,Bachillerato,Menos de $500,"Me interesa trabajar con herramientas, máquinas y equipos.","Analizar datos para encontrar patrones y conclusiones., Aprender sobre nuevos descubrimientos científicos., Explorar nuevas tecnologías y sus impactos en la sociedad., Compartir y recibir retroalimentación sobre tu arte., Analizar datos y realizar interpretaciones estadísticas","Matemáticas,  Física","Investigador/a científico/a, Otro",Familia,3,Positivo,4,Dificultad en las materias,Tecnología,4.0,4.0,Mejorar la calidad de vida de las personas,4.0,Salud,4.0,Informado/a,1,0,1,3,1,3,1,4,3.0,2,1,1,4.0,3,1,0,0,0,0,0,0,0,0,0,0,0,0,1,1,1,0,0,0,0,1,1,0,1,0,1,0,0,0,1,0,0,0,0,1,0,0,1,0,0,1,0,0,0,1,0,0,0,0,1,0,0,0,0,0,1,1,1,1,1,1,1
15,Masculino,VICENTE ANDA AGUIRRE,Urbana,Primero de bachillerato,Español,Bachillerato,Menos de $500,"Disfruto explorando y aprendiendo sobre seres vivos como animales, peces y plantas.",Aprender sobre nuevos descubrimientos científicos.,Biología,"Ingeniero/a civil,",Nadie en particular,3,Neutro,3,Dificultad en las materias,Medio ambiente,4.0,4.0,Contribuir a la sostenibilidad,4.0,Medio ambiente,4.0,Neutro,1,0,1,1,1,3,1,3,3.0,3,3,5,3.0,3,0,0,0,1,0,0,0,0,0,0,0,0,0,0,1,0,0,0,0,0,0,0,0,0,1,0,0,0,0,0,0,1,0,0,0,0,0,1,0,0,0,1,0,0,0,0,1,0,0,0,0,0,0,1,0,0,1,1,1,1,0,0
15,Femenino,VICENTE ANDA AGUIRRE,Urbana,Primero de bachillerato,Español,Bachillerato,Menos de $500,Me gusta leer novelas de detectives y explorar el razonamiento detrás de los casos y las soluciones propuestas.,"Aprender sobre nuevos descubrimientos científicos., Crear obras artísticas como pinturas, dibujos o esculturas., Analizar datos y realizar interpretaciones estadísticas","Biología,  Física,  Arte","Artista digital,",Familia,5,Positivo,5,Falta de recursos educativos,Educación (T/S/A),4.0,5.0,Mejorar la calidad de vida de las personas,5.0,Educación,4.0,Neutro,0,0,1,1,1,3,1,4,1.0,5,1,3,3.0,1,0,0,0,0,0,0,0,0,0,1,0,0,0,0,1,0,0,0,0,1,0,1,0,0,1,1,0,0,1,0,0,0,1,0,0,1,0,0,0,0,0,0,0,1,1,0,0,0,0,0,0,1,0,0,1,1,1,1,1,1,1,0
16,Femenino,VICENTE ANDA AGUIRRE,Urbana,Segundo de bachillerato,Español,Bachillerato,Menos de $500,"Disfruto explorando y aprendiendo sobre seres vivos como animales, peces y plantas., Encuentros fascinantes los misterios sin resolver y me gusta buscar soluciones lógicas y científicas para resolverlos., Me gusta leer novelas de detectives y explorar el razonamiento detrás de los casos y las soluciones propuestas., Me interesa trabajar con materiales físicos (como pinturas, arcilla, telas) para crear productos artísticos., Disfruto explorando temas relacionados con arte y belleza visual en diferentes formas de expresión (dibujo, pintura, escultura)., Disfruto de actividades artísticas como la música, el teatro o la literatura que involucran la creación de obras y expresiones creativas.","Crear obras artísticas como pinturas, dibujos o esculturas.","Biología,  Física,  Química,  Arte","Psicología, Otro",Familia,5,Positivo,5,Dificultad en las materias,Educación (T/S/A),3.0,4.0,Desarrollar nuevas ideas artísticas,5.0,Salud,3.0,Neutro,0,0,1,2,1,3,1,4,3.0,5,4,1,3.0,3,0,0,0,1,0,0,0,0,1,1,1,1,1,0,0,0,0,0,0,1,0,0,0,0,1,1,1,0,1,0,0,0,0,0,1,0,0,1,0,0,0,0,0,1,0,0,0,1,0,1,0,0,0,0,1,1,0,1,1,0,1,0
17,Femenino,VICENTE ANDA AGUIRRE,Urbana,Tercero de bachillerato,Español,Bachillerato,Menos de $500,"Me interesa trabajar con materiales físicos (como pinturas, arcilla, telas) para crear productos artísticos.","Aprender sobre nuevos descubrimientos científicos., Resolver problemas complejos de manera creativa., Crear obras artísticas como pinturas, dibujos o esculturas.",Matemáticas,Ingeniero/a civil,Familia,2,Neutro,4,Dificultad en las materias,Salud,3.0,5.0,No estoy seguro(a),1.0,Salud,3.0,Neutro,0,0,1,3,1,3,1,3,3.0,1,5,1,3.0,3,0,0,0,0,0,0,0,0,0,0,1,0,0,0,1,0,0,0,1,1,0,0,0,1,0,0,0,0,0,0,0,1,0,0,0,0,0,1,0,1,0,0,0,0,0,0,0,0,1,1,0,0,0,0,0,1,0,1,0,0,0,0
18,Masculino,VICENTE ANDA AGUIRRE,Urbana,Tercero de bachillerato,Español,Bachillerato,Menos de $500,"Me interesa trabajar con herramientas, máquinas y equipos., Disfruto arreglando o construyendo cosas físicas (por ejemplo, reparaciones en casa, proyectos de bricolaje)., Encuentro fascinante la ingeniería y cómo se utiliza para diseñar y construir soluciones prácticas a problemas cotidianos y globales.","Aprender sobre nuevos descubrimientos científicos., Resolver problemas complejos de manera creativa., Analizar datos y realizar interpretaciones estadísticas",Física,Ingeniero/a civil,Familia,1,Positivo,5,Dificultad en las materias,Salud,5.0,5.0,No estoy seguro(a),5.0,Salud,5.0,Muy informado/a,1,0,1,3,1,3,1,4,3.0,1,5,1,5.0,3,1,1,0,0,1,0,0,0,0,0,0,0,0,0,1,0,0,0,1,0,0,1,0,0,0,1,0,0,0,0,0,1,0,0,0,0,0,1,0,1,0,0,0,0,0,0,0,0,1,1,0,0,0,0,0,1,1,1,1,1,1,1
17,Femenino,VICENTE ANDA AGUIRRE,Urbana,Tercero de bachillerato,Español,Bachillerato,$501 - $1000,"Me interesa trabajar con herramientas, máquinas y equipos., Disfruto explorando y aprendiendo sobre seres vivos como animales, peces y plantas., Me interesa investigar fenómenos físicos, biológicos y/o culturales para entender sus causas y efectos., Encuentros fascinantes los misterios sin resolver y me gusta buscar soluciones lógicas y científicas para resolverlos., Disfruto explorando temas relacionados con arte y belleza visual en diferentes formas de expresión (dibujo, pintura, escultura).","Aprender sobre nuevos descubrimientos científicos., Resolver problemas complejos de manera creativa., Crear obras artísticas como pinturas, dibujos o esculturas.","Biología,  Arte",Artista digital,Familia,3,Positivo,5,Dificultad en las materias,Salud,3.0,5.0,Mejorar la calidad de vida de las personas,3.0,Transporte,4.0,Neutro,0,0,1,3,1,3,2,4,3.0,1,1,4,3.0,3,1,0,0,1,0,1,0,0,1,0,0,1,0,0,1,0,0,0,1,1,0,0,0,0,1,0,0,0,1,0,0,0,1,0,0,0,0,1,0,1,0,0,0,0,1,0,0,0,0,0,0,0,1,0,0,1,0,1,0,1,1,0
15,Masculino,VICENTE ANDA AGUIRRE,Urbana,Primero de bachillerato,Español,Bachillerato,$1001 - $2000,"Me interesa investigar fenómenos físicos, biológicos y/o culturales para entender sus causas y efectos.",Resolver problemas complejos de manera creativa.,"Matemáticas,  Física",Ingeniero/a civil,"Familia,  Amigos",3,Neutro,2,Falta de recursos educativos,Tecnología,3.0,3.0,Innovar y crear nuevas tecnologías,3.0,Salud,3.0,Neutro,1,0,1,1,1,3,3,3,1.0,2,2,1,3.0,1,0,0,0,0,0,1,0,0,0,0,0,0,0,0,0,0,0,0,1,0,0,0,0,1,0,1,0,0,0,0,0,1,0,0,0,1,0,0,0,0,1,0,0,0,0,1,0,0,0,1,0,0,0,0,0,0,0,0,0,0,0,0
14,Femenino,VICENTE ANDA AGUIRRE,Urbana,Primero de bachillerato,Español,Bachillerato,$501 - $1000,"Me interesa trabajar con herramientas, máquinas y equipos., Me siento atraído/a por temas relacionados con mecánica y automóviles., Disfruto explorando y aprendiendo sobre seres vivos como animales, peces y plantas., Encuentro fascinante la ingeniería y cómo se utiliza para diseñar y construir soluciones prácticas a problemas cotidianos y globales., Me interesa investigar fenómenos físicos, biológicos y/o culturales para entender sus causas y efectos.","Analizar datos para encontrar patrones y conclusiones., Resolver problemas usando herramientas y software tecnológico., Diseñar y construir estructuras o dispositivos prácticos., Analizar datos y realizar interpretaciones estadísticas, Resolver problemas matemáticos y encontrar soluciones eficientes","Matemáticas,  Biología,  Tecnología","Desarrollador/a de software,  Matemático/a o estadístico/a, Negocios internacionales o Administración de empresas, Otro",Familia,3,Neutro,5,Falta de recursos educativos,Educación (T/S/A),4.0,4.0,Contribuir a la sostenibilidad,3.0,Salud,3.0,Poco informado/a,0,0,1,1,1,3,2,3,1.0,5,3,1,2.0,1,1,0,1,1,1,1,0,0,0,0,0,0,0,1,0,0,1,1,0,0,0,1,1,1,1,0,0,1,0,0,1,0,0,1,1,1,0,0,0,0,0,0,0,1,0,0,1,0,0,1,0,0,0,0,0,1,1,1,0,0,0,0
17,Femenino,VICENTE ANDA AGUIRRE,Urbana,Segundo de bachillerato,Español,Bachillerato,Menos de $500,Disfruto explorando temas relacionados con ciencia ficción y avances científicos futuristas.,"Aprender sobre nuevos descubrimientos científicos., Resolver problemas usando herramientas y software tecnológico.","Biología,  Química,  Arte","Investigador/a científico/a, Otro",Familia,5,Neutro,3,Falta de recursos educativos,Medio ambiente,5.0,3.0,Mejorar la calidad de vida de las personas,3.0,Energía,3.0,Informado/a,0,0,1,2,1,3,1,3,1.0,3,1,2,4.0,1,0,0,0,0,0,0,0,1,0,0,0,0,0,0,1,0,1,0,0,0,0,0,0,0,1,0,1,0,1,1,0,0,0,0,1,1,0,0,0,0,0,1,0,0,1,0,0,0,0,0,1,0,0,0,1,0,1,0,0,0,0,1
14,Femenino,VICENTE ANDA AGUIRRE,Urbana,Primero de bachillerato,Español,Bachillerato,Menos de $500,"Disfruto explorando y aprendiendo sobre seres vivos como animales, peces y plantas.",Resolver problemas usando herramientas y software tecnológico.,Química,Desarrollador/a de software,Familia,5,Positivo,4,Dificultad en las materias,Salud,3.0,5.0,Mejorar la calidad de vida de las personas,3.0,Educación,3.0,Muy informado/a,0,0,1,1,1,3,1,4,3.0,1,1,3,5.0,3,0,0,0,1,0,0,0,0,0,0,0,0,0,0,0,0,1,0,0,0,0,0,0,0,0,0,1,0,0,0,1,0,0,0,0,0,0,1,0,1,0,0,0,0,1,0,0,0,0,0,0,1,0,0,1,1,0,1,0,0,1,1
17,Femenino,VICENTE ANDA AGUIRRE,Urbana,Tercero de bachillerato,Español,Bachillerato,Menos de $500,Disfruto explorando temas relacionados con ciencia ficción y avances científicos futuristas.,Explorar nuevas tecnologías y sus impactos en la sociedad.,Física,Ingeniero/a civil,"Familia,  Amigos,  Redes sociales",1,Positivo,1,Dificultad en las materias,Medio ambiente,3.0,2.0,No estoy seguro(a),2.0,Educación,2.0,Poco informado/a,0,0,1,3,1,3,1,4,3.0,3,5,3,2.0,3,0,0,0,0,0,0,0,1,0,0,0,0,0,0,0,1,0,0,0,0,0,0,0,0,0,1,0,0,0,0,0,1,0,0,0,0,0,1,0,0,0,1,0,0,0,0,0,0,1,0,0,1,0,0,0,0,0,0,0,0,1,0
17,Femenino,VICENTE ANDA AGUIRRE,Urbana,Tercero de bachillerato,Español,Bachillerato,Menos de $500,"Me interesa trabajar con herramientas, máquinas y equipos.","Analizar datos para encontrar patrones y conclusiones., Aprender sobre nuevos descubrimientos científicos.","Matemáticas,  Biología",Ingeniero/a civil,Familia,4,Positivo,5,Dificultad en las materias,Educación (T/S/A),5.0,3.0,Contribuir a la sostenibilidad,3.0,Salud,5.0,Neutro,0,0,1,3,1,3,1,4,3.0,5,3,1,3.0,3,1,0,0,0,0,0,0,0,0,0,0,0,0,1,1,0,0,0,0,0,0,0,0,1,1,0,0,0,0,0,0,1,0,0,0,0,0,1,0,0,0,0,0,1,0,0,1,0,0,1,0,0,0,0,1,1,1,0,0,1,1,0
17,Masculino,VICENTE ANDA AGUIRRE,Urbana,Tercero de bachillerato,Español,Bachillerato,$1001 - $2000,"Disfruto arreglando o construyendo cosas físicas (por ejemplo, reparaciones en casa, proyectos de bricolaje)., Me interesa trabajar con materiales físicos (como pinturas, arcilla, telas) para crear productos artísticos.",Diseñar y construir estructuras o dispositivos prácticos.,Matemáticas,Ingeniero/a civil,Redes sociales,2,Negativo,5,Dificultad en las materias,Tecnología,3.0,4.0,Contribuir a la sostenibilidad,2.0,Educación,4.0,Informado/a,1,0,1,3,1,3,3,2,3.0,2,3,3,4.0,3,0,1,0,0,0,0,0,0,0,0,1,0,0,0,0,0,0,1,0,0,0,0,0,1,0,0,0,0,0,0,0,1,0,0,0,0,0,1,0,0,1,0,0,0,0,0,1,0,0,0,0,1,0,0,0,1,0,1,0,1,0,1
16,Femenino,VICENTE ANDA AGUIRRE,Urbana,Tercero de bachillerato,Español,Bachillerato,Menos de $500,"Me interesa trabajar con herramientas, máquinas y equipos.",Explorar nuevas tecnologías y sus impactos en la sociedad.,Biología,Ingeniero/a civil,Familia,1,Neutro,1,Falta de recursos educativos,Educación (T/S/A),2.0,4.0,Mejorar la calidad de vida de las personas,5.0,Educación,4.0,Informado/a,0,0,1,3,1,3,1,3,1.0,5,1,3,4.0,1,1,0,0,0,0,0,0,0,0,0,0,0,0,0,0,1,0,0,0,0,0,0,0,0,1,0,0,0,0,0,0,1,0,0,0,1,0,0,0,0,0,0,0,1,1,0,0,0,0,0,0,1,0,0,0,0,0,1,1,1,0,1
17,Masculino,VICENTE ANDA AGUIRRE,Urbana,Tercero de bachillerato,Español,Bachillerato,Menos de $500,"Me interesa trabajar con herramientas, máquinas y equipos.","Analizar datos para encontrar patrones y conclusiones., Aprender sobre nuevos descubrimientos científicos., Explorar nuevas tecnologías y sus impactos en la sociedad.",Arte,Ingeniero/a civil,Familia,4,Neutro,5,Dificultad en las materias,Tecnología,3.0,4.0,No estoy seguro(a),3.0,Salud,3.0,Informado/a,1,0,1,3,1,3,1,3,3.0,2,5,1,4.0,3,1,0,0,0,0,0,0,0,0,0,0,0,0,1,1,1,0,0,0,0,0,0,0,0,0,0,0,0,1,0,0,1,0,0,0,0,0,1,0,0,1,0,0,0,0,0,0,0,1,1,0,0,0,0,1,1,0,1,0,0,0,1
17,Femenino,VICENTE ANDA AGUIRRE,Urbana,Tercero de bachillerato,Español,Bachillerato,$501 - $1000,"Encuentro fascinante la ingeniería y cómo se utiliza para diseñar y construir soluciones prácticas a problemas cotidianos y globales., Me gusta leer novelas de detectives y explorar el razonamiento detrás de los casos y las soluciones propuestas.","Explorar nuevas tecnologías y sus impactos en la sociedad., Resolver problemas usando herramientas y software tecnológico., Analizar datos y realizar interpretaciones estadísticas",Matemáticas,"Desarrollador/a de software,  Ingeniero/a civil",Nadie en particular,2,Neutro,3,Dificultad en las materias,Tecnología,3.0,3.0,Innovar y crear nuevas tecnologías,4.0,Energía,4.0,Neutro,0,0,1,3,1,3,2,3,3.0,2,2,2,3.0,3,0,0,0,0,1,0,0,0,0,1,0,0,0,0,0,1,1,0,0,0,0,1,0,1,0,0,0,0,0,0,1,1,0,0,0,0,0,1,0,0,1,0,0,0,0,1,0,0,0,0,1,0,0,0,0,0,0,0,1,1,0,0
18,Masculino,VICENTE ANDA AGUIRRE,Urbana,Tercero de bachillerato,Español,Bachillerato,$501 - $1000,"Me interesa trabajar con herramientas, máquinas y equipos.",Aprender sobre nuevos descubrimientos científicos.,Matemáticas,"Investigador/a científico/a,  Ingeniero/a civil, Otro","Familia,  Amigos",3,Neutro,4,Falta de recursos educativos,Educación (T/S/A),4.0,3.0,Mejorar la calidad de vida de las personas,3.0,Educación,4.0,Informado/a,1,0,1,3,1,3,2,3,1.0,5,1,3,4.0,1,1,0,0,0,0,0,0,0,0,0,0,0,0,0,1,0,0,0,0,0,0,0,0,1,0,0,0,0,0,1,0,1,0,0,1,1,0,0,0,0,0,0,0,1,1,0,0,0,0,0,0,1,0,0,0,1,1,0,0,1,0,1
15,Femenino,VICENTE ANDA AGUIRRE,Urbana,Primero de bachillerato,Español,Bachillerato,Menos de $500,Disfruto explorando temas relacionados con ciencia ficción y avances científicos futuristas.,Resolver problemas complejos de manera creativa.,Arte,Artista digital,Familia,4,Positivo,4,Falta de recursos educativos,Salud,2.0,5.0,Mejorar la calidad de vida de las personas,4.0,Salud,4.0,Muy informado/a,0,0,1,1,1,3,1,4,1.0,1,1,1,5.0,1,0,0,0,0,0,0,0,1,0,0,0,0,0,0,0,0,0,0,1,0,0,0,0,0,0,0,0,0,1,0,0,0,1,0,0,1,0,0,0,1,0,0,0,0,1,0,0,0,0,1,0,0,0,0,1,1,0,1,1,1,1,1
17,Masculino,VICENTE ANDA AGUIRRE,Urbana,Segundo de bachillerato,Español,Bachillerato,$501 - $1000,"Me interesa trabajar con herramientas, máquinas y equipos.","Analizar datos para encontrar patrones y conclusiones., Aprender sobre nuevos descubrimientos científicos., Resolver problemas usando herramientas y software tecnológico., Compartir y recibir retroalimentación sobre tu arte., Analizar datos y realizar interpretaciones estadísticas, Resolver problemas matemáticos y encontrar soluciones eficientes","Matemáticas,  Física,  Química","Matemático/a o estadístico/a, Otro",Familia,3,Positivo,1,Falta de apoyo familiar,Medio ambiente,2.0,5.0,Contribuir a la sostenibilidad,4.0,Educación,3.0,Muy informado/a,1,0,1,2,1,3,2,4,2.0,3,3,3,5.0,2,1,0,0,0,0,0,0,0,0,0,0,0,0,1,1,0,1,0,0,0,1,1,1,1,0,1,1,0,0,0,0,0,0,1,1,0,1,0,0,0,0,1,0,0,0,0,1,0,0,0,0,1,0,0,0,0,0,1,1,0,1,1
17,Femenino,VICENTE ANDA AGUIRRE,Urbana,Segundo de bachillerato,Español,Bachillerato,Menos de $500,Encuentros fascinantes los misterios sin resolver y me gusta buscar soluciones lógicas y científicas para resolverlos.,Analizar datos para encontrar patrones y conclusiones.,Química,Ingeniero/a civil,Familia,3,Positivo,4,Dificultad en las materias,Salud,2.0,5.0,No estoy seguro(a),3.0,Educación,2.0,Poco informado/a,0,0,1,2,1,3,1,4,3.0,1,5,3,2.0,3,0,0,0,0,0,0,0,0,1,0,0,0,0,1,0,0,0,0,0,0,0,0,0,0,0,0,1,0,0,0,0,1,0,0,0,0,0,1,0,1,0,0,0,0,0,0,0,0,1,0,0,1,0,0,0,1,0,1,0,0,1,0
17,Masculino,VICENTE ANDA AGUIRRE,Urbana,Tercero de bachillerato,Español,Bachillerato,Menos de $500,"Me interesa trabajar con materiales físicos (como pinturas, arcilla, telas) para crear productos artísticos., Disfruto explorando temas relacionados con arte y belleza visual en diferentes formas de expresión (dibujo, pintura, escultura).","Resolver problemas complejos de manera creativa., Crear obras artísticas como pinturas, dibujos o esculturas., Compartir y recibir retroalimentación sobre tu arte.","Matemáticas,  Biología,  Física,  Arte",Artista digital,Familia,3,Positivo,5,Falta de recursos educativos,Arte,3.0,4.0,Mejorar la calidad de vida de las personas,2.0,Educación,5.0,Informado/a,1,0,1,3,1,3,1,4,1.0,4,1,3,4.0,1,0,0,0,0,0,0,0,0,0,0,1,1,0,0,0,0,0,0,1,1,1,0,0,1,1,1,0,0,1,0,0,0,1,0,0,1,0,0,0,0,0,0,1,0,1,0,0,0,0,0,0,1,0,0,0,1,0,1,0,1,1,1
16,Masculino,VICENTE ANDA AGUIRRE,Urbana,Segundo de bachillerato,Español,Bachillerato,Menos de $500,"Me interesa trabajar con herramientas, máquinas y equipos., Disfruto arreglando o construyendo cosas físicas (por ejemplo, reparaciones en casa, proyectos de bricolaje).",Aprender sobre nuevos descubrimientos científicos.,Física,"Investigador/a científico/a, Otro",Familia,4,Positivo,4,Dificultad en las materias,Medio ambiente,3.0,3.0,No estoy seguro(a),3.0,Medio ambiente,3.0,Informado/a,1,0,1,2,1,3,1,4,3.0,3,5,5,4.0,3,1,1,0,0,0,0,0,0,0,0,0,0,0,0,1,0,0,0,0,0,0,0,0,0,0,1,0,0,0,1,0,0,0,0,1,0,0,1,0,0,0,1,0,0,0,0,0,0,1,0,0,0,0,1,1,1,0,0,0,0,1,1
17,Masculino,VICENTE ANDA AGUIRRE,Urbana,Tercero de bachillerato,Español,Bachillerato,Menos de $500,Encuentros fascinantes los misterios sin resolver y me gusta buscar soluciones lógicas y científicas para resolverlos.,Aprender sobre nuevos descubrimientos científicos.,Arte,"Ciencias políticas, Otro",Familia,1,Positivo,1,Falta de apoyo familiar,Educación (T/S/A),3.0,5.0,Mejorar la calidad de vida de las personas,5.0,Educación,3.0,Neutro,1,0,1,3,1,3,1,4,2.0,5,1,3,3.0,2,0,0,0,0,0,0,0,0,1,0,0,0,0,0,1,0,0,0,0,0,0,0,0,0,0,0,0,0,1,0,0,0,0,0,1,0,1,0,0,0,0,0,0,1,1,0,0,0,0,0,0,1,0,0,0,0,0,1,1,0,1,0
16,Masculino,VICENTE ANDA AGUIRRE,Urbana,Segundo de bachillerato,Español,Bachillerato,Menos de $500,"Me interesa trabajar con herramientas, máquinas y equipos., Me interesa trabajar con materiales físicos (como pinturas, arcilla, telas) para crear productos artísticos.","Analizar datos para encontrar patrones y conclusiones., Diseñar y construir estructuras o dispositivos prácticos., Analizar datos y realizar interpretaciones estadísticas",Biología,Ingeniero/a civil,Familia,5,Positivo,5,Falta de recursos educativos,Salud,1.0,5.0,Mejorar la calidad de vida de las personas,5.0,Salud,1.0,Poco informado/a,1,0,1,2,1,3,1,4,1.0,1,1,1,2.0,1,1,0,0,0,0,0,0,0,0,0,1,0,0,1,0,0,0,1,0,0,0,1,0,0,1,0,0,0,0,0,0,1,0,0,0,1,0,0,0,1,0,0,0,0,1,0,0,0,0,1,0,0,0,0,1,1,0,1,1,0,1,0
17,Femenino,VICENTE ANDA AGUIRRE,Urbana,Tercero de bachillerato,Español,Bachillerato,Menos de $500,"Me interesa trabajar con herramientas, máquinas y equipos.","Explorar nuevas tecnologías y sus impactos en la sociedad., Resolver problemas usando herramientas y software tecnológico., Resolver problemas complejos de manera creativa., Crear obras artísticas como pinturas, dibujos o esculturas., Analizar datos y realizar interpretaciones estadísticas",Biología,"Investigador/a científico/a,  Ingeniero/a civil,  Artista digital,, Otro",Familia,1,Neutro,4,Falta de recursos educativos,Medio ambiente,4.0,5.0,Mejorar la calidad de vida de las personas,3.0,Medio ambiente,3.0,Neutro,0,0,1,3,1,3,1,3,1.0,3,1,5,3.0,1,1,0,0,0,0,0,0,0,0,0,0,0,0,0,0,1,1,0,1,1,0,1,0,0,1,0,0,0,0,1,0,1,1,0,1,1,0,0,0,0,0,1,0,0,1,0,0,0,0,0,0,0,0,1,0,1,1,1,0,0,0,0
16,Femenino,VICENTE ANDA AGUIRRE,Urbana,Segundo de bachillerato,Español,Bachillerato,Menos de $500,"Disfruto explorando y aprendiendo sobre seres vivos como animales, peces y plantas., Disfruto explorando temas relacionados con ciencia ficción y avances científicos futuristas., Me interesa trabajar con materiales físicos (como pinturas, arcilla, telas) para crear productos artísticos., Disfruto explorando temas relacionados con arte y belleza visual en diferentes formas de expresión (dibujo, pintura, escultura)., Disfruto de actividades artísticas como la música, el teatro o la literatura que involucran la creación de obras y expresiones creativas.","Aprender sobre nuevos descubrimientos científicos., Resolver problemas complejos de manera creativa., Crear obras artísticas como pinturas, dibujos o esculturas.","Química,  Arte","Investigador/a científico/a,  Artista digital, Otro",Familia,1,Positivo,5,Dificultad en las materias,Salud,3.0,4.0,Mejorar la calidad de vida de las personas,3.0,Salud,2.0,Informado/a,0,0,1,2,1,3,1,4,3.0,1,1,1,4.0,3,0,0,0,1,0,0,0,1,0,0,1,1,1,0,1,0,0,0,1,1,0,0,0,0,0,0,1,0,1,1,0,0,1,0,1,0,0,1,0,1,0,0,0,0,1,0,0,0,0,1,0,0,0,0,0,1,0,1,0,0,1,1
18,Masculino,VICENTE ANDA AGUIRRE,Urbana,Tercero de bachillerato,Español,Bachillerato,Menos de $500,"Me interesa trabajar con herramientas, máquinas y equipos., Me siento atraído/a por temas relacionados con mecánica y automóviles.",Resolver problemas usando herramientas y software tecnológico.,Tecnología,Ingeniero/a civil,Familia,3,Positivo,2,Dificultad en las materias,Tecnología,4.0,5.0,Innovar y crear nuevas tecnologías,3.0,Salud,4.0,Poco informado/a,1,0,1,3,1,3,1,4,3.0,2,2,1,2.0,3,1,0,1,0,0,0,0,0,0,0,0,0,0,0,0,0,1,0,0,0,0,0,0,0,0,0,0,1,0,0,0,1,0,0,0,0,0,1,0,0,1,0,0,0,0,1,0,0,0,1,0,0,0,0,0,0,1,1,0,1,1,0
16,Femenino,VICENTE ANDA AGUIRRE,Urbana,Segundo de bachillerato,Español,Bachillerato,$1001 - $2000,"Disfruto explorando temas relacionados con arte y belleza visual en diferentes formas de expresión (dibujo, pintura, escultura).",Resolver problemas usando herramientas y software tecnológico.,Química,"medicina, Otro",Nadie en particular,1,Neutro,5,Dificultad en las materias,Salud,3.0,3.0,Mejorar la calidad de vida de las personas,4.0,Salud,5.0,Informado/a,0,0,1,2,1,3,3,3,3.0,1,1,1,4.0,3,0,0,0,0,0,0,0,0,0,0,0,1,0,0,0,0,1,0,0,0,0,0,0,0,0,0,1,0,0,0,0,0,0,0,1,0,0,1,0,1,0,0,0,0,1,0,0,0,0,1,0,0,0,0,0,1,0,0,1,1,0,1
15,Femenino,VICENTE ANDA AGUIRRE,Rural,Segundo de bachillerato,Español,Postgrado,$501 - $1000,"Me gusta leer novelas de detectives y explorar el razonamiento detrás de los casos y las soluciones propuestas., Me interesa trabajar con materiales físicos (como pinturas, arcilla, telas) para crear productos artísticos., Disfruto explorando temas relacionados con arte y belleza visual en diferentes formas de expresión (dibujo, pintura, escultura)., Disfruto de actividades artísticas como la música, el teatro o la literatura que involucran la creación de obras y expresiones creativas.","Crear obras artísticas como pinturas, dibujos o esculturas., Compartir y recibir retroalimentación sobre tu arte.",Física,Artista digital,"Familia,  Amigos,  Redes sociales",3,Neutro,3,Otro,Arte,3.0,4.0,Mejorar la calidad de vida de las personas,4.0,Salud,2.0,Informado/a,0,0,0,2,1,5,2,3,3.0,4,1,1,4.0,4,0,0,0,0,0,0,0,0,0,1,1,1,1,0,0,0,0,0,0,1,1,0,0,0,0,1,0,0,0,0,0,0,1,0,0,0,0,0,1,0,0,0,1,0,1,0,0,0,0,1,0,0,0,0,0,0,0,1,1,0,0,1
17,Femenino,VICENTE ANDA AGUIRRE,Urbana,Tercero de bachillerato,Español,Postgrado,Más de $3000,"Me interesa trabajar con herramientas, máquinas y equipos., Disfruto arreglando o construyendo cosas físicas (por ejemplo, reparaciones en casa, proyectos de bricolaje)., Me siento atraído/a por temas relacionados con mecánica y automóviles., Me interesa investigar fenómenos físicos, biológicos y/o culturales para entender sus causas y efectos., Disfruto explorando temas relacionados con ciencia ficción y avances científicos futuristas., Disfruto explorando temas relacionados con arte y belleza visual en diferentes formas de expresión (dibujo, pintura, escultura)., Disfruto de actividades artísticas como la música, el teatro o la literatura que involucran la creación de obras y expresiones creativas.","Aprender sobre nuevos descubrimientos científicos., Explorar nuevas tecnologías y sus impactos en la sociedad., Resolver problemas usando herramientas y software tecnológico., Diseñar y construir estructuras o dispositivos prácticos., Crear obras artísticas como pinturas, dibujos o esculturas., Analizar datos y realizar interpretaciones estadísticas","Biología,  Tecnología,  Arte","Desarrollador/a de software,  Ingeniero/a civil,  Artista digital,","Familia,  Amigos,  Redes sociales",1,Neutro,2,Falta de recursos educativos,Tecnología,2.0,3.0,Innovar y crear nuevas tecnologías,2.0,Educación,1.0,Neutro,0,0,1,3,1,5,5,3,1.0,2,2,3,3.0,1,1,1,1,0,0,1,0,1,0,0,0,1,1,0,1,1,1,1,0,1,0,1,0,0,1,0,0,1,1,0,1,1,1,0,0,1,0,0,0,0,1,0,0,0,0,1,0,0,0,0,0,1,0,0,0,0,0,0,0,0,0,0
16,Masculino,VICENTE ANDA AGUIRRE,Urbana,Primero de bachillerato,Español,Postgrado,$501 - $1000,"Me interesa trabajar con herramientas, máquinas y equipos., Encuentro fascinante la ingeniería y cómo se utiliza para diseñar y construir soluciones prácticas a problemas cotidianos y globales.","Resolver problemas usando herramientas y software tecnológico., Diseñar y construir estructuras o dispositivos prácticos.",Tecnología,Ingeniero/a civil,Familia,1,Positivo,5,Dificultad en las materias,Tecnología,5.0,5.0,Mejorar la calidad de vida de las personas,5.0,Educación,1.0,Muy informado/a,1,0,1,1,1,5,2,4,3.0,2,1,3,5.0,3,1,0,0,0,1,0,0,0,0,0,0,0,0,0,0,0,1,1,0,0,0,0,0,0,0,0,0,1,0,0,0,1,0,0,0,0,0,1,0,0,1,0,0,0,1,0,0,0,0,0,0,1,0,0,0,1,1,1,1,0,1,1
16,Femenino,VICENTE ANDA AGUIRRE,Urbana,Tercero de bachillerato,Español,Postgrado,$1001 - $2000,"Disfruto explorando y aprendiendo sobre seres vivos como animales, peces y plantas., Encuentro fascinante la ingeniería y cómo se utiliza para diseñar y construir soluciones prácticas a problemas cotidianos y globales., Disfruto explorando temas relacionados con arte y belleza visual en diferentes formas de expresión (dibujo, pintura, escultura)., Disfruto de actividades artísticas como la música, el teatro o la literatura que involucran la creación de obras y expresiones creativas.","Explorar nuevas tecnologías y sus impactos en la sociedad., Diseñar y construir estructuras o dispositivos prácticos., Resolver problemas complejos de manera creativa., Resolver problemas matemáticos y encontrar soluciones eficientes","Matemáticas,  Biología","Matemático/a o estadístico/a, Otro","Familia,  Redes sociales",5,Neutro,5,Dificultad en las materias,Educación (T/S/A),2.0,4.0,Mejorar la calidad de vida de las personas,5.0,Salud,2.0,Neutro,0,0,1,3,1,5,3,3,3.0,5,1,1,3.0,3,0,0,0,1,1,0,0,0,0,0,0,1,1,0,0,1,0,1,1,0,0,0,1,1,1,0,0,0,0,0,0,0,0,1,1,0,0,1,0,0,0,0,0,1,1,0,0,0,0,1,0,0,0,0,1,1,0,1,1,0,0,0
16,Femenino,VICENTE ANDA AGUIRRE,Rural,Segundo de bachillerato,Español,Primaria,Menos de $500,"Me interesa trabajar con herramientas, máquinas y equipos., Disfruto arreglando o construyendo cosas físicas (por ejemplo, reparaciones en casa, proyectos de bricolaje)., Me gusta leer novelas de detectives y explorar el razonamiento detrás de los casos y las soluciones propuestas., Disfruto explorando temas relacionados con arte y belleza visual en diferentes formas de expresión (dibujo, pintura, escultura).","Resolver problemas usando herramientas y software tecnológico., Crear obras artísticas como pinturas, dibujos o esculturas., Resolver problemas matemáticos y encontrar soluciones eficientes",Arte,"Investigador/a científico/a, Otro",Familia,1,Positivo,4,Falta de recursos educativos,Educación (T/S/A),5.0,4.0,Mejorar la calidad de vida de las personas,4.0,Salud,4.0,Informado/a,0,0,0,2,1,1,1,4,1.0,5,1,1,4.0,1,1,1,0,0,0,0,0,0,0,1,0,1,0,0,0,0,1,0,0,1,0,0,1,0,0,0,0,0,1,1,0,0,0,0,1,1,0,0,0,0,0,0,0,1,1,0,0,0,0,1,0,0,0,0,0,1,1,1,1,1,1,1
18,Masculino,VICENTE ANDA AGUIRRE,Rural,Tercero de bachillerato,Español,Primaria,Menos de $500,"Me interesa trabajar con herramientas, máquinas y equipos.",Resolver problemas complejos de manera creativa.,Física,Desarrollador/a de software,Redes sociales,5,Negativo,5,Falta de recursos educativos,Medio ambiente,5.0,5.0,Mejorar la calidad de vida de las personas,5.0,Transporte,4.0,Muy informado/a,1,0,0,3,1,1,1,2,1.0,3,1,4,5.0,1,1,0,0,0,0,0,0,0,0,0,0,0,0,0,0,0,0,0,1,0,0,0,0,0,0,1,0,0,0,0,1,0,0,0,0,1,0,0,0,0,0,1,0,0,1,0,0,0,0,0,0,0,1,0,1,1,1,1,1,1,0,1
16,Femenino,VICENTE ANDA AGUIRRE,Rural,Tercero de bachillerato,Español,Primaria,Menos de $500,"Encuentros fascinantes los misterios sin resolver y me gusta buscar soluciones lógicas y científicas para resolverlos., Me gusta leer novelas de detectives y explorar el razonamiento detrás de los casos y las soluciones propuestas.","Aprender sobre nuevos descubrimientos científicos., Crear obras artísticas como pinturas, dibujos o esculturas., Resolver problemas matemáticos y encontrar soluciones eficientes","Matemáticas,  Física,  Arte","Investigador/a científico/a, Otro",Nadie en particular,5,Positivo,5,Falta de recursos educativos,Salud,1.0,1.0,Mejorar la calidad de vida de las personas,5.0,Educación,1.0,Informado/a,0,0,0,3,1,1,1,4,1.0,1,1,3,4.0,1,0,0,0,0,0,0,0,0,1,1,0,0,0,0,1,0,0,0,0,1,0,0,1,1,0,1,0,0,1,1,0,0,0,0,1,1,0,0,0,1,0,0,0,0,1,0,0,0,0,0,0,1,0,0,1,1,0,0,1,0,1,1
16,Femenino,VICENTE ANDA AGUIRRE,Rural,Primero de bachillerato,Español,Primaria,Menos de $500,"Me interesa trabajar con herramientas, máquinas y equipos., Encuentro fascinante la ingeniería y cómo se utiliza para diseñar y construir soluciones prácticas a problemas cotidianos y globales., Disfruto explorando temas relacionados con arte y belleza visual en diferentes formas de expresión (dibujo, pintura, escultura)., Disfruto de actividades artísticas como la música, el teatro o la literatura que involucran la creación de obras y expresiones creativas.",Resolver problemas matemáticos y encontrar soluciones eficientes,"Matemáticas,  Biología,  Física,  Tecnología","Investigador/a científico/a,  Desarrollador/a de software, Otro",Familia,3,Positivo,5,Falta de recursos educativos,Salud,2.0,2.0,Mejorar la calidad de vida de las personas,2.0,Salud,5.0,Poco informado/a,0,0,0,1,1,1,1,4,1.0,1,1,1,2.0,1,1,0,0,0,1,0,0,0,0,0,0,1,1,0,0,0,0,0,0,0,0,0,1,1,1,1,0,1,0,1,1,0,0,0,1,1,0,0,0,1,0,0,0,0,1,0,0,0,0,1,0,0,0,0,0,1,0,0,0,1,1,0
15,Masculino,VICENTE ANDA AGUIRRE,Rural,Primero de bachillerato,Español,Primaria,Menos de $500,"Disfruto explorando y aprendiendo sobre seres vivos como animales, peces y plantas.",Analizar datos para encontrar patrones y conclusiones.,Química,"Investigador/a científico/a,  Matemático/a o estadístico/a, Otro",Amigos,4,Neutro,4,Dificultad en las materias,Tecnología,3.0,4.0,No estoy seguro(a),3.0,Educación,3.0,Poco informado/a,1,0,0,1,1,1,1,3,3.0,2,5,3,2.0,3,0,0,0,1,0,0,0,0,0,0,0,0,0,1,0,0,0,0,0,0,0,0,0,0,0,0,1,0,0,1,0,0,0,1,1,0,0,1,0,0,1,0,0,0,0,0,0,0,1,0,0,1,0,0,1,1,0,1,0,0,0,0
15,Masculino,VICENTE ANDA AGUIRRE,Rural,Segundo de bachillerato,Español,Primaria,Menos de $500,"Me interesa trabajar con herramientas, máquinas y equipos., Encuentros fascinantes los misterios sin resolver y me gusta buscar soluciones lógicas y científicas para resolverlos., Disfruto de actividades artísticas como la música, el teatro o la literatura que involucran la creación de obras y expresiones creativas.","Aprender sobre nuevos descubrimientos científicos., Resolver problemas usando herramientas y software tecnológico., Resolver problemas complejos de manera creativa.",Física,Desarrollador/a de software,Familia,5,Positivo,5,Dificultad en las materias,Tecnología,3.0,5.0,Innovar y crear nuevas tecnologías,3.0,Medio ambiente,3.0,Neutro,1,0,0,2,1,1,1,4,3.0,2,2,5,3.0,3,1,0,0,0,0,0,0,0,1,0,0,0,1,0,1,0,1,0,1,0,0,0,0,0,0,1,0,0,0,0,1,0,0,0,0,0,0,1,0,0,1,0,0,0,0,1,0,0,0,0,0,0,0,1,1,1,0,1,0,0,1,0
16,Femenino,VICENTE ANDA AGUIRRE,Rural,Primero de bachillerato,Español,Primaria,Menos de $500,"Disfruto explorando y aprendiendo sobre seres vivos como animales, peces y plantas.","Analizar datos para encontrar patrones y conclusiones., Explorar nuevas tecnologías y sus impactos en la sociedad., Resolver problemas usando herramientas y software tecnológico.","Biología,  Física,  Química","Investigador/a científico/a,  Desarrollador/a de software, Otro",Familia,1,Positivo,1,Dificultad en las materias,Salud,5.0,2.0,No estoy seguro(a),4.0,Salud,3.0,Poco informado/a,0,0,0,1,1,1,1,4,3.0,1,5,1,2.0,3,0,0,0,1,0,0,0,0,0,0,0,0,0,1,0,1,1,0,0,0,0,0,0,0,1,1,1,0,0,1,1,0,0,0,1,0,0,1,0,1,0,0,0,0,0,0,0,0,1,1,0,0,0,0,0,0,1,0,1,0,1,0
15,Femenino,VICENTE ANDA AGUIRRE,Rural,Primero de bachillerato,Español,Primaria,Menos de $500,"Disfruto explorando temas relacionados con arte y belleza visual en diferentes formas de expresión (dibujo, pintura, escultura).","Crear obras artísticas como pinturas, dibujos o esculturas.",Física,"Investigador/a científico/a, Otro",Familia,3,Neutro,5,Dificultad en las materias,Salud,3.0,2.0,No estoy seguro(a),4.0,Salud,3.0,Neutro,0,0,0,1,1,1,1,3,3.0,1,5,1,3.0,3,0,0,0,0,0,0,0,0,0,0,0,1,0,0,0,0,0,0,0,1,0,0,0,0,0,1,0,0,0,1,0,0,0,0,1,0,0,1,0,1,0,0,0,0,0,0,0,0,1,1,0,0,0,0,0,1,0,0,1,0,0,0
14,Masculino,VICENTE ANDA AGUIRRE,Rural,Primero de bachillerato,Español,Primaria,Menos de $500,"Me interesa trabajar con herramientas, máquinas y equipos.",Aprender sobre nuevos descubrimientos científicos.,"Biología,  Física","Ingeniero/a civil,",Familia,3,Neutro,4,Dificultad en las materias,Tecnología,3.0,4.0,Mejorar la calidad de vida de las personas,4.0,Transporte,4.0,Neutro,1,0,0,1,1,1,1,3,3.0,2,1,4,3.0,3,1,0,0,0,0,0,0,0,0,0,0,0,0,0,1,0,0,0,0,0,0,0,0,0,1,1,0,0,0,0,0,1,0,0,0,0,0,1,0,0,1,0,0,0,1,0,0,0,0,0,0,0,1,0,0,1,0,1,1,1,0,0
15,Masculino,VICENTE ANDA AGUIRRE,Rural,Primero de bachillerato,Español,Primaria,Más de $3000,"Me interesa trabajar con herramientas, máquinas y equipos., Disfruto arreglando o construyendo cosas físicas (por ejemplo, reparaciones en casa, proyectos de bricolaje)., Me siento atraído/a por temas relacionados con mecánica y automóviles., Disfruto explorando y aprendiendo sobre seres vivos como animales, peces y plantas., Encuentro fascinante la ingeniería y cómo se utiliza para diseñar y construir soluciones prácticas a problemas cotidianos y globales., Me interesa investigar fenómenos físicos, biológicos y/o culturales para entender sus causas y efectos., Me gusta jugar ajedrez, Disfruto explorando temas relacionados con ciencia ficción y avances científicos futuristas., Encuentros fascinantes los misterios sin resolver y me gusta buscar soluciones lógicas y científicas para resolverlos., Me gusta leer novelas de detectives y explorar el razonamiento detrás de los casos y las soluciones propuestas., Me interesa trabajar con materiales físicos (como pinturas, arcilla, telas) para crear productos artísticos., Disfruto explorando temas relacionados con arte y belleza visual en diferentes formas de expresión (dibujo, pintura, escultura)., Disfruto de actividades artísticas como la música, el teatro o la literatura que involucran la creación de obras y expresiones creativas.","Analizar datos para encontrar patrones y conclusiones., Aprender sobre nuevos descubrimientos científicos., Explorar nuevas tecnologías y sus impactos en la sociedad., Resolver problemas usando herramientas y software tecnológico., Diseñar y construir estructuras o dispositivos prácticos., Resolver problemas complejos de manera creativa., Crear obras artísticas como pinturas, dibujos o esculturas., Compartir y recibir retroalimentación sobre tu arte., Analizar datos y realizar interpretaciones estadísticas, Resolver problemas matemáticos y encontrar soluciones eficientes",Matemáticas,"Matemático/a o estadístico/a, Otro","Familia,  Maestros",1,Neutro,1,Dificultad en las materias,Educación (T/S/A),1.0,5.0,Innovar y crear nuevas tecnologías,1.0,Energía,1.0,Neutro,1,0,0,1,1,1,5,3,3.0,5,2,2,3.0,3,1,1,1,1,1,1,1,1,1,1,1,1,1,1,1,1,1,1,1,1,1,1,1,1,0,0,0,0,0,0,0,0,0,1,1,0,0,1,0,0,0,0,0,1,0,1,0,0,0,0,1,0,0,0,0,0,0,1,0,0,0,0
15,Femenino,VICENTE ANDA AGUIRRE,Rural,Primero de bachillerato,Español,Primaria,Menos de $500,"Me interesa trabajar con herramientas, máquinas y equipos., Me siento atraído/a por temas relacionados con mecánica y automóviles., Encuentro fascinante la ingeniería y cómo se utiliza para diseñar y construir soluciones prácticas a problemas cotidianos y globales., Me interesa investigar fenómenos físicos, biológicos y/o culturales para entender sus causas y efectos., Me gusta jugar ajedrez, Encuentros fascinantes los misterios sin resolver y me gusta buscar soluciones lógicas y científicas para resolverlos., Me interesa trabajar con materiales físicos (como pinturas, arcilla, telas) para crear productos artísticos., Disfruto explorando temas relacionados con arte y belleza visual en diferentes formas de expresión (dibujo, pintura, escultura)., Disfruto de actividades artísticas como la música, el teatro o la literatura que involucran la creación de obras y expresiones creativas.","Analizar datos para encontrar patrones y conclusiones., Aprender sobre nuevos descubrimientos científicos., Crear obras artísticas como pinturas, dibujos o esculturas., Resolver problemas matemáticos y encontrar soluciones eficientes","Matemáticas,  Biología,  Física,  Química","Investigador/a científico/a,  Matemático/a o estadístico/a, Otro",Nadie en particular,3,Neutro,4,Falta de recursos educativos,Tecnología,4.0,3.0,Innovar y crear nuevas tecnologías,3.0,Salud,5.0,Poco informado/a,0,0,0,1,1,1,1,3,1.0,2,2,1,2.0,1,1,0,1,0,1,1,1,0,1,0,1,1,1,1,1,0,0,0,0,1,0,0,1,1,1,1,1,0,0,1,0,0,0,1,1,1,0,0,0,0,1,0,0,0,0,1,0,0,0,1,0,0,0,0,0,1,1,0,0,1,0,0
14,Femenino,VICENTE ANDA AGUIRRE,Rural,Primero de bachillerato,Español,Primaria,Menos de $500,Encuentro fascinante la ingeniería y cómo se utiliza para diseñar y construir soluciones prácticas a problemas cotidianos y globales.,Resolver problemas usando herramientas y software tecnológico.,Matemáticas,"Desarrollador/a de software,  Matemático/a o estadístico/a, Otro",Nadie en particular,3,Neutro,5,Dificultad en las materias,Tecnología,3.0,3.0,No estoy seguro(a),3.0,Educación,4.0,Neutro,0,0,0,1,1,1,1,3,3.0,2,5,3,3.0,3,0,0,0,0,1,0,0,0,0,0,0,0,0,0,0,0,1,0,0,0,0,0,0,1,0,0,0,0,0,0,1,0,0,1,1,0,0,1,0,0,1,0,0,0,0,0,0,0,1,0,0,1,0,0,0,1,0,0,0,1,0,0
15,Femenino,VICENTE ANDA AGUIRRE,Rural,Primero de bachillerato,Español,Primaria,Menos de $500,"Me interesa trabajar con herramientas, máquinas y equipos., Me siento atraído/a por temas relacionados con mecánica y automóviles., Me gusta leer novelas de detectives y explorar el razonamiento detrás de los casos y las soluciones propuestas., Disfruto de actividades artísticas como la música, el teatro o la literatura que involucran la creación de obras y expresiones creativas.","Explorar nuevas tecnologías y sus impactos en la sociedad., Diseñar y construir estructuras o dispositivos prácticos.","Biología,  Química",Desarrollador/a de software,Familia,1,Neutro,5,Dificultad en las materias,Arte,3.0,3.0,Mejorar la calidad de vida de las personas,2.0,Educación,3.0,Neutro,0,0,0,1,1,1,1,3,3.0,4,1,3,3.0,3,1,0,1,0,0,0,0,0,0,1,0,0,1,0,0,1,0,1,0,0,0,0,0,0,1,0,1,0,0,0,1,0,0,0,0,0,0,1,0,0,0,0,1,0,1,0,0,0,0,0,0,1,0,0,0,1,0,0,0,0,0,0
16,Masculino,VICENTE ANDA AGUIRRE,Rural,Tercero de bachillerato,Español,Primaria,Menos de $500,"Me interesa trabajar con herramientas, máquinas y equipos., Me siento atraído/a por temas relacionados con mecánica y automóviles.",Analizar datos para encontrar patrones y conclusiones.,"Tecnología,  Arte","Docente de filosofía, Otro","Familia,  Amigos",1,Positivo,5,Otro,Educación (T/S/A),2.0,3.0,Mejorar la calidad de vida de las personas,2.0,Medio ambiente,2.0,Nada informado/a,1,0,0,3,1,1,1,4,3.0,5,1,5,1.0,4,1,0,1,0,0,0,0,0,0,0,0,0,0,1,0,0,0,0,0,0,0,0,0,0,0,0,0,1,1,0,0,0,0,0,1,0,0,0,1,0,0,0,0,1,1,0,0,0,0,0,0,0,0,1,0,1,0,0,0,0,1,0
16,Femenino,VICENTE ANDA AGUIRRE,Rural,Primero de bachillerato,Español,Primaria,Menos de $500,"Me interesa trabajar con materiales físicos (como pinturas, arcilla, telas) para crear productos artísticos.",Aprender sobre nuevos descubrimientos científicos.,Biología,Ingeniero/a civil,Nadie en particular,3,Neutro,2,Falta de recursos educativos,Educación (T/S/A),2.0,2.0,Contribuir a la sostenibilidad,2.0,Educación,3.0,Informado/a,0,0,0,1,1,1,1,3,1.0,5,3,3,4.0,1,0,0,0,0,0,0,0,0,0,0,1,0,0,0,1,0,0,0,0,0,0,0,0,0,1,0,0,0,0,0,0,1,0,0,0,1,0,0,0,0,0,0,0,1,0,0,1,0,0,0,0,1,0,0,0,0,0,0,0,0,0,1
15,Femenino,VICENTE ANDA AGUIRRE,Rural,Primero de bachillerato,Español,Primaria,Menos de $500,"Me interesa trabajar con materiales físicos (como pinturas, arcilla, telas) para crear productos artísticos.","Crear obras artísticas como pinturas, dibujos o esculturas.",Arte,Artista digital,Familia,2,Neutro,5,Dificultad en las materias,Salud,2.0,3.0,Mejorar la calidad de vida de las personas,3.0,Energía,2.0,Informado/a,0,0,0,1,1,1,1,3,3.0,1,1,2,4.0,3,0,0,0,0,0,0,0,0,0,0,1,0,0,0,0,0,0,0,0,1,0,0,0,0,0,0,0,0,1,0,0,0,1,0,0,0,0,1,0,1,0,0,0,0,1,0,0,0,0,0,1,0,0,0,0,1,0,0,0,0,0,1
17,Masculino,VICENTE ANDA AGUIRRE,Rural,Tercero de bachillerato,Español,Primaria,$501 - $1000,"Me interesa trabajar con herramientas, máquinas y equipos.",Aprender sobre nuevos descubrimientos científicos.,Física,"Guia Turístico, Otro",Familia,1,Positivo,3,Dificultad en las materias,Medio ambiente,5.0,4.0,Contribuir a la sostenibilidad,4.0,Salud,1.0,Poco informado/a,1,0,0,3,1,1,2,4,3.0,3,3,1,2.0,3,1,0,0,0,0,0,0,0,0,0,0,0,0,0,1,0,0,0,0,0,0,0,0,0,0,1,0,0,0,0,0,0,0,0,1,0,0,1,0,0,0,1,0,0,0,0,1,0,0,1,0,0,0,0,0,0,1,1,1,0,1,0
17,Masculino,VICENTE ANDA AGUIRRE,Rural,Tercero de bachillerato,Español,Primaria,Menos de $500,"Disfruto arreglando o construyendo cosas físicas (por ejemplo, reparaciones en casa, proyectos de bricolaje)., Encuentro fascinante la ingeniería y cómo se utiliza para diseñar y construir soluciones prácticas a problemas cotidianos y globales.",Resolver problemas complejos de manera creativa.,Biología,Ingeniero/a civil,"Familia,  Maestros",3,Positivo,3,Dificultad en las materias,Medio ambiente,3.0,5.0,Mejorar la calidad de vida de las personas,3.0,Educación,5.0,Poco informado/a,1,0,0,3,1,1,1,4,3.0,3,1,3,2.0,3,0,1,0,0,1,0,0,0,0,0,0,0,0,0,0,0,0,0,1,0,0,0,0,0,1,0,0,0,0,0,0,1,0,0,0,0,0,1,0,0,0,1,0,0,1,0,0,0,0,0,0,1,0,0,0,0,0,1,0,1,1,0
18,Masculino,VICENTE ANDA AGUIRRE,Rural,Tercero de bachillerato,Español,Primaria,Menos de $500,"Me interesa trabajar con herramientas, máquinas y equipos., Disfruto arreglando o construyendo cosas físicas (por ejemplo, reparaciones en casa, proyectos de bricolaje)., Me siento atraído/a por temas relacionados con mecánica y automóviles., Encuentro fascinante la ingeniería y cómo se utiliza para diseñar y construir soluciones prácticas a problemas cotidianos y globales., Me interesa investigar fenómenos físicos, biológicos y/o culturales para entender sus causas y efectos., Disfruto explorando temas relacionados con ciencia ficción y avances científicos futuristas., Encuentros fascinantes los misterios sin resolver y me gusta buscar soluciones lógicas y científicas para resolverlos.","Aprender sobre nuevos descubrimientos científicos., Resolver problemas usando herramientas y software tecnológico., Resolver problemas complejos de manera creativa.","Química,  Tecnología","Ingeniero/a civil,",Nadie en particular,5,Neutro,3,Dificultad en las materias,Educación (T/S/A),3.0,3.0,Mejorar la calidad de vida de las personas,4.0,Educación,3.0,Neutro,1,0,0,3,1,1,1,3,3.0,5,1,3,3.0,3,1,1,1,0,1,1,0,1,1,0,0,0,0,0,1,0,1,0,1,0,0,0,0,0,0,0,1,1,0,0,0,1,0,0,0,0,0,1,0,0,0,0,0,1,1,0,0,0,0,0,0,1,0,0,1,0,0,0,1,0,0,0
18,Femenino,VICENTE ANDA AGUIRRE,Rural,Tercero de bachillerato,Español,Primaria,Menos de $500,"Disfruto explorando y aprendiendo sobre seres vivos como animales, peces y plantas., Disfruto de actividades artísticas como la música, el teatro o la literatura que involucran la creación de obras y expresiones creativas.",Diseñar y construir estructuras o dispositivos prácticos.,Biología,Artista digital,Nadie en particular,3,Neutro,4,Dificultad en las materias,Medio ambiente,4.0,5.0,Mejorar la calidad de vida de las personas,3.0,Educación,2.0,Neutro,0,0,0,3,1,1,1,3,3.0,3,1,3,3.0,3,0,0,0,1,0,0,0,0,0,0,0,0,1,0,0,0,0,1,0,0,0,0,0,0,1,0,0,0,0,0,0,0,1,0,0,0,0,1,0,0,0,1,0,0,1,0,0,0,0,0,0,1,0,0,0,1,1,1,0,0,0,0
17,Femenino,VICENTE ANDA AGUIRRE,Rural,Tercero de bachillerato,Español,Primaria,Menos de $500,"Me siento atraído/a por temas relacionados con mecánica y automóviles., Disfruto explorando y aprendiendo sobre seres vivos como animales, peces y plantas., Encuentro fascinante la ingeniería y cómo se utiliza para diseñar y construir soluciones prácticas a problemas cotidianos y globales., Me interesa investigar fenómenos físicos, biológicos y/o culturales para entender sus causas y efectos., Disfruto de actividades artísticas como la música, el teatro o la literatura que involucran la creación de obras y expresiones creativas.","Aprender sobre nuevos descubrimientos científicos., Explorar nuevas tecnologías y sus impactos en la sociedad., Resolver problemas complejos de manera creativa., Crear obras artísticas como pinturas, dibujos o esculturas., Resolver problemas matemáticos y encontrar soluciones eficientes","Matemáticas,  Biología,  Química,  Arte","Investigador/a científico/a,  Ingeniero/a civil, Otro","Familia,  Maestros",5,Positivo,5,Dificultad en las materias,Medio ambiente,5.0,5.0,Desarrollar nuevas ideas artísticas,1.0,Medio ambiente,5.0,Poco informado/a,0,0,0,3,1,1,1,4,3.0,3,4,5,2.0,3,0,0,1,1,1,1,0,0,0,0,0,0,1,0,1,1,0,0,1,1,0,0,1,1,1,0,1,0,1,1,0,1,0,0,1,0,0,1,0,0,0,1,0,0,0,0,0,1,0,0,0,0,0,1,1,1,1,1,0,1,1,0
17,Femenino,VICENTE ANDA AGUIRRE,Rural,Tercero de bachillerato,Español,Primaria,Menos de $500,"Me siento atraído/a por temas relacionados con mecánica y automóviles., Disfruto explorando y aprendiendo sobre seres vivos como animales, peces y plantas., Encuentro fascinante la ingeniería y cómo se utiliza para diseñar y construir soluciones prácticas a problemas cotidianos y globales., Me interesa investigar fenómenos físicos, biológicos y/o culturales para entender sus causas y efectos., Encuentros fascinantes los misterios sin resolver y me gusta buscar soluciones lógicas y científicas para resolverlos.","Analizar datos para encontrar patrones y conclusiones., Aprender sobre nuevos descubrimientos científicos., Resolver problemas matemáticos y encontrar soluciones eficientes","Matemáticas,  Biología,  Química,  Arte","Investigador/a científico/a,  Ingeniero/a civil, Otro","Familia,  Maestros,  Amigos",5,Negativo,5,Dificultad en las materias,Medio ambiente,5.0,5.0,Contribuir a la sostenibilidad,1.0,Medio ambiente,5.0,Poco informado/a,0,0,0,3,1,1,1,2,3.0,3,3,5,2.0,3,0,0,1,1,1,1,0,0,1,0,0,0,0,1,1,0,0,0,0,0,0,0,1,1,1,0,1,0,1,1,0,1,0,0,1,0,0,1,0,0,0,1,0,0,0,0,1,0,0,0,0,0,0,1,1,1,1,1,0,1,0,0
17,Masculino,VICENTE ANDA AGUIRRE,Rural,Segundo de bachillerato,Español,Primaria,Menos de $500,"Disfruto arreglando o construyendo cosas físicas (por ejemplo, reparaciones en casa, proyectos de bricolaje).","Crear obras artísticas como pinturas, dibujos o esculturas.",Arte,Desarrollador/a de software,Nadie en particular,4,Positivo,4,Dificultad en las materias,Arte,3.0,3.0,No estoy seguro(a),4.0,Salud,3.0,Neutro,1,0,0,2,1,1,1,4,3.0,4,5,1,3.0,3,0,1,0,0,0,0,0,0,0,0,0,0,0,0,0,0,0,0,0,1,0,0,0,0,0,0,0,0,1,0,1,0,0,0,0,0,0,1,0,0,0,0,1,0,0,0,0,0,1,1,0,0,0,0,1,1,0,0,1,0,1,0
16,Femenino,VICENTE ANDA AGUIRRE,Urbana,Segundo de bachillerato,Español,Primaria,Menos de $500,"Disfruto explorando temas relacionados con ciencia ficción y avances científicos futuristas., Encuentros fascinantes los misterios sin resolver y me gusta buscar soluciones lógicas y científicas para resolverlos., Me gusta leer novelas de detectives y explorar el razonamiento detrás de los casos y las soluciones propuestas., Me interesa trabajar con materiales físicos (como pinturas, arcilla, telas) para crear productos artísticos., Disfruto explorando temas relacionados con arte y belleza visual en diferentes formas de expresión (dibujo, pintura, escultura)., Disfruto de actividades artísticas como la música, el teatro o la literatura que involucran la creación de obras y expresiones creativas.","Crear obras artísticas como pinturas, dibujos o esculturas., Compartir y recibir retroalimentación sobre tu arte.",Arte,"Negocios internacionales, Otro",Nadie en particular,3,Neutro,3,Falta de recursos educativos,Salud,3.0,4.0,Desarrollar nuevas ideas artísticas,3.0,Salud,3.0,Neutro,0,0,1,2,1,1,1,3,1.0,1,4,1,3.0,1,0,0,0,0,0,0,0,1,1,1,1,1,1,0,0,0,0,0,0,1,1,0,0,0,0,0,0,0,1,0,0,0,0,0,1,1,0,0,0,1,0,0,0,0,0,0,0,1,0,1,0,0,0,0,0,0,0,1,0,0,0,0
18,Femenino,VICENTE ANDA AGUIRRE,Urbana,Tercero de bachillerato,Español,Primaria,Menos de $500,"Disfruto explorando temas relacionados con arte y belleza visual en diferentes formas de expresión (dibujo, pintura, escultura)., Disfruto de actividades artísticas como la música, el teatro o la literatura que involucran la creación de obras y expresiones creativas.","Crear obras artísticas como pinturas, dibujos o esculturas., Compartir y recibir retroalimentación sobre tu arte.",Biología,"Estilista, Otro",Familia,5,Positivo,5,Falta de recursos educativos,Educación (T/S/A),4.0,5.0,Desarrollar nuevas ideas artísticas,3.0,Educación,3.0,Informado/a,0,0,1,3,1,1,1,4,1.0,5,4,3,4.0,1,0,0,0,0,0,0,0,0,0,0,0,1,1,0,0,0,0,0,0,1,1,0,0,0,1,0,0,0,0,0,0,0,0,0,1,1,0,0,0,0,0,0,0,1,0,0,0,1,0,0,0,1,0,0,1,1,1,1,0,0,1,1
16,Femenino,VICENTE ANDA AGUIRRE,Urbana,Tercero de bachillerato,Español,Primaria,Menos de $500,"Me interesa trabajar con herramientas, máquinas y equipos., Disfruto explorando y aprendiendo sobre seres vivos como animales, peces y plantas., Encuentros fascinantes los misterios sin resolver y me gusta buscar soluciones lógicas y científicas para resolverlos., Me gusta leer novelas de detectives y explorar el razonamiento detrás de los casos y las soluciones propuestas., Me interesa trabajar con materiales físicos (como pinturas, arcilla, telas) para crear productos artísticos., Disfruto explorando temas relacionados con arte y belleza visual en diferentes formas de expresión (dibujo, pintura, escultura)., Disfruto de actividades artísticas como la música, el teatro o la literatura que involucran la creación de obras y expresiones creativas.","Explorar nuevas tecnologías y sus impactos en la sociedad., Resolver problemas usando herramientas y software tecnológico., Compartir y recibir retroalimentación sobre tu arte.","Biología,  Tecnología,  Arte","Medica forense, Otro",Nadie en particular,2,Neutro,2,Dificultad en las materias,Salud,4.0,4.0,Mejorar la calidad de vida de las personas,2.0,Salud,3.0,Neutro,0,0,1,3,1,1,1,3,3.0,1,1,1,3.0,3,1,0,0,1,0,0,0,0,1,1,1,1,1,0,0,1,1,0,0,0,1,0,0,0,1,0,0,1,1,0,0,0,0,0,1,0,0,1,0,1,0,0,0,0,1,0,0,0,0,1,0,0,0,0,0,0,1,1,0,0,0,0
16,Femenino,VICENTE ANDA AGUIRRE,Urbana,Segundo de bachillerato,Español,Primaria,$501 - $1000,"Disfruto de actividades artísticas como la música, el teatro o la literatura que involucran la creación de obras y expresiones creativas.",Analizar datos para encontrar patrones y conclusiones.,Arte,Artista digital,Familia,5,Neutro,4,Dificultad en las materias,Educación (T/S/A),4.0,2.0,No estoy seguro(a),4.0,Educación,3.0,Neutro,0,0,1,2,1,1,2,3,3.0,5,5,3,3.0,3,0,0,0,0,0,0,0,0,0,0,0,0,1,1,0,0,0,0,0,0,0,0,0,0,0,0,0,0,1,0,0,0,1,0,0,0,0,1,0,0,0,0,0,1,0,0,0,0,1,0,0,1,0,0,1,1,1,0,1,0,0,0
15,Masculino,VICENTE ANDA AGUIRRE,Urbana,Primero de bachillerato,Español,Primaria,Menos de $500,"Me interesa trabajar con herramientas, máquinas y equipos., Me siento atraído/a por temas relacionados con mecánica y automóviles., Disfruto explorando y aprendiendo sobre seres vivos como animales, peces y plantas.","Aprender sobre nuevos descubrimientos científicos., Resolver problemas usando herramientas y software tecnológico., Crear obras artísticas como pinturas, dibujos o esculturas.",Tecnología,Ingeniero/a civil,Familia,4,Neutro,3,Falta de recursos educativos,Medio ambiente,4.0,5.0,Mejorar la calidad de vida de las personas,2.0,Salud,3.0,Informado/a,1,0,1,1,1,1,1,3,1.0,3,1,1,4.0,1,1,0,1,1,0,0,0,0,0,0,0,0,0,0,1,0,1,0,0,1,0,0,0,0,0,0,0,1,0,0,0,1,0,0,0,1,0,0,0,0,0,1,0,0,1,0,0,0,0,1,0,0,0,0,1,0,1,1,0,0,0,1
15,Femenino,VICENTE ANDA AGUIRRE,Urbana,Primero de bachillerato,Español,Primaria,$501 - $1000,"Me interesa trabajar con herramientas, máquinas y equipos.",Aprender sobre nuevos descubrimientos científicos.,Biología,"Investigador/a científico/a, Otro",Nadie en particular,4,Neutro,2,Falta de apoyo familiar,Educación (T/S/A),1.0,1.0,No estoy seguro(a),5.0,Salud,1.0,Neutro,0,0,1,1,1,1,2,3,2.0,5,5,1,3.0,2,1,0,0,0,0,0,0,0,0,0,0,0,0,0,1,0,0,0,0,0,0,0,0,0,1,0,0,0,0,1,0,0,0,0,1,0,1,0,0,0,0,0,0,1,0,0,0,0,1,1,0,0,0,0,1,0,0,0,1,0,0,0
17,Femenino,VICENTE ANDA AGUIRRE,Urbana,Tercero de bachillerato,Español,Primaria,$501 - $1000,"Me interesa trabajar con materiales físicos (como pinturas, arcilla, telas) para crear productos artísticos.",Aprender sobre nuevos descubrimientos científicos.,Biología,Ingeniero/a civil,Familia,1,Neutro,1,Dificultad en las materias,Medio ambiente,2.0,4.0,Contribuir a la sostenibilidad,2.0,Educación,4.0,Neutro,0,0,1,3,1,1,2,3,3.0,3,3,3,3.0,3,0,0,0,0,0,0,0,0,0,0,1,0,0,0,1,0,0,0,0,0,0,0,0,0,1,0,0,0,0,0,0,1,0,0,0,0,0,1,0,0,0,1,0,0,0,0,1,0,0,0,0,1,0,0,0,0,0,1,0,1,0,0
19,Masculino,VICENTE ANDA AGUIRRE,Urbana,Tercero de bachillerato,Español,Primaria,$501 - $1000,Me siento atraído/a por temas relacionados con mecánica y automóviles.,Resolver problemas matemáticos y encontrar soluciones eficientes,Matemáticas,Ingeniero/a civil,Familia,3,Neutro,3,Falta de apoyo familiar,Tecnología,3.0,4.0,Contribuir a la sostenibilidad,5.0,Energía,5.0,Neutro,1,0,1,3,1,1,2,3,2.0,2,3,2,3.0,2,0,0,1,0,0,0,0,0,0,0,0,0,0,0,0,0,0,0,0,0,0,0,1,1,0,0,0,0,0,0,0,1,0,0,0,0,1,0,0,0,1,0,0,0,0,0,1,0,0,0,1,0,0,0,0,0,0,1,1,1,0,0
16,Masculino,VICENTE ANDA AGUIRRE,Urbana,Primero de bachillerato,Español,Primaria,Menos de $500,"Me interesa trabajar con herramientas, máquinas y equipos., Disfruto arreglando o construyendo cosas físicas (por ejemplo, reparaciones en casa, proyectos de bricolaje)., Me siento atraído/a por temas relacionados con mecánica y automóviles., Encuentro fascinante la ingeniería y cómo se utiliza para diseñar y construir soluciones prácticas a problemas cotidianos y globales., Disfruto de actividades artísticas como la música, el teatro o la literatura que involucran la creación de obras y expresiones creativas.",Diseñar y construir estructuras o dispositivos prácticos.,"Física,  Química,  Tecnología","Mecánica automotriz, Otro",Familia,2,Neutro,4,Dificultad en las materias,Tecnología,4.0,5.0,Mejorar la calidad de vida de las personas,4.0,Salud,3.0,Neutro,1,0,1,1,1,1,1,3,3.0,2,1,1,3.0,3,1,1,1,0,1,0,0,0,0,0,0,0,1,0,0,0,0,1,0,0,0,0,0,0,0,1,1,1,0,0,0,0,0,0,1,0,0,1,0,0,1,0,0,0,1,0,0,0,0,1,0,0,0,0,0,1,1,1,1,0,0,0
15,Femenino,VICENTE ANDA AGUIRRE,Urbana,Primero de bachillerato,Español,Primaria,Menos de $500,"Me interesa investigar fenómenos físicos, biológicos y/o culturales para entender sus causas y efectos., Disfruto explorando temas relacionados con ciencia ficción y avances científicos futuristas.","Aprender sobre nuevos descubrimientos científicos., Resolver problemas matemáticos y encontrar soluciones eficientes",Matemáticas,"Investigador/a científico/a,  Matemático/a o estadístico/a, Otro",Familia,5,Positivo,5,Dificultad en las materias,Tecnología,5.0,4.0,Mejorar la calidad de vida de las personas,3.0,Educación,4.0,Poco informado/a,0,0,1,1,1,1,1,4,3.0,2,1,3,2.0,3,0,0,0,0,0,1,0,1,0,0,0,0,0,0,1,0,0,0,0,0,0,0,1,1,0,0,0,0,0,1,0,0,0,1,1,0,0,1,0,0,1,0,0,0,1,0,0,0,0,0,0,1,0,0,1,1,1,1,0,1,1,0
15,Masculino,VICENTE ANDA AGUIRRE,Urbana,Primero de bachillerato,Español,Primaria,Menos de $500,"Disfruto explorando y aprendiendo sobre seres vivos como animales, peces y plantas.",Aprender sobre nuevos descubrimientos científicos.,Física,"Ingeniero/a civil,",Familia,3,Positivo,5,Dificultad en las materias,Salud,3.0,5.0,Desarrollar nuevas ideas artísticas,5.0,Salud,4.0,Poco informado/a,1,0,1,1,1,1,1,4,3.0,1,4,1,2.0,3,0,0,0,1,0,0,0,0,0,0,0,0,0,0,1,0,0,0,0,0,0,0,0,0,0,1,0,0,0,0,0,1,0,0,0,0,0,1,0,1,0,0,0,0,0,0,0,1,0,1,0,0,0,0,0,1,0,1,1,1,1,0
16,Masculino,VICENTE ANDA AGUIRRE,Urbana,Segundo de bachillerato,Español,Primaria,Menos de $500,"Me interesa trabajar con herramientas, máquinas y equipos.","Resolver problemas usando herramientas y software tecnológico., Resolver problemas complejos de manera creativa.","Física,  Arte",Ingeniero/a civil,Familia,2,Positivo,5,Falta de recursos educativos,Tecnología,3.0,5.0,Mejorar la calidad de vida de las personas,3.0,Energía,3.0,Poco informado/a,1,0,1,2,1,1,1,4,1.0,2,1,2,2.0,1,1,0,0,0,0,0,0,0,0,0,0,0,0,0,0,0,1,0,1,0,0,0,0,0,0,1,0,0,1,0,0,1,0,0,0,1,0,0,0,0,1,0,0,0,1,0,0,0,0,0,1,0,0,0,0,1,0,1,0,0,1,0
16,Femenino,VICENTE ANDA AGUIRRE,Urbana,Segundo de bachillerato,Español,Primaria,Menos de $500,"Me interesa trabajar con herramientas, máquinas y equipos., Encuentro fascinante la ingeniería y cómo se utiliza para diseñar y construir soluciones prácticas a problemas cotidianos y globales., Encuentros fascinantes los misterios sin resolver y me gusta buscar soluciones lógicas y científicas para resolverlos.",Analizar datos para encontrar patrones y conclusiones.,Física,"Desarrollador/a de software,  Ingeniero/a civil","Familia,  Amigos",2,Neutro,4,Falta de recursos educativos,Salud,1.0,4.0,Contribuir a la sostenibilidad,1.0,Medio ambiente,1.0,Neutro,0,0,1,2,1,1,1,3,1.0,1,3,5,3.0,1,1,0,0,0,1,0,0,0,1,0,0,0,0,1,0,0,0,0,0,0,0,0,0,0,0,1,0,0,0,0,1,1,0,0,0,1,0,0,0,1,0,0,0,0,0,0,1,0,0,0,0,0,0,1,0,1,0,1,0,0,0,0
19,Masculino,VICENTE ANDA AGUIRRE,Urbana,Tercero de bachillerato,Español,Primaria,$501 - $1000,"Me siento atraído/a por temas relacionados con mecánica y automóviles., Encuentros fascinantes los misterios sin resolver y me gusta buscar soluciones lógicas y científicas para resolverlos.","Explorar nuevas tecnologías y sus impactos en la sociedad., Resolver problemas complejos de manera creativa., Compartir y recibir retroalimentación sobre tu arte.",Física,Desarrollador/a de software,Maestros,3,Muy negativo,4,Falta de apoyo familiar,Tecnología,3.0,4.0,Contribuir a la sostenibilidad,4.0,Medio ambiente,3.0,Neutro,1,0,1,3,1,1,2,1,2.0,2,3,5,3.0,2,0,0,1,0,0,0,0,0,1,0,0,0,0,0,0,1,0,0,1,0,1,0,0,0,0,1,0,0,0,0,1,0,0,0,0,0,1,0,0,0,1,0,0,0,0,0,1,0,0,0,0,0,0,1,0,1,0,1,1,0,0,0
16,Masculino,VICENTE ANDA AGUIRRE,Urbana,Segundo de bachillerato,Español,Primaria,$1001 - $2000,"Me interesa trabajar con herramientas, máquinas y equipos., Me gusta jugar ajedrez","Crear obras artísticas como pinturas, dibujos o esculturas.",Matemáticas,"Nose, Otro",Nadie en particular,2,Neutro,1,Dificultad en las materias,Tecnología,1.0,1.0,Innovar y crear nuevas tecnologías,1.0,Energía,1.0,Neutro,1,0,1,2,1,1,3,3,3.0,2,2,2,3.0,3,1,0,0,0,0,0,1,0,0,0,0,0,0,0,0,0,0,0,0,1,0,0,0,1,0,0,0,0,0,0,0,0,0,0,1,0,0,1,0,0,1,0,0,0,0,1,0,0,0,0,1,0,0,0,0,0,0,0,0,0,0,0
15,Femenino,VICENTE ANDA AGUIRRE,Urbana,Segundo de bachillerato,Español,Primaria,$501 - $1000,"Me interesa trabajar con herramientas, máquinas y equipos.","Aprender sobre nuevos descubrimientos científicos., Resolver problemas usando herramientas y software tecnológico., Crear obras artísticas como pinturas, dibujos o esculturas., Compartir y recibir retroalimentación sobre tu arte.","Biología,  Arte",Artista digital,Familia,4,Positivo,4,Falta de apoyo familiar,Salud,5.0,5.0,Mejorar la calidad de vida de las personas,3.0,Salud,3.0,Neutro,0,0,1,2,1,1,2,4,2.0,1,1,1,3.0,2,1,0,0,0,0,0,0,0,0,0,0,0,0,0,1,0,1,0,0,1,1,0,0,0,1,0,0,0,1,0,0,0,1,0,0,0,1,0,0,1,0,0,0,0,1,0,0,0,0,1,0,0,0,0,1,1,1,1,0,0,1,0
15,Femenino,VICENTE ANDA AGUIRRE,Rural,Primero de bachillerato,Español,Secundaria,Menos de $500,"Me interesa trabajar con materiales físicos (como pinturas, arcilla, telas) para crear productos artísticos.","Crear obras artísticas como pinturas, dibujos o esculturas.",Matemáticas,"Investigador/a científico/a, Otro",Familia,1,Neutro,4,Dificultad en las materias,Salud,3.0,5.0,Desarrollar nuevas ideas artísticas,2.0,Salud,3.0,Neutro,0,0,0,1,1,2,1,3,3.0,1,4,1,3.0,3,0,0,0,0,0,0,0,0,0,0,1,0,0,0,0,0,0,0,0,1,0,0,0,1,0,0,0,0,0,1,0,0,0,0,1,0,0,1,0,1,0,0,0,0,0,0,0,1,0,1,0,0,0,0,0,1,0,1,0,0,0,0
14,Masculino,VICENTE ANDA AGUIRRE,Rural,Primero de bachillerato,Español,Secundaria,Menos de $500,"Me interesa trabajar con herramientas, máquinas y equipos.",Aprender sobre nuevos descubrimientos científicos.,"Matemáticas,  Biología,  Física,  Química",Desarrollador/a de software,Familia,1,Positivo,4,Falta de recursos educativos,Medio ambiente,1.0,2.0,Mejorar la calidad de vida de las personas,2.0,Educación,2.0,Informado/a,1,0,0,1,1,2,1,4,1.0,3,1,3,4.0,1,1,0,0,0,0,0,0,0,0,0,0,0,0,0,1,0,0,0,0,0,0,0,0,1,1,1,1,0,0,0,1,0,0,0,0,1,0,0,0,0,0,1,0,0,1,0,0,0,0,0,0,1,0,0,0,1,0,0,0,0,1,1
16,Masculino,VICENTE ANDA AGUIRRE,Rural,Primero de bachillerato,Español,Secundaria,Menos de $500,"Me siento atraído/a por temas relacionados con mecánica y automóviles., Encuentro fascinante la ingeniería y cómo se utiliza para diseñar y construir soluciones prácticas a problemas cotidianos y globales.","Analizar datos para encontrar patrones y conclusiones., Aprender sobre nuevos descubrimientos científicos.",Biología,"Matemático/a o estadístico/a, Otro",Familia,5,Positivo,4,Dificultad en las materias,Tecnología,5.0,5.0,Mejorar la calidad de vida de las personas,5.0,Medio ambiente,2.0,Neutro,1,0,0,1,1,2,1,4,3.0,2,1,5,3.0,3,0,0,1,0,1,0,0,0,0,0,0,0,0,1,1,0,0,0,0,0,0,0,0,0,1,0,0,0,0,0,0,0,0,1,1,0,0,1,0,0,1,0,0,0,1,0,0,0,0,0,0,0,0,1,1,1,1,1,1,0,1,0
16,Masculino,VICENTE ANDA AGUIRRE,Rural,Tercero de bachillerato,Español,Secundaria,Menos de $500,"Me interesa trabajar con herramientas, máquinas y equipos., Disfruto arreglando o construyendo cosas físicas (por ejemplo, reparaciones en casa, proyectos de bricolaje)., Me siento atraído/a por temas relacionados con mecánica y automóviles., Encuentro fascinante la ingeniería y cómo se utiliza para diseñar y construir soluciones prácticas a problemas cotidianos y globales., Disfruto explorando temas relacionados con ciencia ficción y avances científicos futuristas., Disfruto explorando temas relacionados con arte y belleza visual en diferentes formas de expresión (dibujo, pintura, escultura).",Resolver problemas complejos de manera creativa.,Química,Ingeniero/a civil,"Familia,  Amigos",3,Neutro,5,Dificultad en las materias,Tecnología,3.0,4.0,Contribuir a la sostenibilidad,3.0,Educación,3.0,Neutro,1,0,0,3,1,2,1,3,3.0,2,3,3,3.0,3,1,1,1,0,1,0,0,1,0,0,0,1,0,0,0,0,0,0,1,0,0,0,0,0,0,0,1,0,0,0,0,1,0,0,0,0,0,1,0,0,1,0,0,0,0,0,1,0,0,0,0,1,0,0,0,1,0,1,0,0,0,0
17,Femenino,VICENTE ANDA AGUIRRE,Rural,Tercero de bachillerato,Español,Secundaria,Menos de $500,"Disfruto arreglando o construyendo cosas físicas (por ejemplo, reparaciones en casa, proyectos de bricolaje)., Disfruto explorando temas relacionados con ciencia ficción y avances científicos futuristas.","Aprender sobre nuevos descubrimientos científicos., Explorar nuevas tecnologías y sus impactos en la sociedad.",Arte,Artista digital,Nadie en particular,5,Positivo,5,Dificultad en las materias,Tecnología,1.0,1.0,No estoy seguro(a),1.0,Medio ambiente,1.0,Muy informado/a,0,0,0,3,1,2,1,4,3.0,2,5,5,5.0,3,0,1,0,0,0,0,0,1,0,0,0,0,0,0,1,1,0,0,0,0,0,0,0,0,0,0,0,0,1,0,0,0,1,0,0,0,0,1,0,0,1,0,0,0,0,0,0,0,1,0,0,0,0,1,1,1,0,0,0,0,1,1
17,Femenino,VICENTE ANDA AGUIRRE,Rural,Tercero de bachillerato,Español,Secundaria,Menos de $500,"Me interesa trabajar con herramientas, máquinas y equipos.",Compartir y recibir retroalimentación sobre tu arte.,"Matemáticas,  Física","Comercio internacionales, Otro",Nadie en particular,3,Neutro,3,Falta de recursos educativos,Salud,3.0,5.0,Mejorar la calidad de vida de las personas,4.0,Transporte,2.0,Neutro,0,0,0,3,1,2,1,3,1.0,1,1,4,3.0,1,1,0,0,0,0,0,0,0,0,0,0,0,0,0,0,0,0,0,0,0,1,0,0,1,0,1,0,0,0,0,0,0,0,0,1,1,0,0,0,1,0,0,0,0,1,0,0,0,0,0,0,0,1,0,0,0,0,1,1,0,0,0
14,Femenino,VICENTE ANDA AGUIRRE,Rural,Primero de bachillerato,Español,Secundaria,$501 - $1000,Me siento atraído/a por temas relacionados con mecánica y automóviles.,Explorar nuevas tecnologías y sus impactos en la sociedad.,Química,Ingeniero/a civil,Familia,5,Neutro,5,Dificultad en las materias,Tecnología,3.0,4.0,Desarrollar nuevas ideas artísticas,3.0,Energía,3.0,Neutro,0,0,0,1,1,2,2,3,3.0,2,4,2,3.0,3,0,0,1,0,0,0,0,0,0,0,0,0,0,0,0,1,0,0,0,0,0,0,0,0,0,0,1,0,0,0,0,1,0,0,0,0,0,1,0,0,1,0,0,0,0,0,0,1,0,0,1,0,0,0,1,1,0,1,0,0,0,0
17,Femenino,VICENTE ANDA AGUIRRE,Rural,Tercero de bachillerato,Español,Secundaria,Menos de $500,Me gusta jugar ajedrez,"Crear obras artísticas como pinturas, dibujos o esculturas.",Arte,Artista digital,Familia,1,Positivo,5,Falta de recursos educativos,Tecnología,5.0,3.0,Innovar y crear nuevas tecnologías,1.0,Salud,2.0,Informado/a,0,0,0,3,1,2,1,4,1.0,2,2,1,4.0,1,0,0,0,0,0,0,1,0,0,0,0,0,0,0,0,0,0,0,0,1,0,0,0,0,0,0,0,0,1,0,0,0,1,0,0,1,0,0,0,0,1,0,0,0,0,1,0,0,0,1,0,0,0,0,0,1,1,0,0,0,1,1
15,Femenino,VICENTE ANDA AGUIRRE,Rural,Primero de bachillerato,Español,Secundaria,Menos de $500,"Disfruto explorando y aprendiendo sobre seres vivos como animales, peces y plantas.",Explorar nuevas tecnologías y sus impactos en la sociedad.,Biología,Ingeniero/a civil,Familia,3,Positivo,3,Dificultad en las materias,Medio ambiente,2.0,5.0,Mejorar la calidad de vida de las personas,1.0,Educación,5.0,Poco informado/a,0,0,0,1,1,2,1,4,3.0,3,1,3,2.0,3,0,0,0,1,0,0,0,0,0,0,0,0,0,0,0,1,0,0,0,0,0,0,0,0,1,0,0,0,0,0,0,1,0,0,0,0,0,1,0,0,0,1,0,0,1,0,0,0,0,0,0,1,0,0,0,0,0,1,0,1,1,0
16,Femenino,VICENTE ANDA AGUIRRE,Rural,Tercero de bachillerato,Español,Secundaria,Menos de $500,"Encuentro fascinante la ingeniería y cómo se utiliza para diseñar y construir soluciones prácticas a problemas cotidianos y globales., Encuentros fascinantes los misterios sin resolver y me gusta buscar soluciones lógicas y científicas para resolverlos., Me interesa trabajar con materiales físicos (como pinturas, arcilla, telas) para crear productos artísticos., Disfruto explorando temas relacionados con arte y belleza visual en diferentes formas de expresión (dibujo, pintura, escultura)., Disfruto de actividades artísticas como la música, el teatro o la literatura que involucran la creación de obras y expresiones creativas.","Resolver problemas complejos de manera creativa., Crear obras artísticas como pinturas, dibujos o esculturas., Compartir y recibir retroalimentación sobre tu arte.","Tecnología,  Arte","Ingeria industrial, Otro",Nadie en particular,3,Positivo,5,Dificultad en las materias,Tecnología,4.0,4.0,Mejorar la calidad de vida de las personas,5.0,Medio ambiente,5.0,Informado/a,0,0,0,3,1,2,1,4,3.0,2,1,5,4.0,3,0,0,0,0,1,0,0,0,1,0,1,1,1,0,0,0,0,0,1,1,1,0,0,0,0,0,0,1,1,0,0,0,0,0,1,0,0,1,0,0,1,0,0,0,1,0,0,0,0,0,0,0,0,1,0,1,1,1,1,1,1,1
15,Masculino,VICENTE ANDA AGUIRRE,Rural,Primero de bachillerato,Español,Secundaria,Menos de $500,"Me interesa trabajar con herramientas, máquinas y equipos.",Resolver problemas complejos de manera creativa.,Física,"Investigador/a científico/a,, Otro",Familia,1,Positivo,1,Dificultad en las materias,Medio ambiente,1.0,5.0,No estoy seguro(a),5.0,Salud,3.0,Informado/a,1,0,0,1,1,2,1,4,3.0,3,5,1,4.0,3,1,0,0,0,0,0,0,0,0,0,0,0,0,0,0,0,0,0,1,0,0,0,0,0,0,1,0,0,0,1,0,0,0,0,1,0,0,1,0,0,0,1,0,0,0,0,0,0,1,1,0,0,0,0,0,0,0,1,1,0,1,1
18,Femenino,VICENTE ANDA AGUIRRE,Rural,Segundo de bachillerato,Español,Secundaria,Menos de $500,"Me interesa investigar fenómenos físicos, biológicos y/o culturales para entender sus causas y efectos.",Aprender sobre nuevos descubrimientos científicos.,Física,"Investigador/a científico/a, Otro",Familia,1,Positivo,5,Dificultad en las materias,Medio ambiente,5.0,5.0,No estoy seguro(a),1.0,Educación,1.0,Poco informado/a,0,0,0,2,1,2,1,4,3.0,3,5,3,2.0,3,0,0,0,0,0,1,0,0,0,0,0,0,0,0,1,0,0,0,0,0,0,0,0,0,0,1,0,0,0,1,0,0,0,0,1,0,0,1,0,0,0,1,0,0,0,0,0,0,1,0,0,1,0,0,0,1,1,1,0,0,1,0
16,Masculino,VICENTE ANDA AGUIRRE,Rural,Tercero de bachillerato,Español,Secundaria,Menos de $500,"Me interesa trabajar con herramientas, máquinas y equipos.",Compartir y recibir retroalimentación sobre tu arte.,"Biología,  Física",Ingeniero/a civil,Familia,4,Positivo,3,Dificultad en las materias,Medio ambiente,3.0,5.0,Contribuir a la sostenibilidad,4.0,Educación,5.0,Poco informado/a,1,0,0,3,1,2,1,4,3.0,3,3,3,2.0,3,1,0,0,0,0,0,0,0,0,0,0,0,0,0,0,0,0,0,0,0,1,0,0,0,1,1,0,0,0,0,0,1,0,0,0,0,0,1,0,0,0,1,0,0,0,0,1,0,0,0,0,1,0,0,1,0,0,1,1,1,1,0
17,Masculino,VICENTE ANDA AGUIRRE,Urbana,Segundo de bachillerato,Español,Secundaria,Menos de $500,"Me interesa trabajar con herramientas, máquinas y equipos., Me interesa investigar fenómenos físicos, biológicos y/o culturales para entender sus causas y efectos., Disfruto explorando temas relacionados con ciencia ficción y avances científicos futuristas.","Analizar datos para encontrar patrones y conclusiones., Explorar nuevas tecnologías y sus impactos en la sociedad., Resolver problemas matemáticos y encontrar soluciones eficientes","Biología,  Química",Ingeniero/a civil,Familia,2,Positivo,4,Falta de recursos educativos,Tecnología,3.0,2.0,Mejorar la calidad de vida de las personas,3.0,Salud,3.0,Informado/a,1,0,1,2,1,2,1,4,1.0,2,1,1,4.0,1,1,0,0,0,0,1,0,1,0,0,0,0,0,1,0,1,0,0,0,0,0,0,1,0,1,0,1,0,0,0,0,1,0,0,0,1,0,0,0,0,1,0,0,0,1,0,0,0,0,1,0,0,0,0,0,1,0,0,0,0,1,1
16,Femenino,VICENTE ANDA AGUIRRE,Urbana,Tercero de bachillerato,Español,Secundaria,$501 - $1000,"Disfruto explorando y aprendiendo sobre seres vivos como animales, peces y plantas.",Aprender sobre nuevos descubrimientos científicos.,"Biología,  Física,  Química","La carrera de medicina, licencia en criminología, sicóloga, educación inicial, Otro","Familia,  Maestros,  Amigos",2,Negativo,5,Dificultad en las materias,Salud,2.0,5.0,Mejorar la calidad de vida de las personas,1.0,Salud,5.0,Informado/a,0,0,1,3,1,2,2,2,3.0,1,1,1,4.0,3,0,0,0,1,0,0,0,0,0,0,0,0,0,0,1,0,0,0,0,0,0,0,0,0,1,1,1,0,0,0,0,0,0,0,1,0,0,1,0,1,0,0,0,0,1,0,0,0,0,1,0,0,0,0,0,1,0,1,0,1,0,1
16,Masculino,VICENTE ANDA AGUIRRE,Urbana,Segundo de bachillerato,Español,Secundaria,$501 - $1000,"Disfruto arreglando o construyendo cosas físicas (por ejemplo, reparaciones en casa, proyectos de bricolaje)., Disfruto explorando y aprendiendo sobre seres vivos como animales, peces y plantas.","Explorar nuevas tecnologías y sus impactos en la sociedad., Diseñar y construir estructuras o dispositivos prácticos.","Biología,  Física","Ingeniero agropecuario, Otro",Familia,2,Neutro,3,Otro,Salud,3.0,4.0,No estoy seguro(a),4.0,Educación,3.0,Poco informado/a,1,0,1,2,1,2,2,3,3.0,1,5,3,2.0,4,0,1,0,1,0,0,0,0,0,0,0,0,0,0,0,1,0,1,0,0,0,0,0,0,1,1,0,0,0,0,0,0,0,0,1,0,0,0,1,1,0,0,0,0,0,0,0,0,1,0,0,1,0,0,0,0,0,1,1,0,0,0
16,Femenino,VICENTE ANDA AGUIRRE,Urbana,Primero de bachillerato,Español,Secundaria,Menos de $500,"Disfruto explorando y aprendiendo sobre seres vivos como animales, peces y plantas.","Aprender sobre nuevos descubrimientos científicos., Resolver problemas complejos de manera creativa.",Biología,Ingeniero/a civil,Familia,2,Positivo,1,Dificultad en las materias,Medio ambiente,1.0,1.0,Contribuir a la sostenibilidad,1.0,Educación,1.0,Muy informado/a,0,0,1,1,1,2,1,4,3.0,3,3,3,5.0,3,0,0,0,1,0,0,0,0,0,0,0,0,0,0,1,0,0,0,1,0,0,0,0,0,1,0,0,0,0,0,0,1,0,0,0,0,0,1,0,0,0,1,0,0,0,0,1,0,0,0,0,1,0,0,0,0,0,0,0,0,1,1
15,Femenino,VICENTE ANDA AGUIRRE,Urbana,Primero de bachillerato,Español,Secundaria,Menos de $500,"Disfruto explorando y aprendiendo sobre seres vivos como animales, peces y plantas.",Aprender sobre nuevos descubrimientos científicos.,"Biología,  Física,  Química,  Tecnología",Ingeniero/a civil,Nadie en particular,3,Neutro,3,Dificultad en las materias,Medio ambiente,2.0,4.0,Contribuir a la sostenibilidad,3.0,Educación,3.0,Informado/a,0,0,1,1,1,2,1,3,3.0,3,3,3,4.0,3,0,0,0,1,0,0,0,0,0,0,0,0,0,0,1,0,0,0,0,0,0,0,0,0,1,1,1,1,0,0,0,1,0,0,0,0,0,1,0,0,0,1,0,0,0,0,1,0,0,0,0,1,0,0,0,0,0,1,0,0,0,1
14,Femenino,VICENTE ANDA AGUIRRE,Urbana,Primero de bachillerato,Español,Secundaria,$501 - $1000,"Me interesa investigar fenómenos físicos, biológicos y/o culturales para entender sus causas y efectos.",Analizar datos para encontrar patrones y conclusiones.,Matemáticas,"Matemático/a o estadístico/a, Otro",Familia,5,Negativo,5,Falta de recursos educativos,Tecnología,5.0,5.0,Mejorar la calidad de vida de las personas,3.0,Educación,4.0,Poco informado/a,0,0,1,1,1,2,2,2,1.0,2,1,3,2.0,1,0,0,0,0,0,1,0,0,0,0,0,0,0,1,0,0,0,0,0,0,0,0,0,1,0,0,0,0,0,0,0,0,0,1,1,1,0,0,0,0,1,0,0,0,1,0,0,0,0,0,0,1,0,0,1,1,1,1,0,1,0,0
17,Masculino,VICENTE ANDA AGUIRRE,Urbana,Tercero de bachillerato,Español,Secundaria,$1001 - $2000,"Me interesa trabajar con herramientas, máquinas y equipos., Me siento atraído/a por temas relacionados con mecánica y automóviles., Me interesa investigar fenómenos físicos, biológicos y/o culturales para entender sus causas y efectos., Disfruto explorando temas relacionados con ciencia ficción y avances científicos futuristas.","Aprender sobre nuevos descubrimientos científicos., Explorar nuevas tecnologías y sus impactos en la sociedad., Resolver problemas usando herramientas y software tecnológico., Diseñar y construir estructuras o dispositivos prácticos.","Matemáticas,  Biología,  Física,  Química","Investigador/a científico/a,  Desarrollador/a de software,  Ingeniero/a civil, Otro",Familia,3,Neutro,5,Falta de recursos educativos,Salud,5.0,5.0,Innovar y crear nuevas tecnologías,5.0,Salud,4.0,Informado/a,1,0,1,3,1,2,3,3,1.0,1,2,1,4.0,1,1,0,1,0,0,1,0,1,0,0,0,0,0,0,1,1,1,1,0,0,0,0,0,1,1,1,1,0,0,1,1,1,0,0,1,1,0,0,0,1,0,0,0,0,0,1,0,0,0,1,0,0,0,0,0,1,1,1,1,1,0,1
14,Masculino,VICENTE ANDA AGUIRRE,Urbana,Primero de bachillerato,Español,Secundaria,$501 - $1000,"Me interesa trabajar con herramientas, máquinas y equipos., Disfruto arreglando o construyendo cosas físicas (por ejemplo, reparaciones en casa, proyectos de bricolaje)., Me siento atraído/a por temas relacionados con mecánica y automóviles., Disfruto explorando y aprendiendo sobre seres vivos como animales, peces y plantas., Encuentro fascinante la ingeniería y cómo se utiliza para diseñar y construir soluciones prácticas a problemas cotidianos y globales., Me gusta jugar ajedrez, Me interesa trabajar con materiales físicos (como pinturas, arcilla, telas) para crear productos artísticos., Disfruto explorando temas relacionados con arte y belleza visual en diferentes formas de expresión (dibujo, pintura, escultura).","Analizar datos para encontrar patrones y conclusiones., Crear obras artísticas como pinturas, dibujos o esculturas., Analizar datos y realizar interpretaciones estadísticas, Resolver problemas matemáticos y encontrar soluciones eficientes","Matemáticas,  Biología,  Tecnología,  Arte","Artista digital,  Matemático/a o estadístico/a, Otro",Familia,3,Negativo,5,Otro,Tecnología,4.0,5.0,Mejorar la calidad de vida de las personas,3.0,Transporte,5.0,Poco informado/a,1,0,1,1,1,2,2,2,3.0,2,1,4,2.0,4,1,1,1,1,1,0,1,0,0,0,1,1,0,1,0,0,0,0,0,1,0,1,1,1,1,0,0,1,1,0,0,0,1,1,1,0,0,0,1,0,1,0,0,0,1,0,0,0,0,0,0,0,1,0,0,1,1,1,0,1,0,0
15,Masculino,VICENTE ANDA AGUIRRE,Urbana,Primero de bachillerato,Español,Secundaria,$501 - $1000,"Me gusta jugar ajedrez, Disfruto de actividades artísticas como la música, el teatro o la literatura que involucran la creación de obras y expresiones creativas.","Resolver problemas complejos de manera creativa., Compartir y recibir retroalimentación sobre tu arte., Resolver problemas matemáticos y encontrar soluciones eficientes",Física,Desarrollador/a de software,Familia,1,Positivo,5,Falta de recursos educativos,Salud,5.0,4.0,Mejorar la calidad de vida de las personas,4.0,Educación,4.0,Muy informado/a,1,0,1,1,1,2,2,4,1.0,1,1,3,5.0,1,0,0,0,0,0,0,1,0,0,0,0,0,1,0,0,0,0,0,1,0,1,0,1,0,0,1,0,0,0,0,1,0,0,0,0,1,0,0,0,1,0,0,0,0,1,0,0,0,0,0,0,1,0,0,0,1,1,1,1,1,1,1
15,Masculino,VICENTE ANDA AGUIRRE,Urbana,Primero de bachillerato,Español,Secundaria,$501 - $1000,"Me interesa trabajar con herramientas, máquinas y equipos., Disfruto arreglando o construyendo cosas físicas (por ejemplo, reparaciones en casa, proyectos de bricolaje).","Aprender sobre nuevos descubrimientos científicos., Crear obras artísticas como pinturas, dibujos o esculturas., Resolver problemas matemáticos y encontrar soluciones eficientes",Física,"Investigador/a científico/a, Otro",Familia,5,Positivo,4,Falta de recursos educativos,Educación (T/S/A),4.0,5.0,Mejorar la calidad de vida de las personas,5.0,Medio ambiente,4.0,Muy informado/a,1,0,1,1,1,2,2,4,1.0,5,1,5,5.0,1,1,1,0,0,0,0,0,0,0,0,0,0,0,0,1,0,0,0,0,1,0,0,1,0,0,1,0,0,0,1,0,0,0,0,1,1,0,0,0,0,0,0,0,1,1,0,0,0,0,0,0,0,0,1,1,1,1,1,1,1,1,1
15,Femenino,VICENTE ANDA AGUIRRE,Urbana,Primero de bachillerato,Español,Secundaria,Menos de $500,"Disfruto arreglando o construyendo cosas físicas (por ejemplo, reparaciones en casa, proyectos de bricolaje).",Explorar nuevas tecnologías y sus impactos en la sociedad.,Arte,Artista digital,Familia,1,Neutro,1,Falta de recursos educativos,Tecnología,1.0,2.0,Innovar y crear nuevas tecnologías,4.0,Educación,2.0,Neutro,0,0,1,1,1,2,1,3,1.0,2,2,3,3.0,1,0,1,0,0,0,0,0,0,0,0,0,0,0,0,0,1,0,0,0,0,0,0,0,0,0,0,0,0,1,0,0,0,1,0,0,1,0,0,0,0,1,0,0,0,0,1,0,0,0,0,0,1,0,0,0,0,0,0,1,0,0,0
15,Femenino,VICENTE ANDA AGUIRRE,Urbana,Primero de bachillerato,Español,Secundaria,$501 - $1000,"Disfruto arreglando o construyendo cosas físicas (por ejemplo, reparaciones en casa, proyectos de bricolaje).",Resolver problemas usando herramientas y software tecnológico.,Tecnología,Desarrollador/a de software,Familia,2,Neutro,2,Falta de recursos educativos,Tecnología,1.0,5.0,Innovar y crear nuevas tecnologías,3.0,Educación,3.0,Neutro,0,0,1,1,1,2,2,3,1.0,2,2,3,3.0,1,0,1,0,0,0,0,0,0,0,0,0,0,0,0,0,0,1,0,0,0,0,0,0,0,0,0,0,1,0,0,1,0,0,0,0,1,0,0,0,0,1,0,0,0,0,1,0,0,0,0,0,1,0,0,0,0,0,1,0,0,0,0
17,Masculino,VICENTE ANDA AGUIRRE,Urbana,Tercero de bachillerato,Español,Secundaria,$501 - $1000,"Me interesa trabajar con herramientas, máquinas y equipos., Me siento atraído/a por temas relacionados con mecánica y automóviles.",Explorar nuevas tecnologías y sus impactos en la sociedad.,Tecnología,Desarrollador/a de software,Familia,1,Neutro,3,Dificultad en las materias,Tecnología,4.0,3.0,Innovar y crear nuevas tecnologías,4.0,Energía,4.0,Neutro,1,0,1,3,1,2,2,3,3.0,2,2,2,3.0,3,1,0,1,0,0,0,0,0,0,0,0,0,0,0,0,1,0,0,0,0,0,0,0,0,0,0,0,1,0,0,1,0,0,0,0,0,0,1,0,0,1,0,0,0,0,1,0,0,0,0,1,0,0,0,0,0,1,0,1,1,0,0
17,Masculino,VICENTE ANDA AGUIRRE,Urbana,Tercero de bachillerato,Español,Secundaria,Menos de $500,"Disfruto explorando y aprendiendo sobre seres vivos como animales, peces y plantas., Me gusta leer novelas de detectives y explorar el razonamiento detrás de los casos y las soluciones propuestas.","Diseñar y construir estructuras o dispositivos prácticos., Crear obras artísticas como pinturas, dibujos o esculturas.","Biología,  Química,  Arte","Ingeniero/a civil,  Artista digital",Nadie en particular,3,Neutro,3,Falta de apoyo familiar,Medio ambiente,5.0,4.0,No estoy seguro(a),4.0,Salud,3.0,Informado/a,1,0,1,3,1,2,1,3,2.0,3,5,1,4.0,2,0,0,0,1,0,0,0,0,0,1,0,0,0,0,0,0,0,1,0,1,0,0,0,0,1,0,1,0,1,0,0,1,1,0,0,0,1,0,0,0,0,1,0,0,0,0,0,0,1,1,0,0,0,0,0,0,1,1,1,0,0,1
15,Femenino,VICENTE ANDA AGUIRRE,Urbana,Primero de bachillerato,Español,Secundaria,Menos de $500,"Disfruto explorando y aprendiendo sobre seres vivos como animales, peces y plantas., Me interesa investigar fenómenos físicos, biológicos y/o culturales para entender sus causas y efectos., Disfruto explorando temas relacionados con ciencia ficción y avances científicos futuristas., Me interesa trabajar con materiales físicos (como pinturas, arcilla, telas) para crear productos artísticos., Disfruto de actividades artísticas como la música, el teatro o la literatura que involucran la creación de obras y expresiones creativas.","Aprender sobre nuevos descubrimientos científicos., Diseñar y construir estructuras o dispositivos prácticos.",Física,"Investigador/a científico/a, Otro",Familia,2,Neutro,5,Otro,Tecnología,5.0,4.0,Contribuir a la sostenibilidad,4.0,Educación,5.0,Informado/a,0,0,1,1,1,2,1,3,3.0,2,3,3,4.0,4,0,0,0,1,0,1,0,1,0,0,1,0,1,0,1,0,0,1,0,0,0,0,0,0,0,1,0,0,0,1,0,0,0,0,1,0,0,0,1,0,1,0,0,0,0,0,1,0,0,0,0,1,0,0,0,1,1,1,1,1,0,1
17,Femenino,VICENTE ANDA AGUIRRE,Urbana,Tercero de bachillerato,Español,Secundaria,Menos de $500,"Me interesa trabajar con materiales físicos (como pinturas, arcilla, telas) para crear productos artísticos., Disfruto explorando temas relacionados con arte y belleza visual en diferentes formas de expresión (dibujo, pintura, escultura)., Disfruto de actividades artísticas como la música, el teatro o la literatura que involucran la creación de obras y expresiones creativas.","Crear obras artísticas como pinturas, dibujos o esculturas., Compartir y recibir retroalimentación sobre tu arte., Resolver problemas matemáticos y encontrar soluciones eficientes","Matemáticas,  Biología,  Tecnología,  Arte","Cosmetología, Otro",Nadie en particular,3,Neutro,4,Falta de recursos educativos,Arte,3.0,3.0,Desarrollar nuevas ideas artísticas,5.0,Salud,4.0,Neutro,0,0,1,3,1,2,1,3,1.0,4,4,1,3.0,1,0,0,0,0,0,0,0,0,0,0,1,1,1,0,0,0,0,0,0,1,1,0,1,1,1,0,0,1,1,0,0,0,0,0,1,1,0,0,0,0,0,0,1,0,0,0,0,1,0,1,0,0,0,0,0,1,0,0,1,1,0,0
17,Masculino,VICENTE ANDA AGUIRRE,Urbana,Tercero de bachillerato,Español,Secundaria,Menos de $500,"Me interesa trabajar con herramientas, máquinas y equipos., Disfruto arreglando o construyendo cosas físicas (por ejemplo, reparaciones en casa, proyectos de bricolaje)., Me siento atraído/a por temas relacionados con mecánica y automóviles., Disfruto explorando y aprendiendo sobre seres vivos como animales, peces y plantas., Encuentro fascinante la ingeniería y cómo se utiliza para diseñar y construir soluciones prácticas a problemas cotidianos y globales.",Resolver problemas usando herramientas y software tecnológico.,Matemáticas,"Ingeniero/a civil, Industrial, Otro","Familia,  Maestros,  Redes sociales",3,Positivo,3,Dificultad en las materias,Tecnología,1.0,1.0,Innovar y crear nuevas tecnologías,1.0,Transporte,1.0,Muy informado/a,1,0,1,3,1,2,1,4,3.0,2,2,4,5.0,3,1,1,1,1,1,0,0,0,0,0,0,0,0,0,0,0,1,0,0,0,0,0,0,1,0,0,0,0,0,0,0,1,0,0,1,0,0,1,0,0,1,0,0,0,0,1,0,0,0,0,0,0,1,0,0,0,0,0,0,0,1,1
17,Masculino,VICENTE ANDA AGUIRRE,Urbana,Tercero de bachillerato,Español,Secundaria,Menos de $500,"Me interesa trabajar con herramientas, máquinas y equipos.",Aprender sobre nuevos descubrimientos científicos.,Física,Ingeniero/a civil,Familia,1,Positivo,1,Falta de apoyo familiar,Medio ambiente,1.0,1.0,No estoy seguro(a),5.0,Educación,1.0,Nada informado/a,1,0,1,3,1,2,1,4,2.0,3,5,3,1.0,2,1,0,0,0,0,0,0,0,0,0,0,0,0,0,1,0,0,0,0,0,0,0,0,0,0,1,0,0,0,0,0,1,0,0,0,0,1,0,0,0,0,1,0,0,0,0,0,0,1,0,0,1,0,0,0,0,0,0,1,0,1,0
19,Femenino,VICENTE ANDA AGUIRRE,Urbana,Segundo de bachillerato,Español,Secundaria,$501 - $1000,"Disfruto de actividades artísticas como la música, el teatro o la literatura que involucran la creación de obras y expresiones creativas.",Explorar nuevas tecnologías y sus impactos en la sociedad.,Física,Artista digital,"Familia,  Nadie en particular",3,Neutro,3,Falta de apoyo familiar,Tecnología,4.0,4.0,Mejorar la calidad de vida de las personas,4.0,Medio ambiente,4.0,Poco informado/a,0,0,1,2,1,2,2,3,2.0,2,1,5,2.0,2,0,0,0,0,0,0,0,0,0,0,0,0,1,0,0,1,0,0,0,0,0,0,0,0,0,1,0,0,0,0,0,0,1,0,0,0,1,0,0,0,1,0,0,0,1,0,0,0,0,0,0,0,0,1,0,0,1,1,1,1,0,0
16,Femenino,VICENTE ANDA AGUIRRE,Urbana,Segundo de bachillerato,Español,Secundaria,$501 - $1000,"Me interesa trabajar con herramientas, máquinas y equipos., Me interesa trabajar con materiales físicos (como pinturas, arcilla, telas) para crear productos artísticos., Disfruto de actividades artísticas como la música, el teatro o la literatura que involucran la creación de obras y expresiones creativas.","Explorar nuevas tecnologías y sus impactos en la sociedad., Crear obras artísticas como pinturas, dibujos o esculturas.","Matemáticas,  Biología,  Arte","Desarrollador/a de software,  Ingeniero/a civil,  Artista digital",Redes sociales,3,Positivo,5,Dificultad en las materias,Arte,5.0,5.0,Mejorar la calidad de vida de las personas,5.0,Educación,4.0,Neutro,0,0,1,2,1,2,2,4,3.0,4,1,3,3.0,3,1,0,0,0,0,0,0,0,0,0,1,0,1,0,0,1,0,0,0,1,0,0,0,1,1,0,0,0,1,0,1,1,1,0,0,0,0,1,0,0,0,0,1,0,1,0,0,0,0,0,0,1,0,0,0,1,1,1,1,1,1,0
17,Femenino,VICENTE ANDA AGUIRRE,Urbana,Segundo de bachillerato,Español,Secundaria,Menos de $500,"Disfruto de actividades artísticas como la música, el teatro o la literatura que involucran la creación de obras y expresiones creativas.",Aprender sobre nuevos descubrimientos científicos.,"Biología,  Arte","Investigador/a científico/a,  Artista digital, Otro",Familia,1,Positivo,4,Dificultad en las materias,Salud,3.0,4.0,Mejorar la calidad de vida de las personas,3.0,Salud,3.0,Informado/a,0,0,1,2,1,2,1,4,3.0,1,1,1,4.0,3,0,0,0,0,0,0,0,0,0,0,0,0,1,0,1,0,0,0,0,0,0,0,0,0,1,0,0,0,1,1,0,0,1,0,1,0,0,1,0,1,0,0,0,0,1,0,0,0,0,1,0,0,0,0,0,1,0,1,0,0,1,1
14,Femenino,VICENTE ANDA AGUIRRE,Urbana,Primero de bachillerato,Español,Secundaria,Menos de $500,"Me interesa trabajar con herramientas, máquinas y equipos., Me siento atraído/a por temas relacionados con mecánica y automóviles., Disfruto explorando temas relacionados con ciencia ficción y avances científicos futuristas., Encuentros fascinantes los misterios sin resolver y me gusta buscar soluciones lógicas y científicas para resolverlos., Me interesa trabajar con materiales físicos (como pinturas, arcilla, telas) para crear productos artísticos., Disfruto de actividades artísticas como la música, el teatro o la literatura que involucran la creación de obras y expresiones creativas.","Analizar datos para encontrar patrones y conclusiones., Explorar nuevas tecnologías y sus impactos en la sociedad., Diseñar y construir estructuras o dispositivos prácticos., Resolver problemas matemáticos y encontrar soluciones eficientes","Física,  Química","Investigador/a científico/a, Otro",Familia,5,Neutro,5,Dificultad en las materias,Salud,2.0,3.0,Innovar y crear nuevas tecnologías,3.0,Educación,3.0,Informado/a,0,0,1,1,1,2,1,3,3.0,1,2,3,4.0,3,1,0,1,0,0,0,0,1,1,0,1,0,1,1,0,1,0,1,0,0,0,0,1,0,0,1,1,0,0,1,0,0,0,0,1,0,0,1,0,1,0,0,0,0,0,1,0,0,0,0,0,1,0,0,1,1,0,0,0,0,0,1
15,Femenino,VICENTE ANDA AGUIRRE,Rural,Primero de bachillerato,Español,Universidad,Menos de $500,"Disfruto arreglando o construyendo cosas físicas (por ejemplo, reparaciones en casa, proyectos de bricolaje)., Disfruto explorando y aprendiendo sobre seres vivos como animales, peces y plantas.","Explorar nuevas tecnologías y sus impactos en la sociedad., Resolver problemas usando herramientas y software tecnológico.","Biología,  Física,  Química","Investigador/a científico/a, Otro",Familia,5,Positivo,5,Dificultad en las materias,Salud,5.0,5.0,Mejorar la calidad de vida de las personas,5.0,Educación,1.0,Neutro,0,0,0,1,1,4,1,4,3.0,1,1,3,3.0,3,0,1,0,1,0,0,0,0,0,0,0,0,0,0,0,1,1,0,0,0,0,0,0,0,1,1,1,0,0,1,0,0,0,0,1,0,0,1,0,1,0,0,0,0,1,0,0,0,0,0,0,1,0,0,1,1,1,1,1,0,1,0
16,Masculino,VICENTE ANDA AGUIRRE,Rural,Primero de bachillerato,Español,Universidad,$1001 - $2000,"Disfruto explorando y aprendiendo sobre seres vivos como animales, peces y plantas., Me interesa investigar fenómenos físicos, biológicos y/o culturales para entender sus causas y efectos., Me interesa trabajar con materiales físicos (como pinturas, arcilla, telas) para crear productos artísticos.","Resolver problemas usando herramientas y software tecnológico., Resolver problemas complejos de manera creativa., Resolver problemas matemáticos y encontrar soluciones eficientes",Física,Desarrollador/a de software,Familia,1,Positivo,2,Dificultad en las materias,Educación (T/S/A),3.0,3.0,Contribuir a la sostenibilidad,2.0,Salud,2.0,Neutro,1,0,0,1,1,4,3,4,3.0,5,3,1,3.0,3,0,0,0,1,0,1,0,0,0,0,1,0,0,0,0,0,1,0,1,0,0,0,1,0,0,1,0,0,0,0,1,0,0,0,0,0,0,1,0,0,0,0,0,1,0,0,1,0,0,1,0,0,0,0,0,0,0,0,0,0,1,0
17,Masculino,VICENTE ANDA AGUIRRE,Rural,Tercero de bachillerato,Español,Universidad,$501 - $1000,"Me interesa trabajar con herramientas, máquinas y equipos., Encuentro fascinante la ingeniería y cómo se utiliza para diseñar y construir soluciones prácticas a problemas cotidianos y globales., Me gusta jugar ajedrez, Disfruto explorando temas relacionados con ciencia ficción y avances científicos futuristas., Disfruto de actividades artísticas como la música, el teatro o la literatura que involucran la creación de obras y expresiones creativas.","Aprender sobre nuevos descubrimientos científicos., Explorar nuevas tecnologías y sus impactos en la sociedad., Resolver problemas usando herramientas y software tecnológico., Diseñar y construir estructuras o dispositivos prácticos., Resolver problemas complejos de manera creativa., Resolver problemas matemáticos y encontrar soluciones eficientes","Matemáticas,  Física,  Tecnología",Ingeniero/a civil,"Familia,  Nadie en particular",2,Neutro,5,Falta de recursos educativos,Tecnología,5.0,5.0,Mejorar la calidad de vida de las personas,5.0,Educación,5.0,Informado/a,1,0,0,3,1,4,2,3,1.0,2,1,3,4.0,1,1,0,0,0,1,0,1,1,0,0,0,0,1,0,1,1,1,1,1,0,0,0,1,1,0,1,0,1,0,0,0,1,0,0,0,1,0,0,0,0,1,0,0,0,1,0,0,0,0,0,0,1,0,0,0,1,1,1,1,1,0,1
14,Femenino,VICENTE ANDA AGUIRRE,Rural,Primero de bachillerato,Español,Universidad,$1001 - $2000,"Disfruto explorando y aprendiendo sobre seres vivos como animales, peces y plantas., Me interesa trabajar con materiales físicos (como pinturas, arcilla, telas) para crear productos artísticos.","Diseñar y construir estructuras o dispositivos prácticos., Resolver problemas matemáticos y encontrar soluciones eficientes",Matemáticas,Ingeniero/a civil,Familia,2,Positivo,5,Dificultad en las materias,Tecnología,4.0,4.0,No estoy seguro(a),3.0,Educación,4.0,Neutro,0,0,0,1,1,4,3,4,3.0,2,5,3,3.0,3,0,0,0,1,0,0,0,0,0,0,1,0,0,0,0,0,0,1,0,0,0,0,1,1,0,0,0,0,0,0,0,1,0,0,0,0,0,1,0,0,1,0,0,0,0,0,0,0,1,0,0,1,0,0,0,1,1,1,0,1,1,0
14,Femenino,VICENTE ANDA AGUIRRE,Rural,Primero de bachillerato,Español,Universidad,$1001 - $2000,"Disfruto explorando y aprendiendo sobre seres vivos como animales, peces y plantas.","Resolver problemas complejos de manera creativa., Resolver problemas matemáticos y encontrar soluciones eficientes",Matemáticas,Ingeniero/a civil,Familia,2,Neutro,5,Dificultad en las materias,Salud,3.0,4.0,No estoy seguro(a),3.0,Educación,4.0,Neutro,0,0,0,1,1,4,3,3,3.0,1,5,3,3.0,3,0,0,0,1,0,0,0,0,0,0,0,0,0,0,0,0,0,0,1,0,0,0,1,1,0,0,0,0,0,0,0,1,0,0,0,0,0,1,0,1,0,0,0,0,0,0,0,0,1,0,0,1,0,0,0,1,0,1,0,1,0,0
14,Masculino,VICENTE ANDA AGUIRRE,Rural,Primero de bachillerato,Español,Universidad,Menos de $500,"Me interesa trabajar con herramientas, máquinas y equipos.",Resolver problemas usando herramientas y software tecnológico.,Química,Desarrollador/a de software,Familia,3,Positivo,4,Falta de recursos educativos,Tecnología,5.0,5.0,Desarrollar nuevas ideas artísticas,2.0,Educación,3.0,Informado/a,1,0,0,1,1,4,1,4,1.0,2,4,3,4.0,1,1,0,0,0,0,0,0,0,0,0,0,0,0,0,0,0,1,0,0,0,0,0,0,0,0,0,1,0,0,0,1,0,0,0,0,1,0,0,0,0,1,0,0,0,0,0,0,1,0,0,0,1,0,0,0,1,1,1,0,0,1,1
18,Femenino,VICENTE ANDA AGUIRRE,Rural,Segundo de bachillerato,Español,Universidad,$501 - $1000,"Me interesa trabajar con materiales físicos (como pinturas, arcilla, telas) para crear productos artísticos.",Explorar nuevas tecnologías y sus impactos en la sociedad.,Arte,Ingeniero/a civil,Familia,2,Neutro,2,Falta de recursos educativos,Medio ambiente,3.0,4.0,No estoy seguro(a),4.0,Educación,3.0,Neutro,0,0,0,2,1,4,2,3,1.0,3,5,3,3.0,1,0,0,0,0,0,0,0,0,0,0,1,0,0,0,0,1,0,0,0,0,0,0,0,0,0,0,0,0,1,0,0,1,0,0,0,1,0,0,0,0,0,1,0,0,0,0,0,0,1,0,0,1,0,0,0,0,0,1,1,0,0,0
17,Masculino,VICENTE ANDA AGUIRRE,Urbana,Tercero de bachillerato,Español,Universidad,$501 - $1000,"Me interesa trabajar con herramientas, máquinas y equipos., Disfruto arreglando o construyendo cosas físicas (por ejemplo, reparaciones en casa, proyectos de bricolaje)., Encuentro fascinante la ingeniería y cómo se utiliza para diseñar y construir soluciones prácticas a problemas cotidianos y globales., Me interesa investigar fenómenos físicos, biológicos y/o culturales para entender sus causas y efectos., Encuentros fascinantes los misterios sin resolver y me gusta buscar soluciones lógicas y científicas para resolverlos., Me gusta leer novelas de detectives y explorar el razonamiento detrás de los casos y las soluciones propuestas., Me interesa trabajar con materiales físicos (como pinturas, arcilla, telas) para crear productos artísticos.","Analizar datos para encontrar patrones y conclusiones., Explorar nuevas tecnologías y sus impactos en la sociedad., Resolver problemas complejos de manera creativa., Analizar datos y realizar interpretaciones estadísticas","Matemáticas,  Tecnología","Desarrollador/a de software,  Matemático/a o estadístico/a, Otro","Familia,  Maestros,  Amigos",4,Neutro,3,Dificultad en las materias,Tecnología,4.0,4.0,Mejorar la calidad de vida de las personas,4.0,Salud,4.0,Neutro,1,0,1,3,1,4,2,3,3.0,2,1,1,3.0,3,1,1,0,0,1,1,0,0,1,1,1,0,0,1,0,1,0,0,1,0,0,1,0,1,0,0,0,1,0,0,1,0,0,1,1,0,0,1,0,0,1,0,0,0,1,0,0,0,0,1,0,0,0,0,1,0,1,1,1,1,0,0
17,Femenino,VICENTE ANDA AGUIRRE,Urbana,Tercero de bachillerato,Español,Universidad,$501 - $1000,"Me interesa trabajar con materiales físicos (como pinturas, arcilla, telas) para crear productos artísticos.","Crear obras artísticas como pinturas, dibujos o esculturas.",Matemáticas,Desarrollador/a de software,Familia,3,Neutro,3,Otro,Educación (T/S/A),2.0,3.0,Desarrollar nuevas ideas artísticas,2.0,Educación,3.0,Neutro,0,0,1,3,1,4,2,3,3.0,5,4,3,3.0,4,0,0,0,0,0,0,0,0,0,0,1,0,0,0,0,0,0,0,0,1,0,0,0,1,0,0,0,0,0,0,1,0,0,0,0,0,0,0,1,0,0,0,0,1,0,0,0,1,0,0,0,1,0,0,0,0,0,0,0,0,0,0
17,Masculino,VICENTE ANDA AGUIRRE,Urbana,Tercero de bachillerato,Español,Universidad,$501 - $1000,"Me interesa trabajar con herramientas, máquinas y equipos.",Compartir y recibir retroalimentación sobre tu arte.,Matemáticas,"Investigador/a científico/a, Otro",Familia,1,Neutro,3,Falta de recursos educativos,Tecnología,2.0,2.0,Mejorar la calidad de vida de las personas,2.0,Energía,4.0,Poco informado/a,1,0,1,3,1,4,2,3,1.0,2,1,2,2.0,1,1,0,0,0,0,0,0,0,0,0,0,0,0,0,0,0,0,0,0,0,1,0,0,1,0,0,0,0,0,1,0,0,0,0,1,1,0,0,0,0,1,0,0,0,1,0,0,0,0,0,1,0,0,0,0,0,0,0,0,1,0,0
16,Femenino,VICENTE ANDA AGUIRRE,Urbana,Tercero de bachillerato,Español,Universidad,$2000 - $3000,"Me interesa trabajar con herramientas, máquinas y equipos., Disfruto explorando temas relacionados con ciencia ficción y avances científicos futuristas., Me interesa trabajar con materiales físicos (como pinturas, arcilla, telas) para crear productos artísticos.","Aprender sobre nuevos descubrimientos científicos., Crear obras artísticas como pinturas, dibujos o esculturas.","Matemáticas,  Química","Desarrollador/a de software,  Artista digital",Familia,1,Positivo,5,Dificultad en las materias,Tecnología,5.0,5.0,Innovar y crear nuevas tecnologías,4.0,Salud,3.0,Neutro,0,0,1,3,1,4,4,4,3.0,2,2,1,3.0,3,1,0,0,0,0,0,0,1,0,0,1,0,0,0,1,0,0,0,0,1,0,0,0,1,0,0,1,0,0,0,1,0,1,0,0,0,0,1,0,0,1,0,0,0,0,1,0,0,0,1,0,0,0,0,0,1,1,1,1,0,1,0
16,Femenino,VICENTE ANDA AGUIRRE,Urbana,Tercero de bachillerato,Español,Universidad,Menos de $500,"Disfruto explorando temas relacionados con arte y belleza visual en diferentes formas de expresión (dibujo, pintura, escultura).",Compartir y recibir retroalimentación sobre tu arte.,Biología,"Idiomas, Otro",Nadie en particular,3,Positivo,4,Dificultad en las materias,Arte,2.0,3.0,Desarrollar nuevas ideas artísticas,5.0,Educación,1.0,Neutro,0,0,1,3,1,4,1,4,3.0,4,4,3,3.0,3,0,0,0,0,0,0,0,0,0,0,0,1,0,0,0,0,0,0,0,0,1,0,0,0,1,0,0,0,0,0,0,0,0,0,1,0,0,1,0,0,0,0,1,0,0,0,0,1,0,0,0,1,0,0,0,1,0,0,1,0,1,0
15,Masculino,VICENTE ANDA AGUIRRE,Urbana,Primero de bachillerato,Español,Universidad,Más de $3000,"Me interesa trabajar con herramientas, máquinas y equipos., Encuentro fascinante la ingeniería y cómo se utiliza para diseñar y construir soluciones prácticas a problemas cotidianos y globales.","Aprender sobre nuevos descubrimientos científicos., Explorar nuevas tecnologías y sus impactos en la sociedad., Resolver problemas usando herramientas y software tecnológico.","Matemáticas,  Física",Ingeniero/a civil,Familia,4,Positivo,5,Falta de recursos educativos,Tecnología,5.0,5.0,Mejorar la calidad de vida de las personas,5.0,Energía,5.0,Neutro,1,0,1,1,1,4,5,4,1.0,2,1,2,3.0,1,1,0,0,0,1,0,0,0,0,0,0,0,0,0,1,1,1,0,0,0,0,0,0,1,0,1,0,0,0,0,0,1,0,0,0,1,0,0,0,0,1,0,0,0,1,0,0,0,0,0,1,0,0,0,1,1,1,1,1,1,1,0
15,Masculino,VICENTE ANDA AGUIRRE,Urbana,Primero de bachillerato,Español,Universidad,$501 - $1000,"Me interesa investigar fenómenos físicos, biológicos y/o culturales para entender sus causas y efectos., Me gusta leer novelas de detectives y explorar el razonamiento detrás de los casos y las soluciones propuestas.","Analizar datos para encontrar patrones y conclusiones., Analizar datos y realizar interpretaciones estadísticas, Resolver problemas matemáticos y encontrar soluciones eficientes",Física,"Ingeniero/a civil,  Matemático/a o estadístico/a, Otro",Familia,3,Neutro,4,Falta de recursos educativos,Tecnología,5.0,4.0,Innovar y crear nuevas tecnologías,5.0,Energía,5.0,Poco informado/a,1,0,1,1,1,4,2,3,1.0,2,2,2,2.0,1,0,0,0,0,0,1,0,0,0,1,0,0,0,1,0,0,0,0,0,0,0,1,1,0,0,1,0,0,0,0,0,1,0,1,1,1,0,0,0,0,1,0,0,0,0,1,0,0,0,0,1,0,0,0,0,1,1,1,1,1,0,0
16,Masculino,VICENTE ANDA AGUIRRE,Urbana,Segundo de bachillerato,Español,Universidad,$1001 - $2000,"Disfruto arreglando o construyendo cosas físicas (por ejemplo, reparaciones en casa, proyectos de bricolaje)., Disfruto explorando y aprendiendo sobre seres vivos como animales, peces y plantas., Me interesa investigar fenómenos físicos, biológicos y/o culturales para entender sus causas y efectos., Me gusta jugar ajedrez","Analizar datos para encontrar patrones y conclusiones., Aprender sobre nuevos descubrimientos científicos., Diseñar y construir estructuras o dispositivos prácticos., Resolver problemas complejos de manera creativa.","Matemáticas,  Biología,  Química","Investigador/a científico/a, Otro",Nadie en particular,2,Neutro,4,Falta de recursos educativos,Salud,4.0,4.0,Mejorar la calidad de vida de las personas,3.0,Educación,5.0,Neutro,1,0,1,2,1,4,3,3,1.0,1,1,3,3.0,1,0,1,0,1,0,1,1,0,0,0,0,0,0,1,1,0,0,1,1,0,0,0,0,1,1,0,1,0,0,1,0,0,0,0,1,1,0,0,0,1,0,0,0,0,1,0,0,0,0,0,0,1,0,0,0,1,1,1,0,1,0,0
17,Femenino,VICENTE ANDA AGUIRRE,Urbana,Tercero de bachillerato,Español,Universidad,$501 - $1000,Encuentro fascinante la ingeniería y cómo se utiliza para diseñar y construir soluciones prácticas a problemas cotidianos y globales.,"Resolver problemas complejos de manera creativa., Crear obras artísticas como pinturas, dibujos o esculturas., Compartir y recibir retroalimentación sobre tu arte.","Matemáticas,  Física",Ingeniero/a civil,Nadie en particular,5,Neutro,4,Falta de recursos educativos,Tecnología,5.0,4.0,Mejorar la calidad de vida de las personas,3.0,Educación,5.0,Neutro,0,0,1,3,1,4,2,3,1.0,2,1,3,3.0,1,0,0,0,0,1,0,0,0,0,0,0,0,0,0,0,0,0,0,1,1,1,0,0,1,0,1,0,0,0,0,0,1,0,0,0,1,0,0,0,0,1,0,0,0,1,0,0,0,0,0,0,1,0,0,1,1,1,1,0,1,0,0
15,Masculino,VICENTE ANDA AGUIRRE,Urbana,Primero de bachillerato,Español,Universidad,Menos de $500,"Disfruto arreglando o construyendo cosas físicas (por ejemplo, reparaciones en casa, proyectos de bricolaje)., Me siento atraído/a por temas relacionados con mecánica y automóviles., Encuentro fascinante la ingeniería y cómo se utiliza para diseñar y construir soluciones prácticas a problemas cotidianos y globales., Disfruto explorando temas relacionados con ciencia ficción y avances científicos futuristas., Encuentros fascinantes los misterios sin resolver y me gusta buscar soluciones lógicas y científicas para resolverlos.","Analizar datos para encontrar patrones y conclusiones., Aprender sobre nuevos descubrimientos científicos., Explorar nuevas tecnologías y sus impactos en la sociedad., Resolver problemas usando herramientas y software tecnológico., Diseñar y construir estructuras o dispositivos prácticos., Analizar datos y realizar interpretaciones estadísticas, Resolver problemas matemáticos y encontrar soluciones eficientes","Matemáticas,  Biología,  Física,  Química","Investigador/a científico/a,, Otro",Nadie en particular,5,Neutro,5,Falta de apoyo familiar,Medio ambiente,2.0,4.0,Desarrollar nuevas ideas artísticas,3.0,Salud,4.0,Informado/a,1,0,1,1,1,4,1,3,2.0,3,4,1,4.0,2,0,1,1,0,1,0,0,1,1,0,0,0,0,1,1,1,1,1,0,0,0,1,1,1,1,1,1,0,0,1,0,0,0,0,1,0,1,0,0,0,0,1,0,0,0,0,0,1,0,1,0,0,0,0,1,1,0,1,0,1,0,1
14,Femenino,VICENTE ANDA AGUIRRE,Urbana,Primero de bachillerato,Español,Universidad,$501 - $1000,"Disfruto explorando y aprendiendo sobre seres vivos como animales, peces y plantas., Me gusta jugar ajedrez, Disfruto explorando temas relacionados con arte y belleza visual en diferentes formas de expresión (dibujo, pintura, escultura).",Resolver problemas matemáticos y encontrar soluciones eficientes,"Matemáticas,  Física","Matemático/a o estadístico/a,, Otro","Familia,  Nadie en particular",4,Positivo,5,Dificultad en las materias,Salud,3.0,3.0,Mejorar la calidad de vida de las personas,4.0,Energía,3.0,Neutro,0,0,1,1,1,4,2,4,3.0,1,1,2,3.0,3,0,0,0,1,0,0,1,0,0,0,0,1,0,0,0,0,0,0,0,0,0,0,1,1,0,1,0,0,0,0,0,0,0,1,1,0,0,1,0,1,0,0,0,0,1,0,0,0,0,0,1,0,0,0,1,1,0,0,1,0,1,0
14,Femenino,VICENTE ANDA AGUIRRE,Urbana,Primero de bachillerato,Español,Universidad,Menos de $500,"Me gusta jugar ajedrez, Me interesa trabajar con materiales físicos (como pinturas, arcilla, telas) para crear productos artísticos., Disfruto explorando temas relacionados con arte y belleza visual en diferentes formas de expresión (dibujo, pintura, escultura)., Disfruto de actividades artísticas como la música, el teatro o la literatura que involucran la creación de obras y expresiones creativas.","Crear obras artísticas como pinturas, dibujos o esculturas., Compartir y recibir retroalimentación sobre tu arte., Resolver problemas matemáticos y encontrar soluciones eficientes","Matemáticas,  Arte","Artista digital, Criminalistica, Otro",Familia,3,Positivo,5,Otro,Salud,5.0,5.0,No estoy seguro(a),5.0,Salud,5.0,Muy informado/a,0,0,1,1,1,4,1,4,3.0,1,5,1,5.0,4,0,0,0,0,0,0,1,0,0,0,1,1,1,0,0,0,0,0,0,1,1,0,1,1,0,0,0,0,1,0,0,0,1,0,1,0,0,0,1,1,0,0,0,0,0,0,0,0,1,1,0,0,0,0,0,1,1,1,1,1,1,1
16,Masculino,VICENTE ANDA AGUIRRE,Urbana,Tercero de bachillerato,Español e Inglés,Universidad,$1001 - $2000,"Encuentro fascinante la ingeniería y cómo se utiliza para diseñar y construir soluciones prácticas a problemas cotidianos y globales., Disfruto de actividades artísticas como la música, el teatro o la literatura que involucran la creación de obras y expresiones creativas.","Analizar datos para encontrar patrones y conclusiones., Aprender sobre nuevos descubrimientos científicos., Resolver problemas usando herramientas y software tecnológico., Resolver problemas complejos de manera creativa.",Química,"Programación, Otro",Nadie en particular,3,Neutro,5,Dificultad en las materias,Tecnología,3.0,3.0,Innovar y crear nuevas tecnologías,4.0,Educación,4.0,Neutro,1,0,1,3,2,4,3,3,3.0,2,2,3,3.0,3,0,0,0,0,1,0,0,0,0,0,0,0,1,1,1,0,1,0,1,0,0,0,0,0,0,0,1,0,0,0,0,0,0,0,1,0,0,1,0,0,1,0,0,0,0,1,0,0,0,0,0,1,0,0,0,1,0,0,1,1,0,0
16,Femenino,VICENTE ANDA AGUIRRE,Urbana,Segundo de bachillerato,Español,Universidad,Menos de $500,"Encuentros fascinantes los misterios sin resolver y me gusta buscar soluciones lógicas y científicas para resolverlos., Me gusta leer novelas de detectives y explorar el razonamiento detrás de los casos y las soluciones propuestas., Disfruto de actividades artísticas como la música, el teatro o la literatura que involucran la creación de obras y expresiones creativas.","Analizar datos para encontrar patrones y conclusiones., Crear obras artísticas como pinturas, dibujos o esculturas.","Física,  Arte","Abogado en leyes penales, Otro",Nadie en particular,3,Neutro,3,Otro,Medio ambiente,1.0,2.0,No estoy seguro(a),2.0,Medio ambiente,1.0,Neutro,0,0,1,2,1,4,1,3,3.0,3,5,5,3.0,4,0,0,0,0,0,0,0,0,1,1,0,0,1,1,0,0,0,0,0,1,0,0,0,0,0,1,0,0,1,0,0,0,0,0,1,0,0,0,1,0,0,1,0,0,0,0,0,0,1,0,0,0,0,1,0,0,0,0,0,0,0,0
16,Masculino,VICENTE ANDA AGUIRRE,Urbana,Tercero de bachillerato,Español,Universidad,$501 - $1000,"Me siento atraído/a por temas relacionados con mecánica y automóviles., Me gusta jugar ajedrez, Disfruto explorando temas relacionados con arte y belleza visual en diferentes formas de expresión (dibujo, pintura, escultura).",Resolver problemas usando herramientas y software tecnológico.,"Matemáticas,  Física,  Tecnología","Investigador/a científico/a,  Desarrollador/a de software, Otro",Nadie en particular,1,Neutro,4,Dificultad en las materias,Tecnología,4.0,4.0,No estoy seguro(a),3.0,Energía,3.0,Neutro,1,0,1,3,1,4,2,3,3.0,2,5,2,3.0,3,0,0,1,0,0,0,1,0,0,0,0,1,0,0,0,0,1,0,0,0,0,0,0,1,0,1,0,1,0,1,1,0,0,0,1,0,0,1,0,0,1,0,0,0,0,0,0,0,1,0,1,0,0,0,0,1,1,1,0,0,0,0
15,Masculino,VICENTE ANDA AGUIRRE,Urbana,Primero de bachillerato,Español,Universidad,$501 - $1000,"Disfruto de actividades artísticas como la música, el teatro o la literatura que involucran la creación de obras y expresiones creativas.",Analizar datos para encontrar patrones y conclusiones.,Tecnología,"Investigador/a científico/a, Otro",Nadie en particular,5,Positivo,5,Dificultad en las materias,Tecnología,1.0,3.0,Mejorar la calidad de vida de las personas,1.0,Educación,5.0,Nada informado/a,1,0,1,1,1,4,2,4,3.0,2,1,3,1.0,3,0,0,0,0,0,0,0,0,0,0,0,0,1,1,0,0,0,0,0,0,0,0,0,0,0,0,0,1,0,1,0,0,0,0,1,0,0,1,0,0,1,0,0,0,1,0,0,0,0,0,0,1,0,0,1,1,0,0,0,1,1,0
14,Femenino,VICENTE ANDA AGUIRRE,Urbana,Primero de bachillerato,Español,Universidad,$1001 - $2000,"Me interesa trabajar con herramientas, máquinas y equipos.,","Aprender sobre nuevos descubrimientos científicos., Crear obras artísticas como pinturas, dibujos o esculturas.",Biología,"Investigador/a científico/a,  Desarrollador/a de software,  Ingeniero/a civil, Otro",Familia,1,Positivo,5,Dificultad en las materias,Salud,1.0,5.0,Mejorar la calidad de vida de las personas,5.0,Energía,1.0,Informado/a,0,0,1,1,1,4,3,4,3.0,1,1,2,4.0,3,1,0,0,0,0,0,0,0,0,0,0,0,0,0,1,0,0,0,0,1,0,0,0,0,1,0,0,0,0,1,1,1,0,0,1,0,0,1,0,1,0,0,0,0,1,0,0,0,0,0,1,0,0,0,0,1,0,1,1,0,1,1
17,Femenino,VICENTE ANDA AGUIRRE,Urbana,Tercero de bachillerato,Español,Universidad,$501 - $1000,Me siento atraído/a por temas relacionados con mecánica y automóviles.,Explorar nuevas tecnologías y sus impactos en la sociedad.,Biología,"Ingenier@ zootecnista, Otro",Nadie en particular,2,Neutro,5,Otro,Educación (T/S/A),5.0,5.0,Mejorar la calidad de vida de las personas,3.0,Medio ambiente,4.0,Neutro,0,0,1,3,1,4,2,3,3.0,5,1,5,3.0,4,0,0,1,0,0,0,0,0,0,0,0,0,0,0,0,1,0,0,0,0,0,0,0,0,1,0,0,0,0,0,0,0,0,0,1,0,0,0,1,0,0,0,0,1,1,0,0,0,0,0,0,0,0,1,0,1,1,1,0,1,0,0
17,Femenino,VICENTE ANDA AGUIRRE,Urbana,Tercero de bachillerato,Español,Universidad,$501 - $1000,"Disfruto explorando y aprendiendo sobre seres vivos como animales, peces y plantas., Disfruto explorando temas relacionados con ciencia ficción y avances científicos futuristas., Me gusta leer novelas de detectives y explorar el razonamiento detrás de los casos y las soluciones propuestas., Me interesa trabajar con materiales físicos (como pinturas, arcilla, telas) para crear productos artísticos., Disfruto explorando temas relacionados con arte y belleza visual en diferentes formas de expresión (dibujo, pintura, escultura)., Disfruto de actividades artísticas como la música, el teatro o la literatura que involucran la creación de obras y expresiones creativas.","Resolver problemas complejos de manera creativa., Crear obras artísticas como pinturas, dibujos o esculturas., Compartir y recibir retroalimentación sobre tu arte.",Arte,"Artista digital, Diseño de moda, Otro",Nadie en particular,4,Positivo,5,Dificultad en las materias,Arte,3.0,5.0,Desarrollar nuevas ideas artísticas,3.0,Salud,4.0,Neutro,0,0,1,3,1,4,2,4,3.0,4,4,1,3.0,3,0,0,0,1,0,0,0,1,0,1,1,1,1,0,0,0,0,0,1,1,1,0,0,0,0,0,0,0,1,0,0,0,1,0,1,0,0,1,0,0,0,0,1,0,0,0,0,1,0,1,0,0,0,0,1,1,0,1,0,1,1,0
16,Femenino,LICENCIADO RAFAEL FIALLOS,Urbana,Primero de bachillerato,Español,Secundaria,Menos de $500,"Disfruto explorando y aprendiendo sobre seres vivos como animales, peces y plantas.","Resolver problemas complejos de manera creativa., Crear obras artísticas como pinturas, dibujos o esculturas., Compartir y recibir retroalimentación sobre tu arte.",Física,Ingeniero/a civil,Nadie en particular,3,Positivo,5,Falta de recursos educativos,Medio ambiente,3.0,4.0,Innovar y crear nuevas tecnologías,4.0,Salud,4.0,Informado/a,0,1,1,1,1,2,1,4,1.0,3,2,1,4.0,1,0,0,0,1,0,0,0,0,0,0,0,0,0,0,0,0,0,0,1,1,1,0,0,0,0,1,0,0,0,0,0,1,0,0,0,1,0,0,0,0,0,1,0,0,0,1,0,0,0,1,0,0,0,0,0,1,0,1,1,1,1,1
15,Femenino,LICENCIADO RAFAEL FIALLOS,Rural,Primero de bachillerato,Español,Postgrado,$501 - $1000,"Disfruto explorando y aprendiendo sobre seres vivos como animales, peces y plantas.",Resolver problemas usando herramientas y software tecnológico.,Arte,Desarrollador/a de software,Familia,3,Positivo,1,Dificultad en las materias,Salud,3.0,4.0,Mejorar la calidad de vida de las personas,3.0,Salud,3.0,Neutro,0,1,0,1,1,5,2,4,3.0,1,1,1,3.0,3,0,0,0,1,0,0,0,0,0,0,0,0,0,0,0,0,1,0,0,0,0,0,0,0,0,0,0,0,1,0,1,0,0,0,0,0,0,1,0,1,0,0,0,0,1,0,0,0,0,1,0,0,0,0,0,0,0,1,0,0,1,0
15,Femenino,LICENCIADO RAFAEL FIALLOS,Rural,Primero de bachillerato,Español,Bachillerato,Menos de $500,"Me interesa trabajar con herramientas, máquinas y equipos., Disfruto arreglando o construyendo cosas físicas (por ejemplo, reparaciones en casa, proyectos de bricolaje)., Encuentros fascinantes los misterios sin resolver y me gusta buscar soluciones lógicas y científicas para resolverlos., Me interesa trabajar con materiales físicos (como pinturas, arcilla, telas) para crear productos artísticos., Disfruto explorando temas relacionados con arte y belleza visual en diferentes formas de expresión (dibujo, pintura, escultura)., Disfruto de actividades artísticas como la música, el teatro o la literatura que involucran la creación de obras y expresiones creativas.","Aprender sobre nuevos descubrimientos científicos., Diseñar y construir estructuras o dispositivos prácticos.,Crear obras artísticas como pinturas, dibujos o esculturas.,Compartir y recibir retroalimentación sobre tu arte.",Física,"Matemático/a o estadístico/a, Otro",Familia,5,Muy positivo,1,Dificultad en las materias,Tecnología,5.0,5.0,Contribuir a la sostenibilidad,5.0,Educación,5.0,Informado/a,0,1,0,1,1,3,1,5,3.0,2,3,3,4.0,3,1,1,0,0,0,0,0,0,1,0,1,1,1,0,1,0,0,1,0,1,1,0,0,0,0,1,0,0,0,0,0,0,0,1,1,0,0,1,0,0,1,0,0,0,0,0,1,0,0,0,0,1,0,0,1,0,1,1,1,1,1,1
15,Masculino,LICENCIADO RAFAEL FIALLOS,Rural,Primero de bachillerato,Español,Bachillerato,$501 - $1000,Me siento atraído/a por temas relacionados con mecánica y automóviles,Aprender sobre nuevos descubrimientos científicos.,Química,"Investigador/a científico/a, Otro",Familia,2,Neutro,3,Falta de recursos educativos,Tecnología,4.0,3.0,Mejorar la calidad de vida de las personas,5.0,Educación,3.0,Neutro,1,1,0,1,1,3,2,3,1.0,2,1,3,3.0,1,0,0,1,0,0,0,0,0,0,0,0,0,0,0,1,0,0,0,0,0,0,0,0,0,0,0,1,0,0,1,0,0,0,0,1,1,0,0,0,0,1,0,0,0,1,0,0,0,0,0,0,1,0,0,0,0,1,0,1,0,0,0
16,Masculino,LICENCIADO RAFAEL FIALLOS,Rural,Primero de bachillerato,Español,Universidad,Más de $3000,"Me interesa trabajar con herramientas, máquinas y equipos.,Me siento atraído/a por temas relacionados con mecánica y automóviles.,Disfruto explorando temas relacionados con ciencia ficción y avances científicos futuristas.,Me interesa trabajar con materiales físicos (como pinturas, arcilla, telas) para crear productos artísticos., Disfruto de actividades artísticas como la música, el teatro o la literatura que involucran la creación de obras y expresiones creativas.",Analizar datos para encontrar patrones y conclusiones.,Tecnología,Otro,Familia,3,Muy positivo,5,Dificultad en las materias,Medio ambiente,5.0,5.0,Contribuir a la sostenibilidad,3.0,Energía,5.0,Muy informado/a,1,1,0,1,1,4,5,5,3.0,3,3,2,5.0,3,1,0,1,0,0,0,0,1,0,0,1,0,1,1,0,0,0,0,0,0,0,0,0,0,0,0,0,1,0,0,0,0,0,0,1,0,0,1,0,0,0,1,0,0,0,0,1,0,0,0,1,0,0,0,0,1,1,1,0,1,1,1
18,Masculino,LICENCIADO RAFAEL FIALLOS,Urbana,Primero de bachillerato,Español,Bachillerato,Menos de $500,"Disfruto arreglando o construyendo cosas físicas (por ejemplo, reparaciones en casa, proyectos de bricolaje).",Diseñar y construir estructuras o dispositivos prácticos.,Arte,Otro,Nadie en particular,1,Neutro,2,Falta de apoyo familiar,Salud,1.0,4.0,No estoy seguro(a),2.0,Salud,1.0,Poco informado/a,1,1,1,1,1,3,1,3,2.0,1,5,1,2.0,2,0,1,0,0,0,0,0,0,0,0,0,0,0,0,0,0,0,1,0,0,0,0,0,0,0,0,0,0,1,0,0,0,0,0,1,0,1,0,0,1,0,0,0,0,0,0,0,0,1,1,0,0,0,0,0,0,0,1,0,0,0,0
14,Femenino,LICENCIADO RAFAEL FIALLOS,Urbana,Primero de bachillerato,Español,Secundaria,Menos de $500,"Me interesa trabajar con herramientas, máquinas y equipos.,Me siento atraído/a por temas relacionados con mecánica y automóviles.,Disfruto explorando temas relacionados con ciencia ficción y avances científicos futuristas.,Encuentro fascinantes los misterios sin resolver y me gusta buscar soluciones lógicas y científicas para resolverlos.,Me gusta leer novelas de detectives y explorar el razonamiento detrás de los casos y las soluciones propuestas.,Disfruto de actividades artísticas como la música, el teatro o la literatura que involucran la creación de obras y expresiones creativas.","Aprender sobre nuevos descubrimientos científicos.,Explorar nuevas tecnologías y sus impactos en la sociedad.,Resolver problemas usando herramientas y software tecnológico.,Diseñar y construir estructuras o dispositivos prácticos., Analizar datos y realizar interpretaciones estadísticas, Resolver problemas matemáticos y encontrar soluciones eficientes.","Matemáticas, Biología, Física, Química, Tecnología, Arte","Artista digital,  Investigador/a científico/a, Desarrollador/a de software, Ingeniero/a civil, Matemático/a o estadístico/a, Otro",Familia,1,Neutro,5,Dificultad en las materias,Tecnología,5.0,5.0,Innovar y crear nuevas tecnologías,3.0,Salud,5.0,Neutro,0,1,1,1,1,2,1,3,3.0,2,2,1,3.0,3,1,0,1,0,0,0,0,1,1,1,0,0,1,0,1,1,1,1,0,0,0,1,1,1,1,1,1,1,1,1,1,1,1,1,1,0,0,1,0,0,1,0,0,0,0,1,0,0,0,1,0,0,0,0,0,1,1,1,0,1,0,0
15,Masculino,LICENCIADO RAFAEL FIALLOS,Rural,Primero de bachillerato,Español,Bachillerato,Menos de $500,"Encuentros fascinantes los misterios sin resolver y me gusta buscar soluciones lógicas y científicas para resolverlos.,Me interesa trabajar con materiales físicos (como pinturas, arcilla, telas) para crear productos artísticos., Disfruto explorando temas relacionados con arte y belleza visual en diferentes formas de expresión (dibujo, pintura, escultura).","Resolver problemas complejos de manera creativa., Crear obras artísticas como pinturas, dibujos o esculturas., Compartir y recibir retroalimentación sobre tu arte.","Física, Arte","Artista digital, Actor, Otro",Nadie en particular,1,Neutro,1,Falta de recursos educativos,Medio ambiente,3.0,3.0,Mejorar la calidad de vida de las personas,5.0,Salud,3.0,Informado/a,1,1,0,1,1,3,1,3,1.0,3,1,1,4.0,1,0,0,0,0,0,0,0,0,1,0,1,1,0,0,0,0,0,0,1,1,1,0,0,0,0,1,0,0,1,0,0,0,1,0,1,1,0,0,0,0,0,1,0,0,1,0,0,0,0,1,0,0,0,0,0,0,0,0,1,0,0,1
18,Femenino,LICENCIADO RAFAEL FIALLOS,Urbana,Primero de bachillerato,Español,Secundaria,Más de $3000,"Disfruto explorando temas relacionados con arte y belleza visual en diferentes formas de expresión (dibujo, pintura, escultura).","Crear obras artísticas como pinturas, dibujos o esculturas., Resolver problemas matemáticos y encontrar soluciones eficientes","Biología, Arte",Ingeniero/a civil,Familia,4,Positivo,5,Dificultad en las materias,Tecnología,4.0,4.0,No estoy seguro(a),2.0,Educación,2.0,Poco informado/a,0,1,1,1,1,2,5,4,3.0,2,5,3,2.0,3,0,0,0,0,0,0,0,0,0,0,0,1,0,0,0,0,0,0,0,1,0,0,1,0,1,0,0,0,1,0,0,1,0,0,0,0,0,1,0,0,1,0,0,0,0,0,0,0,1,0,0,1,0,0,1,1,1,1,0,0,1,0
20,Femenino,LICENCIADO RAFAEL FIALLOS,Urbana,Primero de bachillerato,Español,Bachillerato,Menos de $500,"Disfruto arreglando o construyendo cosas físicas (por ejemplo, reparaciones en casa, proyectos de bricolaje).,Me siento atraído/a por temas relacionados con mecánica y automóviles.,Encuentro fascinante la ingeniería y cómo se utiliza para diseñar y construir soluciones prácticas a problemas cotidianos y globales.,Me gusta jugar ajedrez","Aprender sobre nuevos descubrimientos científicos.,Explorar nuevas tecnologías y sus impactos en la sociedad.,Resolver problemas usando herramientas y software tecnológico.,Diseñar y construir estructuras o dispositivos prácticos., Analizar datos y realizar interpretaciones estadísticas, Resolver problemas matemáticos y encontrar soluciones eficientes.,Resolver problemas complejos de manera creativa.","Matemáticas, Biología, Física, Química, Tecnología, Arte","Investigador/a científico/a, Otro",Nadie en particular,1,Neutro,5,Falta de recursos educativos,Tecnología,5.0,5.0,No estoy seguro(a),2.0,Medio ambiente,3.0,Informado/a,0,1,1,1,1,3,1,3,1.0,2,5,5,4.0,1,0,1,1,0,1,0,1,0,0,0,0,0,0,0,1,1,1,1,1,0,0,1,1,1,1,1,1,1,1,1,0,0,0,0,1,1,0,0,0,0,1,0,0,0,0,0,0,0,1,0,0,0,0,1,0,1,1,1,0,0,0,1
14,Masculino,LICENCIADO RAFAEL FIALLOS,Rural,Primero de bachillerato,Español,Universidad,Menos de $500,Me siento atraído/a por temas relacionados con mecánica y automóviles,Explorar nuevas tecnologías y sus impactos en la sociedad.,Biología,Desarrollador/a de software,Familia,4,Positivo,5,Dificultad en las materias,Tecnología,5.0,5.0,Mejorar la calidad de vida de las personas,5.0,Energía,1.0,Muy informado/a,1,1,0,1,1,4,1,4,3.0,2,1,2,5.0,3,0,0,1,0,0,0,0,0,0,0,0,0,0,0,0,1,0,0,0,0,0,0,0,0,1,0,0,0,0,0,1,0,0,0,0,0,0,1,0,0,1,0,0,0,1,0,0,0,0,0,1,0,0,0,1,1,1,1,1,0,1,1
15,Femenino,LICENCIADO RAFAEL FIALLOS,Rural,Primero de bachillerato,Español e Inglés,Universidad,$501 - $1000,"Me gusta jugar ajedrez, Disfruto de actividades artísticas como la música, el teatro o la literatura que involucran la creación de obras y expresiones creativas.","Crear obras artísticas como pinturas, dibujos o esculturas",Arte,"Idiomas, Otro",Familia,1,Positivo,3,Dificultad en las materias,Salud,3.0,5.0,No estoy seguro(a),5.0,Educación,2.0,Poco informado/a,0,1,0,1,2,4,2,4,3.0,1,5,3,2.0,3,0,0,0,0,0,0,1,0,0,0,0,0,1,0,0,0,0,0,0,1,0,0,0,0,0,0,0,0,1,0,0,0,0,0,1,0,0,1,0,1,0,0,0,0,0,0,0,0,1,0,0,1,0,0,0,0,0,1,1,0,1,0
15,Femenino,LICENCIADO RAFAEL FIALLOS,Urbana,Primero de bachillerato,Español,Bachillerato,Menos de $500,"Disfruto explorando y aprendiendo sobre seres vivos como animales, peces y plantas.",Resolver problemas complejos de manera creativa.,Biología,Ingeniero/a civil,Familia,3,Neutro,4,Dificultad en las materias,Medio ambiente,4.0,3.0,Innovar y crear nuevas tecnologías,3.0,Educación,4.0,Neutro,0,1,1,1,1,3,1,3,3.0,3,2,3,3.0,3,0,0,0,1,0,0,0,0,0,0,0,0,0,0,0,0,0,0,1,0,0,0,0,0,1,0,0,0,0,0,0,1,0,0,0,0,0,1,0,0,0,1,0,0,0,1,0,0,0,0,0,1,0,0,0,1,1,0,0,1,0,0
14,Femenino,LICENCIADO RAFAEL FIALLOS,Rural,Primero de bachillerato,Español,Bachillerato,Menos de $500,"Disfruto arreglando o construyendo cosas físicas (por ejemplo, reparaciones en casa, proyectos de bricolaje).,Encuentro fascinante la ingeniería y cómo se utiliza para diseñar y construir soluciones prácticas a problemas cotidianos y globales.,Disfruto explorando temas relacionados con ciencia ficción y avances científicos futuristas.,Me interesa trabajar con materiales físicos (como pinturas, arcilla, telas) para crear productos artísticos.",Aprender sobre nuevos descubrimientos científicos.,Biología,Ingeniero/a civil,Familia,2,Positivo,3,Dificultad en las materias,Tecnología,2.0,3.0,Contribuir a la sostenibilidad,2.0,Educación,3.0,Poco informado/a,0,1,0,1,1,3,1,4,3.0,2,3,3,2.0,3,0,1,0,0,1,0,0,1,0,0,1,0,0,0,1,0,0,0,0,0,0,0,0,0,1,0,0,0,0,0,0,1,0,0,0,0,0,1,0,0,1,0,0,0,0,0,1,0,0,0,0,1,0,0,0,0,0,0,0,0,1,0
15,Femenino,LICENCIADO RAFAEL FIALLOS,Urbana,Primero de bachillerato,Español,Bachillerato,$501 - $1000,"Disfruto de actividades artísticas como la música, el teatro o la literatura que involucran la creación de obras y expresiones creativas.",Resolver problemas complejos de manera creativa.,Física,Ingeniero/a civil,Familia,1,Neutro,1,Dificultad en las materias,Educación (T/S/A),1.0,5.0,No estoy seguro(a),1.0,Medio ambiente,1.0,Poco informado/a,0,1,1,1,1,3,2,3,3.0,5,5,5,2.0,3,0,0,0,0,0,0,0,0,0,0,0,0,1,0,0,0,0,0,1,0,0,0,0,0,0,1,0,0,0,0,0,1,0,0,0,0,0,1,0,0,0,0,0,1,0,0,0,0,1,0,0,0,0,1,0,0,0,1,0,0,0,0
15,Femenino,LICENCIADO RAFAEL FIALLOS,Urbana,Primero de bachillerato,Español,Bachillerato,$501 - $1000,Encuentro fascinante la ingeniería y cómo se utiliza para diseñar y construir soluciones prácticas a problemas cotidianos y globales.,Resolver problemas matemáticos y encontrar soluciones eficientes,Matemáticas,Otro,Nadie en particular,1,Neutro,5,Otro,Medio ambiente,3.0,5.0,Mejorar la calidad de vida de las personas,3.0,Medio ambiente,3.0,Neutro,0,1,1,1,1,3,2,3,4.0,3,1,5,3.0,4,0,0,0,0,1,0,0,0,0,0,0,0,0,0,0,0,0,0,0,0,0,0,1,1,0,0,0,0,0,0,0,0,0,0,1,0,0,0,1,0,0,1,0,0,1,0,0,0,0,0,0,0,0,1,0,1,0,1,0,0,0,0
15,Femenino,LICENCIADO RAFAEL FIALLOS,Urbana,Primero de bachillerato,Español,Primaria,$2000 - $3000,"Me interesa trabajar con herramientas, máquinas y equipos., Me siento atraído/a por temas relacionados con mecánica y automóviles., Disfruto explorando y aprendiendo sobre seres vivos como animales, peces y plantas., Me interesa investigar fenómenos físicos, biológicos y/o culturales para entender sus causas y efectos., Me gusta jugar ajedrez.,Disfruto explorando temas relacionados con ciencia ficción y avances científicos futuristas., Me gusta leer novelas de detectives y explorar el razonamiento detrás de los casos y las soluciones propuestas.,Me interesa trabajar con materiales físicos (como pinturas, arcilla, telas) para crear productos artísticos., Disfruto explorando temas relacionados con arte y belleza visual en diferentes formas de expresión (dibujo, pintura, escultura)., Disfruto de actividades artísticas como la música, el teatro o la literatura que involucran la creación de obras y expresiones creativas.","Crear obras artísticas como pinturas, dibujos o esculturas., Compartir y recibir retroalimentación sobre tu arte., Resolver problemas matemáticos y encontrar soluciones eficientes.",Arte,Ingeniero/a civil,Familia,3,Positivo,2,Falta de apoyo familiar,Medio ambiente,4.0,5.0,Contribuir a la sostenibilidad,2.0,Educación,3.0,Informado/a,0,1,1,1,1,1,4,4,2.0,3,3,3,4.0,2,1,0,1,1,0,1,1,1,0,1,1,1,1,0,0,0,0,0,0,1,1,0,1,0,0,0,0,0,1,0,0,1,0,0,0,0,1,0,0,0,0,1,0,0,0,0,1,0,0,0,0,1,0,0,0,0,1,1,0,0,1,1
14,Femenino,LICENCIADO RAFAEL FIALLOS,Rural,Primero de bachillerato,Español,Primaria,Menos de $500,"Me interesa trabajar con materiales físicos (como pinturas, arcilla, telas) para crear productos artísticos., Disfruto de actividades artísticas como la música, el teatro o la literatura que involucran la creación de obras y expresiones creativas.","Diseñar y construir estructuras o dispositivos prácticos., Crear obras artísticas como pinturas, dibujos o esculturas.,Compartir y recibir retroalimentación sobre tu arte.",Arte,Artista digital,Familia,2,Neutro,1,Falta de recursos educativos,Salud,3.0,1.0,Mejorar la calidad de vida de las personas,1.0,Salud,1.0,Neutro,0,1,0,1,1,1,1,3,1.0,1,1,1,3.0,1,0,0,0,0,0,0,0,0,0,0,1,0,1,0,0,0,0,1,0,1,1,0,0,0,0,0,0,0,1,0,0,0,1,0,0,1,0,0,0,1,0,0,0,0,1,0,0,0,0,1,0,0,0,0,0,0,0,0,0,0,0,0
15,Femenino,LICENCIADO RAFAEL FIALLOS,Urbana,Primero de bachillerato,Español,Postgrado,$501 - $1000,"Me interesa investigar fenómenos físicos, biológicos y/o culturales para entender sus causas y efectos.",Explorar nuevas tecnologías y sus impactos en la sociedad.,Física,Ingeniero/a civil,Nadie en particular,3,Neutro,5,Dificultad en las materias,Medio ambiente,4.0,3.0,Contribuir a la sostenibilidad,3.0,Medio ambiente,5.0,Informado/a,0,1,1,1,1,5,2,3,3.0,3,3,5,4.0,3,0,0,0,0,0,1,0,0,0,0,0,0,0,0,0,1,0,0,0,0,0,0,0,0,0,1,0,0,0,0,0,1,0,0,0,0,0,1,0,0,0,1,0,0,0,0,1,0,0,0,0,0,0,1,0,1,1,0,0,1,0,1
16,Femenino,LICENCIADO RAFAEL FIALLOS,Urbana,Primero de bachillerato,Español,Secundaria,$501 - $1000,"Disfruto explorando y aprendiendo sobre seres vivos como animales, peces y plantas.,Encuentros fascinantes los misterios sin resolver y me gusta buscar soluciones lógicas y científicas para resolverlos.,Disfruto explorando temas relacionados con arte y belleza visual en diferentes formas de expresión (dibujo, pintura, escultura).","Crear obras artísticas como pinturas, dibujos o esculturas.",Arte,"Ginecologa, Otro",Familia,2,Neutro,5,Dificultad en las materias,Salud,3.0,5.0,Mejorar la calidad de vida de las personas,3.0,Salud,4.0,Muy informado/a,0,1,1,1,1,2,2,3,3.0,1,1,1,5.0,3,0,0,0,1,0,0,0,0,1,0,0,1,0,0,0,0,0,0,0,1,0,0,0,0,0,0,0,0,1,0,0,0,0,0,1,0,0,1,0,1,0,0,0,0,1,0,0,0,0,1,0,0,0,0,0,1,0,1,0,1,0,1
15,Femenino,LICENCIADO RAFAEL FIALLOS,Urbana,Primero de bachillerato,Español,Universidad,$1001 - $2000,Encuentro fascinantes los misterios sin resolver y me gusta buscar soluciones lógicas y científicas para resolverlos.,Resolver problemas matemáticos y encontrar soluciones eficientes.,Física,"Investigador/a científico/a, Otro",Familia,3,Positivo,5,Dificultad en las materias,Educación (T/S/A),4.0,5.0,No estoy seguro(a),3.0,Salud,2.0,Neutro,0,1,1,1,1,4,3,4,3.0,5,5,1,3.0,3,0,0,0,0,0,0,0,0,1,0,0,0,0,0,0,0,0,0,0,0,0,0,1,0,0,1,0,0,0,1,0,0,0,0,1,0,0,1,0,0,0,0,0,1,0,0,0,0,1,1,0,0,0,0,0,1,1,1,0,0,1,0
15,Masculino,LICENCIADO RAFAEL FIALLOS,Urbana,Primero de bachillerato,Español,Bachillerato,$1001 - $2000,"Me interesa trabajar con materiales físicos (como pinturas, arcilla, telas) para crear productos artísticos., Me interesa trabajar con materiales físicos (como pinturas, arcilla, telas) para crear productos artísticos.,Me interesa trabajar con materiales físicos (como pinturas, arcilla, telas) para crear productos artísticos., Disfruto de actividades artísticas como la música, el teatro o la literatura que involucran la creación de obras y expresiones creativas.","Crear obras artísticas como pinturas, dibujos o esculturas.",Arte,Artista digital,Familia,1,Negativo,5,Dificultad en las materias,Arte,5.0,1.0,Mejorar la calidad de vida de las personas,1.0,Energía,1.0,Informado/a,1,1,1,1,1,3,3,2,3.0,4,1,2,4.0,3,0,0,0,0,0,0,0,0,0,0,1,0,1,0,0,0,0,0,0,1,0,0,0,0,0,0,0,0,1,0,0,0,1,0,0,0,0,1,0,0,0,0,1,0,1,0,0,0,0,0,1,0,0,0,0,1,1,0,0,0,0,1
15,Masculino,LICENCIADO RAFAEL FIALLOS,Urbana,Primero de bachillerato,Español,Secundaria,Menos de $500,"Disfruto de actividades artísticas como la música, el teatro o la literatura que involucran la creación de obras y expresiones creativas.","Crear obras artísticas como pinturas, dibujos o esculturas.",Física,Artista digital,Familia,1,Positivo,5,Falta de recursos educativos,Arte,5.0,5.0,Desarrollar nuevas ideas artísticas,1.0,Educación,5.0,Poco informado/a,1,1,1,1,1,2,1,4,1.0,4,4,3,2.0,1,0,0,0,0,0,0,0,0,0,0,0,0,1,0,0,0,0,0,0,1,0,0,0,0,0,1,0,0,0,0,0,0,1,0,0,1,0,0,0,0,0,0,1,0,0,0,0,1,0,0,0,1,0,0,0,1,1,1,0,1,1,0
16,Masculino,LICENCIADO RAFAEL FIALLOS,Urbana,Primero de bachillerato,Español,Bachillerato,$1001 - $2000,"Disfruto explorando y aprendiendo sobre seres vivos como animales, peces y plantas.",Explorar nuevas tecnologías y sus impactos en la sociedad.,Tecnología,Otro,Familia,5,Neutro,5,Falta de recursos educativos,Medio ambiente,3.0,3.0,No estoy seguro(a),3.0,Salud,3.0,Neutro,1,1,1,1,1,3,3,3,1.0,3,5,1,3.0,1,0,0,0,1,0,0,0,0,0,0,0,0,0,0,0,1,0,0,0,0,0,0,0,0,0,0,0,1,0,0,0,0,0,0,1,1,0,0,0,0,0,1,0,0,0,0,0,0,1,1,0,0,0,0,1,1,0,0,0,0,0,0
17,Masculino,LICENCIADO RAFAEL FIALLOS,Urbana,Primero de bachillerato,Español,Primaria,Menos de $500,"Me interesa trabajar con herramientas, máquinas y equipos.,Me siento atraído/a por temas relacionados con mecánica y automóviles.,Disfruto explorando temas relacionados con ciencia ficción y avances científicos futuristas.,Me interesa trabajar con materiales físicos (como pinturas, arcilla, telas) para crear productos artísticos., Disfruto de actividades artísticas como la música, el teatro o la literatura que involucran la creación de obras y expresiones creativas.",Diseñar y construir estructuras o dispositivos prácticos.,Física,Ingeniero/a civil,Familia,4,Neutro,4,Dificultad en las materias,Educación (T/S/A),3.0,3.0,Mejorar la calidad de vida de las personas,2.0,Educación,2.0,Muy informado/a,1,1,1,1,1,1,1,3,3.0,5,1,3,5.0,3,1,0,1,0,0,0,0,1,0,0,1,0,1,0,0,0,0,1,0,0,0,0,0,0,0,1,0,0,0,0,0,1,0,0,0,0,0,1,0,0,0,0,0,1,1,0,0,0,0,0,0,1,0,0,1,1,0,0,0,0,0,1
14,Femenino,LICENCIADO RAFAEL FIALLOS,Rural,Primero de bachillerato,Español,Universidad,Menos de $500,"Disfruto explorando y aprendiendo sobre seres vivos como animales, peces y plantas.","Crear obras artísticas como pinturas, dibujos o esculturas.",Biología,Desarrollador/a de software,Nadie en particular,3,Positivo,4,Otro,Tecnología,5.0,4.0,Innovar y crear nuevas tecnologías,3.0,Educación,4.0,Neutro,0,1,0,1,1,4,1,4,3.0,2,2,3,3.0,4,0,0,0,1,0,0,0,0,0,0,0,0,0,0,0,0,0,0,0,1,0,0,0,0,1,0,0,0,0,0,1,0,0,0,0,0,0,0,1,0,1,0,0,0,0,1,0,0,0,0,0,1,0,0,0,1,1,1,0,1,1,0
15,Masculino,LICENCIADO RAFAEL FIALLOS,Urbana,Primero de bachillerato,Español,Bachillerato,Menos de $500,"Disfruto explorando y aprendiendo sobre seres vivos como animales, peces y plantas.,Me interesa investigar fenómenos físicos, biológicos y/o culturales para entender sus causas y efectos.",Aprender sobre nuevos descubrimientos científicos.,Física,"Investigador/a científico/a, Otro",Familia,4,Positivo,5,Dificultad en las materias,Medio ambiente,3.0,5.0,Mejorar la calidad de vida de las personas,5.0,Salud,5.0,Muy informado/a,1,1,1,1,1,3,1,4,3.0,3,1,1,5.0,3,0,0,0,1,0,1,0,0,0,0,0,0,0,0,1,0,0,0,0,0,0,0,0,0,0,1,0,0,0,1,0,0,0,0,1,0,0,1,0,0,0,1,0,0,1,0,0,0,0,1,0,0,0,0,1,1,0,1,1,1,1,1
15,Masculino,LICENCIADO RAFAEL FIALLOS,Urbana,Primero de bachillerato,Español,Bachillerato,Menos de $500,"Me interesa trabajar con herramientas, máquinas y equipos.,Encuentro fascinante la ingeniería y cómo se utiliza para diseñar y construir soluciones prácticas a problemas cotidianos y globales.,Me gusta jugar ajedrez.","Aprender sobre nuevos descubrimientos científicos.,Explorar nuevas tecnologías y sus impactos en la sociedad.,Diseñar y construir estructuras o dispositivos prácticos.",Física,"Investigador/a científico/a, Otro",Nadie en particular,4,Positivo,5,Dificultad en las materias,Medio ambiente,4.0,5.0,Mejorar la calidad de vida de las personas,5.0,Educación,5.0,Neutro,1,1,1,1,1,3,1,4,3.0,3,1,3,3.0,3,1,0,0,0,1,0,1,0,0,0,0,0,0,0,1,1,0,1,0,0,0,0,0,0,0,1,0,0,0,1,0,0,0,0,1,0,0,1,0,0,0,1,0,0,1,0,0,0,0,0,0,1,0,0,1,1,1,1,1,1,1,0
15,Masculino,LICENCIADO RAFAEL FIALLOS,Urbana,Primero de bachillerato,Español,Bachillerato,Menos de $500,"Encuentro fascinante la ingeniería y cómo se utiliza para diseñar y construir soluciones prácticas a problemas cotidianos y globales.,Me gusta jugar ajedrez.","Explorar nuevas tecnologías y sus impactos en la sociedad.,Diseñar y construir estructuras o dispositivos prácticos.",Biología,"Investigador/a científico/a, Otro",Familia,4,Positivo,5,Dificultad en las materias,Medio ambiente,1.0,5.0,Mejorar la calidad de vida de las personas,5.0,Salud,5.0,Neutro,1,1,1,1,1,3,1,4,3.0,3,1,1,3.0,3,0,0,0,0,1,0,1,0,0,0,0,0,0,0,0,1,0,1,0,0,0,0,0,0,1,0,0,0,0,1,0,0,0,0,1,0,0,1,0,0,0,1,0,0,1,0,0,0,0,1,0,0,0,0,1,1,0,1,1,1,1,0
16,Femenino,LICENCIADO RAFAEL FIALLOS,Urbana,Segundo de bachillerato,Español,Bachillerato,Menos de $500,Encuentro fascinante la ingeniería y cómo se utiliza para diseñar y construir soluciones prácticas a problemas cotidianos y globales.,"Explorar nuevas tecnologías y sus impactos en la sociedad.,Resolver problemas complejos de manera creativa.",Matemáticas,Ingeniero/a civil,Familia,5,Positivo,5,Dificultad en las materias,Tecnología,3.0,3.0,Contribuir a la sostenibilidad,3.0,Educación,4.0,Informado/a,0,1,1,2,1,3,1,4,3.0,2,3,3,4.0,3,0,0,0,0,1,0,0,0,0,0,0,0,0,0,0,1,0,0,1,0,0,0,0,1,0,0,0,0,0,0,0,1,0,0,0,0,0,1,0,0,1,0,0,0,0,0,1,0,0,0,0,1,0,0,1,1,0,0,0,1,1,1
16,Femenino,LICENCIADO RAFAEL FIALLOS,Urbana,Segundo de bachillerato,Español,Primaria,Menos de $500,"Me interesa investigar fenómenos físicos, biológicos y/o culturales para entender sus causas y efectos.","Analizar datos para encontrar patrones y conclusiones.,Aprender sobre nuevos descubrimientos científicos.",Biología,"Criminologia, Otro",Familia,1,Positivo,1,Dificultad en las materias,Salud,5.0,5.0,Mejorar la calidad de vida de las personas,5.0,Salud,5.0,Poco informado/a,0,1,1,2,1,1,1,4,3.0,1,1,1,2.0,3,0,0,0,0,0,1,0,0,0,0,0,0,0,1,1,0,0,0,0,0,0,0,0,0,1,0,0,0,0,0,0,0,0,0,1,0,0,1,0,1,0,0,0,0,1,0,0,0,0,1,0,0,0,0,0,0,1,1,1,1,1,0
16,Masculino,LICENCIADO RAFAEL FIALLOS,Urbana,Segundo de bachillerato,Español,Bachillerato,Menos de $500,"Me interesa trabajar con herramientas, máquinas y equipos.,Disfruto arreglando o construyendo cosas físicas (por ejemplo, reparaciones en casa, proyectos de bricolaje).,Disfruto explorando y aprendiendo sobre seres vivos como animales, peces y plantas.,Me interesa investigar fenómenos físicos, biológicos y/o culturales para entender sus causas y efectos.,Disfruto explorando temas relacionados con ciencia ficción y avances científicos futuristas.,Encuentro fascinantes los misterios sin resolver y me gusta buscar soluciones lógicas y científicas para resolverlos.,Me interesa trabajar con materiales físicos (como pinturas, arcilla, telas) para crear productos artísticos.","Aprender sobre nuevos descubrimientos científicos.,Explorar nuevas tecnologías y sus impactos en la sociedad.,Resolver problemas usando herramientas y software tecnológico.,Diseñar y construir estructuras o dispositivos prácticos.,Resolver problemas complejos de manera creativa.,Resolver problemas matemáticos y encontrar soluciones eficientes.",Matemáticas,"Investigador/a científico/a, Otro",Nadie en particular,1,Neutro,1,Dificultad en las materias,Arte,1.0,5.0,Mejorar la calidad de vida de las personas,3.0,Educación,1.0,Nada informado/a,1,1,1,2,1,3,1,3,3.0,4,1,3,1.0,3,1,1,0,1,0,1,0,1,1,0,1,0,0,0,1,1,1,1,1,0,0,0,1,1,0,0,0,0,0,1,0,0,0,0,1,0,0,1,0,0,0,0,1,0,1,0,0,0,0,0,0,1,0,0,0,0,0,1,0,0,0,0
16,Femenino,LICENCIADO RAFAEL FIALLOS,Rural,Segundo de bachillerato,Español,Bachillerato,$2000 - $3000,"Me siento atraído/a por temas relacionados con mecánica y automóviles.,Me interesa trabajar con materiales físicos (como pinturas, arcilla, telas) para crear productos artísticos.","Resolver problemas usando herramientas y software tecnológico.,Crear obras artísticas como pinturas, dibujos o esculturas.",Arte,Ingeniero/a civil,Familia,5,Positivo,3,Dificultad en las materias,Tecnología,5.0,5.0,Mejorar la calidad de vida de las personas,5.0,Energía,5.0,Informado/a,0,1,0,2,1,3,4,4,3.0,2,1,2,4.0,3,0,0,1,0,0,0,0,0,0,0,1,0,0,0,0,0,1,0,0,1,0,0,0,0,0,0,0,0,1,0,0,1,0,0,0,0,0,1,0,0,1,0,0,0,1,0,0,0,0,0,1,0,0,0,1,0,1,1,1,1,1,1
16,Masculino,LICENCIADO RAFAEL FIALLOS,Urbana,Segundo de bachillerato,Español,Universidad,$501 - $1000,"Disfruto arreglando o construyendo cosas físicas (por ejemplo, reparaciones en casa, proyectos de bricolaje).,Me siento atraído/a por temas relacionados con mecánica y automóviles.,Encuentro fascinante la ingeniería y cómo se utiliza para diseñar y construir soluciones prácticas a problemas cotidianos y globales., Me gusta leer novelas de detectives y explorar el razonamiento detrás de los casos y las soluciones propuestas.,Me interesa trabajar con materiales físicos (como pinturas, arcilla, telas) para crear productos artísticos.,Disfruto explorando temas relacionados con arte y belleza visual en diferentes formas de expresión (dibujo, pintura, escultura).,Disfruto de actividades artísticas como la música, el teatro o la literatura que involucran la creación de obras y expresiones creativas.","Analizar datos para encontrar patrones y conclusiones.,Diseñar y construir estructuras o dispositivos prácticos.,Resolver problemas complejos de manera creativa.,Crear obras artísticas como pinturas, dibujos o esculturas.,Resolver problemas matemáticos y encontrar soluciones eficientes.","Matemáticas,Física",Ingeniero/a civil,Familia,3,Neutro,5,Falta de recursos educativos,Tecnología,4.0,5.0,Innovar y crear nuevas tecnologías,3.0,Transporte,4.0,Neutro,1,1,1,2,1,4,2,3,1.0,2,2,4,3.0,1,0,1,1,0,1,0,0,0,0,1,1,1,1,1,0,0,0,1,1,1,0,0,1,1,0,1,0,0,0,0,0,1,0,0,0,1,0,0,0,0,1,0,0,0,0,1,0,0,0,0,0,0,1,0,0,1,1,1,0,1,0,0
18,Masculino,LICENCIADO RAFAEL FIALLOS,Rural,Segundo de bachillerato,Español,Primaria,Menos de $500,"Me interesa trabajar con herramientas, máquinas y equipos.,Me siento atraído/a por temas relacionados con mecánica y automóviles.","Diseñar y construir estructuras o dispositivos prácticos.,Compartir y recibir retroalimentación sobre tu arte.",Biología,"Mecánico Automotriz, Otro",Familia,3,Positivo,3,Falta de recursos educativos,Tecnología,3.0,2.0,Mejorar la calidad de vida de las personas,3.0,Educación,2.0,Informado/a,1,1,0,2,1,1,1,4,1.0,2,1,3,4.0,1,1,0,1,0,0,0,0,0,0,0,0,0,0,0,0,0,0,1,0,0,1,0,0,0,1,0,0,0,0,0,0,0,0,0,1,1,0,0,0,0,1,0,0,0,1,0,0,0,0,0,0,1,0,0,0,0,0,0,0,0,1,1
15,Masculino,LICENCIADO RAFAEL FIALLOS,Urbana,Segundo de bachillerato,Español,Primaria,Menos de $500,"Me interesa trabajar con herramientas, máquinas y equipos.,Me interesa trabajar con materiales físicos (como pinturas, arcilla, telas) para crear productos artísticos.,Disfruto de actividades artísticas como la música, el teatro o la literatura que involucran la creación de obras y expresiones creativas.","Resolver problemas complejos de manera creativa.,Crear obras artísticas como pinturas, dibujos o esculturas.,Resolver problemas matemáticos y encontrar soluciones eficientes.",Biología,Artista digital,Familia,1,Positivo,5,Dificultad en las materias,Salud,1.0,2.0,No estoy seguro(a),4.0,Educación,1.0,Informado/a,1,1,1,2,1,1,1,4,3.0,1,5,3,4.0,3,1,0,0,0,0,0,0,0,0,0,1,0,1,0,0,0,0,0,1,1,0,0,1,0,1,0,0,0,0,0,0,0,1,0,0,0,0,1,0,1,0,0,0,0,0,0,0,0,1,0,0,1,0,0,0,1,0,0,1,0,1,1
16,Femenino,LICENCIADO RAFAEL FIALLOS,Urbana,Segundo de bachillerato,Español,Primaria,$501 - $1000,"Encuentro fascinante la ingeniería y cómo se utiliza para diseñar y construir soluciones prácticas a problemas cotidianos y globales.,Me interesa investigar fenómenos físicos, biológicos y/o culturales para entender sus causas y efectos.","Aprender sobre nuevos descubrimientos científicos.,Resolver problemas usando herramientas y software tecnológico.",Biología,"Criminologia, Otro",Nadie en particular,5,Neutro,2,Falta de recursos educativos,Salud,5.0,5.0,No estoy seguro(a),5.0,Educación,5.0,Neutro,0,1,1,2,1,1,2,3,1.0,1,5,3,3.0,1,0,0,0,0,1,1,0,0,0,0,0,0,0,0,1,0,1,0,0,0,0,0,0,0,1,0,0,0,0,0,0,0,0,0,1,1,0,0,0,1,0,0,0,0,0,0,0,0,1,0,0,1,0,0,1,0,1,1,1,1,0,0
15,Femenino,LICENCIADO RAFAEL FIALLOS,Rural,Segundo de bachillerato,Español,Secundaria,$1001 - $2000,"Encuentro fascinantes los misterios sin resolver y me gusta buscar soluciones lógicas y científicas para resolverlos.,Me gusta leer novelas de detectives y explorar el razonamiento detrás de los casos y las soluciones propuestas.,Disfruto de actividades artísticas como la música, el teatro o la literatura que involucran la creación de obras y expresiones creativas.","Analizar datos para encontrar patrones y conclusiones.,Explorar nuevas tecnologías y sus impactos en la sociedad.,Resolver problemas usando herramientas y software tecnológico.,Diseñar y construir estructuras o dispositivos prácticos.","Biología, Química",Desarrollador/a de software,Familia,5,Muy positivo,3,Otro,Tecnología,5.0,5.0,Mejorar la calidad de vida de las personas,4.0,Salud,4.0,Muy Informado/a,0,1,0,2,1,2,3,5,4.0,2,1,1,3.0,4,0,0,0,0,0,0,0,0,1,1,0,0,1,1,0,1,1,1,0,0,0,0,0,0,1,0,1,0,0,0,1,0,0,0,0,0,0,0,1,0,1,0,0,0,1,0,0,0,0,1,0,0,0,0,1,0,1,1,1,1,1,0
15,Femenino,LICENCIADO RAFAEL FIALLOS,Rural,Segundo de bachillerato,Español,Primaria,Menos de $500,"Disfruto explorando y aprendiendo sobre seres vivos como animales, peces y plantas.",Explorar nuevas tecnologías y sus impactos en la sociedad.,Biología,Artista digital,Familia,5,Neutro,4,Falta de apoyo familiar,Medio ambiente,1.0,4.0,Desarrollar nuevas ideas artísticas,4.0,Educación,4.0,Poco informado/a,0,1,0,2,1,1,1,3,2.0,3,4,3,2.0,2,0,0,0,1,0,0,0,0,0,0,0,0,0,0,0,1,0,0,0,0,0,0,0,0,1,0,0,0,0,0,0,0,1,0,0,0,1,0,0,0,0,1,0,0,0,0,0,1,0,0,0,1,0,0,1,1,0,1,1,1,0,0
18,Masculino,LICENCIADO RAFAEL FIALLOS,Urbana,Segundo de bachillerato,Español,Bachillerato,$1001 - $2000,"Me interesa trabajar con herramientas, máquinas y equipos.","Aprender sobre nuevos descubrimientos científicos.,Diseñar y construir estructuras o dispositivos prácticos.",Arte,"Investigador/a científico/a, Otro",Familia,3,Neutro,3,Otro,Tecnología,3.0,4.0,Innovar y crear nuevas tecnologías,3.0,Energía,3.0,Informado/a,1,1,1,2,1,3,3,3,4.0,2,2,2,4.0,4,1,0,0,0,0,0,0,0,0,0,0,0,0,0,1,0,0,1,0,0,0,0,0,0,0,0,0,0,1,1,0,0,0,0,1,0,0,0,1,0,1,0,0,0,0,1,0,0,0,0,1,0,0,0,0,0,0,1,0,0,0,1
15,Masculino,LICENCIADO RAFAEL FIALLOS,Rural,Segundo de bachillerato,Español,Bachillerato,Menos de $500,"Me interesa trabajar con herramientas, máquinas y equipos.",Resolver problemas usando herramientas y software tecnológico.,Química,Desarrollador/a de software,Familia,3,Muy positivo,2,Dificultad en las materias,Medio ambiente,3.0,5.0,Mejorar la calidad de vida de las personas,4.0,Energía,2.0,Informado/a,1,1,0,2,1,3,1,5,3.0,3,1,2,4.0,3,1,0,0,0,0,0,0,0,0,0,0,0,0,0,0,0,1,0,0,0,0,0,0,0,0,0,1,0,0,0,1,0,0,0,0,0,0,1,0,0,0,1,0,0,1,0,0,0,0,0,1,0,0,0,0,0,0,1,1,0,1,1
15,Femenino,LICENCIADO RAFAEL FIALLOS,Urbana,Segundo de bachillerato,Español,Postgrado,$501 - $1000,"Disfruto arreglando o construyendo cosas físicas (por ejemplo, reparaciones en casa, proyectos de bricolaje).","Crear obras artísticas como pinturas, dibujos o esculturas.",Arte,"Investigador/a científico/a, Otro",Familia,5,Neutro,4,Dificultad en las materias,Tecnología,4.0,4.0,No estoy seguro(a),4.0,Energía,3.0,Neutro,0,1,1,2,1,5,2,3,3.0,2,5,2,3.0,3,0,1,0,0,0,0,0,0,0,0,0,0,0,0,0,0,0,0,0,1,0,0,0,0,0,0,0,0,1,1,0,0,0,0,1,0,0,1,0,0,1,0,0,0,0,0,0,0,1,0,1,0,0,0,1,1,1,1,1,0,0,0
17,Masculino,LICENCIADO RAFAEL FIALLOS,Urbana,Segundo de bachillerato,Español,Bachillerato,$501 - $1000,"Me interesa trabajar con herramientas, máquinas y equipos.,Me siento atraído/a por temas relacionados con mecánica y automóviles.",Aprender sobre nuevos descubrimientos científicos.,Tecnología,Ingeniero/a civil,Familia,2,Positivo,1,Dificultad en las materias,Tecnología,5.0,3.0,Mejorar la calidad de vida de las personas,2.0,Salud,2.0,Neutro,1,1,1,2,1,3,2,4,3.0,2,1,1,3.0,3,1,0,1,0,0,0,0,0,0,0,0,0,0,0,1,0,0,0,0,0,0,0,0,0,0,0,0,1,0,0,0,1,0,0,0,0,0,1,0,0,1,0,0,0,1,0,0,0,0,1,0,0,0,0,0,0,1,0,0,0,1,0
18,Masculino,LICENCIADO RAFAEL FIALLOS,Urbana,Segundo de bachillerato,Español,Secundaria,$501 - $1000,"Disfruto arreglando o construyendo cosas físicas (por ejemplo, reparaciones en casa, proyectos de bricolaje).,Disfruto explorando y aprendiendo sobre seres vivos como animales, peces y plantas.",Aprender sobre nuevos descubrimientos científicos.,Arte,Artista digital,Nadie en particular,3,Positivo,4,Dificultad en las materias,Arte,4.0,4.0,Mejorar la calidad de vida de las personas,3.0,Salud,4.0,Informado/a,1,1,1,2,1,2,2,4,3.0,4,1,1,4.0,3,0,1,0,1,0,0,0,0,0,0,0,0,0,0,1,0,0,0,0,0,0,0,0,0,0,0,0,0,1,0,0,0,1,0,0,0,0,1,0,0,0,0,1,0,1,0,0,0,0,1,0,0,0,0,0,1,1,1,0,1,1,1
17,Femenino,LICENCIADO RAFAEL FIALLOS,Urbana,Segundo de bachillerato,Español,Bachillerato,$501 - $1000,"Disfruto explorando y aprendiendo sobre seres vivos como animales, peces y plantas.,Disfruto explorando temas relacionados con arte y belleza visual en diferentes formas de expresión (dibujo, pintura, escultura).,Disfruto de actividades artísticas como la música, el teatro o la literatura que involucran la creación de obras y expresiones creativas.","Analizar datos para encontrar patrones y conclusiones.,Aprender sobre nuevos descubrimientos científicos.",Biología,Ingeniero/a civil,Nadie en particular,3,Neutro,3,Falta de apoyo familiar,Salud,5.0,4.0,Mejorar la calidad de vida de las personas,4.0,Educación,4.0,Informado/a,0,1,1,2,1,3,2,3,2.0,1,1,3,4.0,2,0,0,0,1,0,0,0,0,0,0,0,1,1,1,1,0,0,0,0,0,0,0,0,0,1,0,0,0,0,0,0,1,0,0,0,0,1,0,0,1,0,0,0,0,1,0,0,0,0,0,0,1,0,0,0,0,1,1,1,1,0,1
15,Masculino,LICENCIADO RAFAEL FIALLOS,Urbana,Segundo de bachillerato,Español,Primaria,$501 - $1000,"Me interesa trabajar con herramientas, máquinas y equipos.,Me siento atraído/a por temas relacionados con mecánica y automóviles.,Encuentro fascinantes los misterios sin resolver y me gusta buscar soluciones lógicas y científicas para resolverlos.","Aprender sobre nuevos descubrimientos científicos.,Explorar nuevas tecnologías y sus impactos en la sociedad.,Resolver problemas usando herramientas y software tecnológico.,Resolver problemas matemáticos y encontrar soluciones eficientes.",Física,Ingeniero/a civil,Familia,5,Positivo,5,Falta de recursos educativos,Medio ambiente,4.0,4.0,Mejorar la calidad de vida de las personas,1.0,Energía,4.0,Poco informado/a,1,1,1,2,1,1,2,4,1.0,3,1,2,2.0,1,1,0,1,0,0,0,0,0,1,0,0,0,0,0,1,1,1,0,0,0,0,0,1,0,0,1,0,0,0,0,0,1,0,0,0,1,0,0,0,0,0,1,0,0,1,0,0,0,0,0,1,0,0,0,1,1,1,1,0,1,1,0
16,Femenino,LICENCIADO RAFAEL FIALLOS,Rural,Tercero de bachillerato,Español,Primaria,Menos de $500,"Disfruto arreglando o construyendo cosas físicas (por ejemplo, reparaciones en casa, proyectos de bricolaje).,Disfruto explorando y aprendiendo sobre seres vivos como animales, peces y plantas.,Me interesa investigar fenómenos físicos, biológicos y/o culturales para entender sus causas y efectos.,Disfruto explorando temas relacionados con ciencia ficción y avances científicos futuristas.,Me interesa trabajar con materiales físicos (como pinturas, arcilla, telas) para crear productos artísticos.,Disfruto explorando temas relacionados con arte y belleza visual en diferentes formas de expresión (dibujo, pintura, escultura).,Disfruto de actividades artísticas como la música, el teatro o la literatura que involucran la creación de obras y expresiones creativas.","Aprender sobre nuevos descubrimientos científicos.,Explorar nuevas tecnologías y sus impactos en la sociedad.,Crear obras artísticas como pinturas, dibujos o esculturas.","Biología,Tecnología,Arte","Investigador/a científico/a, Otro",Nadie en particular,4,Positivo,4,Dificultad en las materias,Tecnología,4.0,4.0,Contribuir a la sostenibilidad,3.0,Educación,5.0,Informado/a,0,1,0,3,1,1,1,4,3.0,2,3,3,4.0,3,0,1,0,1,0,1,0,1,0,0,1,1,1,0,1,1,0,0,0,1,0,0,0,0,1,0,0,1,1,1,0,0,0,0,1,0,0,1,0,0,1,0,0,0,0,0,1,0,0,0,0,1,0,0,1,1,1,1,0,1,1,1
17,Femenino,LICENCIADO RAFAEL FIALLOS,Urbana,Tercero de bachillerato,Español,Bachillerato,Menos de $500,"Me interesa trabajar con herramientas, máquinas y equipos.,Disfruto explorando y aprendiendo sobre seres vivos como animales, peces y plantas.,Me gusta jugar ajedrez.","Aprender sobre nuevos descubrimientos científicos.,Resolver problemas usando herramientas y software tecnológico.",Biología,Ingeniero/a civil,Familia,4,Positivo,5,Dificultad en las materias,Salud,5.0,5.0,Desarrollar nuevas ideas artísticas,4.0,Energía,4.0,Poco informado/a,0,1,1,3,1,3,1,4,3.0,1,4,2,2.0,3,1,0,0,1,0,0,1,0,0,0,0,0,0,0,1,0,1,0,0,0,0,0,0,0,1,0,0,0,0,0,0,1,0,0,0,0,0,1,0,1,0,0,0,0,0,0,0,1,0,0,1,0,0,0,1,1,1,1,1,1,1,0
17,Femenino,LICENCIADO RAFAEL FIALLOS,Urbana,Tercero de bachillerato,Español,Secundaria,$1001 - $2000,"Me gusta leer novelas de detectives y explorar el razonamiento detrás de los casos y las soluciones propuestas.,Disfruto explorando temas relacionados con arte y belleza visual en diferentes formas de expresión (dibujo, pintura, escultura).",Explorar nuevas tecnologías y sus impactos en la sociedad.,Tecnología,Artista digital,Nadie en particular,4,Neutro,3,Dificultad en las materias,Tecnología,3.0,3.0,No estoy seguro(a),4.0,Salud,4.0,Informado/a,0,1,1,3,1,2,3,3,3.0,2,5,1,4.0,3,0,0,0,0,0,0,0,0,0,1,0,1,0,0,0,1,0,0,0,0,0,0,0,0,0,0,0,1,0,0,0,0,1,0,0,0,0,1,0,0,1,0,0,0,0,0,0,0,1,1,0,0,0,0,1,0,0,0,1,1,0,1
17,Femenino,LICENCIADO RAFAEL FIALLOS,Urbana,Tercero de bachillerato,Español,Bachillerato,$1001 - $2000,"Disfruto explorando temas relacionados con ciencia ficción y avances científicos futuristas.,Encuentro fascinantes los misterios sin resolver y me gusta buscar soluciones lógicas y científicas para resolverlos.,Me gusta leer novelas de detectives y explorar el razonamiento detrás de los casos y las soluciones propuestas.",Aprender sobre nuevos descubrimientos científicos.,Biología,"Criminologia, Otro",Nadie en particular,4,Neutro,4,Dificultad en las materias,Salud,4.0,5.0,No estoy seguro(a),5.0,Salud,1.0,Informado/a,0,1,1,3,1,3,3,3,3.0,1,5,1,4.0,3,0,0,0,0,0,0,0,1,1,1,0,0,0,0,1,0,0,0,0,0,0,0,0,0,1,0,0,0,0,0,0,0,0,0,1,0,0,1,0,1,0,0,0,0,0,0,0,0,1,1,0,0,0,0,1,1,1,1,1,0,0,1
17,Femenino,LICENCIADO RAFAEL FIALLOS,Rural,Tercero de bachillerato,Español,Postgrado,$501 - $1000,"Disfruto arreglando o construyendo cosas físicas (por ejemplo, reparaciones en casa, proyectos de bricolaje).,Me interesa investigar fenómenos físicos, biológicos y/o culturales para entender sus causas y efectos.,",Diseñar y construir estructuras o dispositivos prácticos.,Biología,Otro,Familia,3,Neutro,5,Otro,Salud,4.0,4.0,Mejorar la calidad de vida de las personas,4.0,Salud,2.0,Neutro,0,1,0,3,1,5,2,3,4.0,1,1,1,3.0,4,0,1,0,0,0,1,0,0,0,0,0,0,0,0,0,0,0,1,0,0,0,0,0,0,1,0,0,0,0,0,0,0,0,0,1,0,0,0,1,1,0,0,0,0,1,0,0,0,0,1,0,0,0,0,0,1,1,1,1,0,0,0
18,Femenino,LICENCIADO RAFAEL FIALLOS,Urbana,Tercero de bachillerato,Español,Primaria,Menos de $500,"Disfruto explorando y aprendiendo sobre seres vivos como animales, peces y plantas.,Me interesa trabajar con materiales físicos (como pinturas, arcilla, telas) para crear productos artísticos.","Crear obras artísticas como pinturas, dibujos o esculturas.",Biología,Otro,Familia,1,Muy positivo,1,Falta de apoyo familiar,Medio ambiente,3.0,3.0,No estoy seguro(a),1.0,Medio ambiente,3.0,Poco informado/a,0,1,1,3,1,1,1,5,2.0,3,5,5,2.0,2,0,0,0,1,0,0,0,0,0,0,1,0,0,0,0,0,0,0,0,1,0,0,0,0,1,0,0,0,0,0,0,0,0,0,1,0,1,0,0,0,0,1,0,0,0,0,0,0,1,0,0,0,0,1,0,0,0,0,0,0,1,0
17,Masculino,LICENCIADO RAFAEL FIALLOS,Urbana,Tercero de bachillerato,Español,Primaria,Menos de $500,Me siento atraído/a por temas relacionados con mecánica y automóviles.,Explorar nuevas tecnologías y sus impactos en la sociedad.,Tecnología,"Agronomia, Otro",Familia,1,Muy negativo,1,Falta de recursos educativos,Medio ambiente,1.0,5.0,Contribuir a la sostenibilidad,5.0,Salud,1.0,Muy Informado/a,1,1,1,3,1,1,1,1,1.0,3,3,1,3.0,1,0,0,1,0,0,0,0,0,0,0,0,0,0,0,0,1,0,0,0,0,0,0,0,0,0,0,0,1,0,0,0,0,0,0,1,1,0,0,0,0,0,1,0,0,0,0,1,0,0,1,0,0,0,0,0,0,0,1,1,0,0,0
17,Masculino,LICENCIADO RAFAEL FIALLOS,Urbana,Tercero de bachillerato,Español,Bachillerato,$501 - $1000,"Me interesa trabajar con herramientas, máquinas y equipos.,Encuentro fascinante la ingeniería y cómo se utiliza para diseñar y construir soluciones prácticas a problemas cotidianos y globales.,Encuentro fascinantes los misterios sin resolver y me gusta buscar soluciones lógicas y científicas para resolverlos.","Analizar datos para encontrar patrones y conclusiones.,Explorar nuevas tecnologías y sus impactos en la sociedad.,Diseñar y construir estructuras o dispositivos prácticos.",Física,"Investigador/a cientifico/a, Otro",Familia,3,Neutro,5,Dificultad en las materias,Tecnología,5.0,5.0,Mejorar la calidad de vida de las personas,3.0,Salud,4.0,Neutro,1,1,1,3,1,3,2,3,3.0,2,1,1,3.0,3,1,0,0,0,1,0,0,0,1,0,0,0,0,1,0,1,0,1,0,0,0,0,0,0,0,1,0,0,0,0,0,0,0,0,1,0,0,1,0,0,1,0,0,0,1,0,0,0,0,1,0,0,0,0,0,1,1,1,0,1,0,0
17,Femenino,LICENCIADO RAFAEL FIALLOS,Urbana,Tercero de bachillerato,Español,Secundaria,Menos de $500,"Me siento atraído/a por temas relacionados con mecánica y automóviles.,Disfruto explorando y aprendiendo sobre seres vivos como animales, peces y plantas.,Me interesa trabajar con materiales físicos (como pinturas, arcilla, telas) para crear productos artísticos.,Disfruto explorando temas relacionados con arte y belleza visual en diferentes formas de expresión (dibujo, pintura, escultura).,Disfruto de actividades artísticas como la música, el teatro o la literatura que involucran la creación de obras y expresiones creativas.","Aprender sobre nuevos descubrimientos científicos.,Diseñar y construir estructuras o dispositivos prácticos.,Crear obras artísticas como pinturas, dibujos o esculturas.,Compartir y recibir retroalimentación sobre tu arte.","Biología,Tecnología,Arte","Ingenieria Automotriz, Otro",Nadie en particular,3,Muy positivo,5,Dificultad en las materias,Arte,5.0,5.0,Innovar y crear nuevas tecnologías,3.0,Salud,5.0,Informado/a,0,1,1,3,1,2,1,5,3.0,4,2,1,4.0,3,0,0,1,1,0,0,0,0,0,0,1,1,1,0,1,0,0,1,0,1,1,0,0,0,1,0,0,1,1,0,0,0,0,0,1,0,0,1,0,0,0,0,1,0,0,1,0,0,0,1,0,0,0,0,0,1,1,1,0,1,1,1
15,Femenino,LICENCIADO RAFAEL FIALLOS,Urbana,Primero de bachillerato,Español,Bachillerato,$501 - $1000,"Disfruto explorando y aprendiendo sobre seres vivos como animales, peces y plantas.",Aprender sobre nuevos descubrimientos científicos.,Arte,Otro,Familia,2,Muy positivo,5,Otro,Medio ambiente,3.0,3.0,Mejorar la calidad de vida de las personas,5.0,Educación,4.0,Neutro,0,1,1,1,1,3,2,5,4.0,3,1,3,3.0,4,0,0,0,1,0,0,0,0,0,0,0,0,0,0,1,0,0,0,0,0,0,0,0,0,0,0,0,0,1,0,0,0,0,0,1,0,0,0,1,0,0,1,0,0,1,0,0,0,0,0,0,1,0,0,0,1,0,0,1,1,1,0
16,Femenino,LICENCIADO RAFAEL FIALLOS,Urbana,Tercero de bachillerato,Español,Bachillerato,Menos de $500,"Disfruto explorando y aprendiendo sobre seres vivos como animales, peces y plantas.,Me interesa investigar fenómenos físicos, biológicos y/o culturales para entender sus causas y efectos.",Aprender sobre nuevos descubrimientos científicos.,Biología,"Psicologia, Otro",Familia,3,Negativo,1,Dificultad en las materias,Medio ambiente,1.0,5.0,No estoy seguro(a),3.0,Educación,1.0,Poco informado/a,0,1,1,3,1,3,1,2,3.0,3,5,3,2.0,3,0,0,0,1,0,1,0,0,0,0,0,0,0,0,1,0,0,0,0,0,0,0,0,0,1,0,0,0,0,0,0,0,0,0,1,0,0,1,0,0,0,1,0,0,0,0,0,0,1,0,0,1,0,0,0,0,0,1,0,0,0,0
17,Femenino,LICENCIADO RAFAEL FIALLOS,Rural,Tercero de bachillerato,Español,Bachillerato,$501 - $1000,"Disfruto explorando y aprendiendo sobre seres vivos como animales, peces y plantas.,Me interesa investigar fenómenos físicos, biológicos y/o culturales para entender sus causas y efectos.,Encuentro fascinantes los misterios sin resolver y me gusta buscar soluciones lógicas y científicas para resolverlos.","Analizar datos para encontrar patrones y conclusiones.,Resolver problemas complejos de manera creativa.,Analizar datos y realizar interpretaciones estadísticas.,Resolver problemas matemáticos y encontrar soluciones eficientes.","Matemáticas, Biología, Física, Química","medicina, Otro",Nadie en particular,3,Neutro,5,Otro,Salud,4.0,4.0,Mejorar la calidad de vida de las personas,4.0,Salud,3.0,Neutro,0,1,0,3,1,3,2,3,4.0,1,1,1,3.0,4,0,0,0,1,0,1,0,0,1,0,0,0,0,1,0,0,0,0,1,0,0,1,1,1,1,1,1,0,0,0,0,0,0,0,1,0,0,0,1,1,0,0,0,0,1,0,0,0,0,1,0,0,0,0,0,1,1,1,1,0,0,0
17,Masculino,LICENCIADO RAFAEL FIALLOS,Urbana,Tercero de bachillerato,Español,Bachillerato,$1001 - $2000,"Me interesa investigar fenómenos físicos, biológicos y/o culturales para entender sus causas y efectos.,Me interesa trabajar con materiales físicos (como pinturas, arcilla, telas) para crear productos artísticos.","Crear obras artísticas como pinturas, dibujos o esculturas.,Compartir y recibir retroalimentación sobre tu arte.",Arte,Artista digital,Familia,4,Positivo,3,Dificultad en las materias,Arte,3.0,4.0,Mejorar la calidad de vida de las personas,3.0,Educación,2.0,Informado/a,1,1,1,3,1,3,3,4,3.0,4,1,3,4.0,3,0,0,0,0,0,1,0,0,0,0,1,0,0,0,0,0,0,0,0,1,1,0,0,0,0,0,0,0,1,0,0,0,1,0,0,0,0,1,0,0,0,0,1,0,1,0,0,0,0,0,0,1,0,0,1,0,0,1,0,0,1,1
17,Femenino,LICENCIADO RAFAEL FIALLOS,Urbana,Tercero de bachillerato,Español,Primaria,$501 - $1000,"Disfruto explorando y aprendiendo sobre seres vivos como animales, peces y plantas.,Me interesa investigar fenómenos físicos, biológicos y/o culturales para entender sus causas y efectos.",Aprender sobre nuevos descubrimientos científicos.,Biología,"Matemático/a estadístico/a, Otro",Familia,3,Positivo,3,Falta de apoyo familiar,Salud,3.0,5.0,Mejorar la calidad de vida de las personas,4.0,Salud,4.0,Informado/a,0,1,1,3,1,1,2,4,2.0,1,1,1,4.0,2,0,0,0,1,0,1,0,0,0,0,0,0,0,0,1,0,0,0,0,0,0,0,0,0,1,0,0,0,0,0,0,0,0,0,1,0,1,0,0,1,0,0,0,0,1,0,0,0,0,1,0,0,0,0,0,0,0,1,1,1,1,1
16,Masculino,LICENCIADO RAFAEL FIALLOS,Urbana,Tercero de bachillerato,Español,Bachillerato,$1001 - $2000,"Disfruto arreglando o construyendo cosas físicas (por ejemplo, reparaciones en casa, proyectos de bricolaje).,Me siento atraído/a por temas relacionados con mecánica y automóviles.,Encuentro fascinante la ingeniería y cómo se utiliza para diseñar y construir soluciones prácticas a problemas cotidianos y globales.,Disfruto explorando temas relacionados con ciencia ficción y avances científicos futuristas.","Resolver problemas usando herramientas y software tecnológico.,Diseñar y construir estructuras o dispositivos prácticos.,Resolver problemas matemáticos y encontrar soluciones eficientes.","Matemáticas, Física",Ingeniero/a civil,Familia,2,Positivo,5,Dificultad en las materias,Tecnología,4.0,3.0,Innovar y crear nuevas tecnologías,2.0,Transporte,3.0,Informado/a,1,1,1,3,1,3,3,4,3.0,2,2,4,4.0,3,0,1,1,0,1,0,0,1,0,0,0,0,0,0,0,0,1,1,0,0,0,0,1,1,0,1,0,0,0,0,0,1,0,0,0,0,0,1,0,0,1,0,0,0,0,1,0,0,0,0,0,0,1,0,0,1,1,0,0,0,1,1
16,Femenino,LICENCIADO RAFAEL FIALLOS,Rural,Tercero de bachillerato,Español,Secundaria,Menos de $500,"Me interesa trabajar con herramientas, máquinas y equipos.,Me gusta leer novelas de detectives y explorar el razonamiento detrás de los casos y las soluciones propuestas.",Aprender sobre nuevos descubrimientos científicos.,Tecnología,Ingeniero/a civil,Nadie en particular,1,Neutro,1,Dificultad en las materias,Salud,3.0,3.0,Contribuir a la sostenibilidad,3.0,Salud,3.0,Neutro,0,1,0,3,1,2,1,3,3.0,1,3,1,3.0,3,1,0,0,0,0,0,0,0,0,1,0,0,0,0,1,0,0,0,0,0,0,0,0,0,0,0,0,1,0,0,0,1,0,0,0,0,0,1,0,1,0,0,0,0,0,0,1,0,0,1,0,0,0,0,0,0,0,0,0,0,0,0
20,Masculino,LICENCIADO RAFAEL FIALLOS,Rural,Tercero de bachillerato,Español,Secundaria,$1001 - $2000,"Me interesa trabajar con herramientas, máquinas y equipos.,Me gusta jugar ajedrez.","Explorar nuevas tecnologías y sus impactos en la sociedad.,Crear obras artísticas como pinturas, dibujos o esculturas.",Biología,"Matemático/a estadístico/a, Otro",Nadie en particular,4,Neutro,5,Otro,Educación (T/S/A),5.0,5.0,Mejorar la calidad de vida de las personas,4.0,Salud,4.0,Neutro,1,1,0,3,1,2,3,3,4.0,5,1,1,3.0,4,1,0,0,0,0,0,1,0,0,0,0,0,0,0,0,1,0,0,0,1,0,0,0,0,1,0,0,0,0,0,0,0,0,0,1,0,0,0,1,0,0,0,0,1,1,0,0,0,0,1,0,0,0,0,1,1,1,1,1,1,0,0
17,Masculino,LICENCIADO RAFAEL FIALLOS,Urbana,Tercero de bachillerato,Español,Secundaria,$501 - $1000,"Me interesa investigar fenómenos físicos, biológicos y/o culturales para entender sus causas y efectos.",Aprender sobre nuevos descubrimientos científicos.,"Matemáticas, Biología, Química","Derecho, Otro",Nadie en particular,3,Neutro,2,Dificultad en las materias,Educación (T/S/A),3.0,3.0,No estoy seguro(a),3.0,Energía,2.0,Neutro,1,1,1,3,1,2,2,3,3.0,5,5,2,3.0,3,0,0,0,0,0,1,0,0,0,0,0,0,0,0,1,0,0,0,0,0,0,0,0,1,1,0,1,0,0,0,0,0,0,0,1,0,0,1,0,0,0,0,0,1,0,0,0,0,1,0,1,0,0,0,0,0,0,0,0,0,0,0
16,Masculino,LICENCIADO RAFAEL FIALLOS,Urbana,Tercero de bachillerato,Español e Inglés,Postgrado,$1001 - $2000,"Encuentro fascinante la ingeniería y cómo se utiliza para diseñar y construir soluciones prácticas a problemas cotidianos y globales.,Disfruto de actividades artísticas como la música, el teatro o la literatura que involucran la creación de obras y expresiones creativas.","Explorar nuevas tecnologías y sus impactos en la sociedad.,Resolver problemas usando herramientas y software tecnológico.,Crear obras artísticas como pinturas, dibujos o esculturas.,Resolver problemas matemáticos y encontrar soluciones eficientes.","Matemáticas, Biología, Física, Tecnología,Arte",Ingeniero/a civil,Nadie en particular,3,Positivo,4,Falta de recursos educativos,Tecnología,4.0,2.0,No estoy seguro(a),5.0,Salud,5.0,Neutro,1,1,1,3,2,5,3,4,1.0,2,5,1,3.0,1,0,0,0,0,1,0,0,0,0,0,0,0,1,0,0,1,1,0,0,1,0,0,1,1,1,1,0,1,1,0,0,1,0,0,0,1,0,0,0,0,1,0,0,0,0,0,0,0,1,1,0,0,0,0,0,1,1,0,1,1,1,0
17,Femenino,LICENCIADO RAFAEL FIALLOS,Urbana,Tercero de bachillerato,Español,Secundaria,Menos de $500,"Encuentro fascinante la ingeniería y cómo se utiliza para diseñar y construir soluciones prácticas a problemas cotidianos y globales.,Disfruto explorando temas relacionados con ciencia ficción y avances científicos futuristas.",Explorar nuevas tecnologías y sus impactos en la sociedad.,Física,Otro,Nadie en particular,5,Positivo,1,Falta de apoyo familiar,Tecnología,1.0,1.0,No estoy seguro(a),5.0,Educación,1.0,Poco informado/a,0,1,1,3,1,2,1,4,2.0,2,5,3,2.0,2,0,0,0,0,1,0,0,1,0,0,0,0,0,0,0,1,0,0,0,0,0,0,0,0,0,1,0,0,0,0,0,0,0,0,1,0,1,0,0,0,1,0,0,0,0,0,0,0,1,0,0,1,0,0,1,0,0,0,1,0,1,0
16,Femenino,LICENCIADO RAFAEL FIALLOS,Rural,Tercero de bachillerato,Español,Secundaria,Menos de $500,"Disfruto explorando y aprendiendo sobre seres vivos como animales, peces y plantas.",Aprender sobre nuevos descubrimientos científicos.,Tecnología,Otro,Familia,3,Negativo,2,Otro,Tecnología,1.0,5.0,No estoy seguro(a),5.0,Educación,1.0,Informado/a,0,1,0,3,1,2,1,2,4.0,2,5,3,4.0,4,0,0,0,1,0,0,0,0,0,0,0,0,0,0,1,0,0,0,0,0,0,0,0,0,0,0,0,1,0,0,0,0,0,0,1,0,0,0,1,0,1,0,0,0,0,0,0,0,1,0,0,1,0,0,0,0,0,1,1,0,0,1
18,Femenino,LICENCIADO RAFAEL FIALLOS,Urbana,Tercero de bachillerato,Español,Primaria,$501 - $1000,"Encuentro fascinantes los misterios sin resolver y me gusta buscar soluciones lógicas y científicas para resolverlos.,Disfruto explorando temas relacionados con arte y belleza visual en diferentes formas de expresión (dibujo, pintura, escultura).,Disfruto de actividades artísticas como la música, el teatro o la literatura que involucran la creación de obras y expresiones creativas.","Explorar nuevas tecnologías y sus impactos en la sociedad.,Crear obras artísticas como pinturas, dibujos o esculturas.,Resolver problemas matemáticos y encontrar soluciones eficientes.","Matemáticas,Química",Artista digital,Nadie en particular,5,Muy positivo,1,Falta de recursos educativos,Tecnología,5.0,4.0,Mejorar la calidad de vida de las personas,4.0,Salud,4.0,Poco informado/a,0,1,1,3,1,1,2,5,1.0,2,1,1,2.0,1,0,0,0,0,0,0,0,0,1,0,0,1,1,0,0,1,0,0,0,1,0,0,1,1,0,0,1,0,0,0,0,0,1,0,0,1,0,0,0,0,1,0,0,0,1,0,0,0,0,1,0,0,0,0,1,0,1,1,1,1,1,0
17,Femenino,LICENCIADO RAFAEL FIALLOS,Urbana,Tercero de bachillerato,Español,Secundaria,$501 - $1000,"Encuentro fascinantes los misterios sin resolver y me gusta buscar soluciones lógicas y científicas para resolverlos.,Me interesa trabajar con materiales físicos (como pinturas, arcilla, telas) para crear productos artísticos.,Disfruto explorando temas relacionados con arte y belleza visual en diferentes formas de expresión (dibujo, pintura, escultura).,Disfruto de actividades artísticas como la música, el teatro o la literatura que involucran la creación de obras y expresiones creativas.","Analizar datos para encontrar patrones y conclusiones.,Resolver problemas usando herramientas y software tecnológico.,Crear obras artísticas como pinturas, dibujos o esculturas.","Tecnología,Arte","Desarrollador/a de software,Ingeniero/a civil",Familia,4,Positivo,4,Dificultad en las materias,Tecnología,5.0,4.0,Contribuir a la sostenibilidad,4.0,Salud,5.0,Neutro,0,1,1,3,1,2,2,4,3.0,2,3,1,3.0,3,0,0,0,0,0,0,0,0,1,0,1,1,1,1,0,0,1,0,0,1,0,0,0,0,0,0,0,1,1,0,1,1,0,0,0,0,0,1,0,0,1,0,0,0,0,0,1,0,0,1,0,0,0,0,1,1,1,1,1,1,1,0
17,Femenino,LICENCIADO RAFAEL FIALLOS,Urbana,Tercero de bachillerato,Español,Primaria,$501 - $1000,"Me interesa trabajar con materiales físicos (como pinturas, arcilla, telas) para crear productos artísticos.",Aprender sobre nuevos descubrimientos científicos.,Tecnología,"Investigador/a cientifico/a, Otro",Nadie en particular,5,Neutro,5,Dificultad en las materias,Salud,4.0,5.0,Innovar y crear nuevas tecnologías,3.0,Educación,4.0,Neutro,0,1,1,3,1,1,2,3,3.0,1,2,3,3.0,3,0,0,0,0,0,0,0,0,0,0,1,0,0,0,1,0,0,0,0,0,0,0,0,0,0,0,0,1,0,0,0,0,0,0,1,0,0,1,0,1,0,0,0,0,0,1,0,0,0,0,0,1,0,0,1,1,1,1,0,1,0,0
17,Femenino,LICENCIADO RAFAEL FIALLOS,Urbana,Tercero de bachillerato,Español,Primaria,$501 - $1000,"Disfruto explorando y aprendiendo sobre seres vivos como animales, peces y plantas.,Encuentro fascinantes los misterios sin resolver y me gusta buscar soluciones lógicas y científicas para resolverlos.,Me gusta leer novelas de detectives y explorar el razonamiento detrás de los casos y las soluciones propuestas.,Disfruto de actividades artísticas como la música, el teatro o la literatura que involucran la creación de obras y expresiones creativas.","Aprender sobre nuevos descubrimientos científicos.,Crear obras artísticas como pinturas, dibujos o esculturas.,Compartir y recibir retroalimentación sobre tu arte.","Biología,Arte","Investigador/a cientifico/a, Otro",Nadie en particular,5,Positivo,5,Dificultad en las materias,Arte,3.0,3.0,Desarrollar nuevas ideas artísticas,3.0,Salud,2.0,Informado/a,0,1,1,3,1,1,2,4,3.0,4,4,1,4.0,3,0,0,0,1,0,0,0,0,1,1,0,0,1,0,1,0,0,0,0,1,1,0,0,0,1,0,0,0,1,0,0,0,0,0,1,0,0,1,0,0,0,0,1,0,0,0,0,1,0,1,0,0,0,0,1,1,0,0,0,0,1,1
16,Masculino,LICENCIADO RAFAEL FIALLOS,Rural,Tercero de bachillerato,Español,Universidad,$2000 - $3000,"Me interesa trabajar con herramientas, máquinas y equipos.,Me siento atraído/a por temas relacionados con mecánica y automóviles.,Encuentro fascinantes los misterios sin resolver y me gusta buscar soluciones lógicas y científicas para resolverlos.,Me interesa trabajar con materiales físicos (como pinturas, arcilla, telas) para crear productos artísticos.,Disfruto de actividades artísticas como la música, el teatro o la literatura que involucran la creación de obras y expresiones creativas.",Resolver problemas complejos de manera creativa.,Biología,"Mecánico, Otro",Familia,3,Neutro,5,Dificultad en las materias,Medio ambiente,4.0,4.0,Desarrollar nuevas ideas artísticas,3.0,Medio ambiente,3.0,Neutro,1,1,0,3,1,4,4,3,3.0,3,4,5,3.0,3,1,0,1,0,0,0,0,0,1,0,1,0,1,0,0,0,0,0,1,0,0,0,0,0,1,0,0,0,0,0,0,0,0,0,1,0,0,1,0,0,0,1,0,0,0,0,0,1,0,0,0,0,0,1,0,1,1,1,0,0,0,0
16,Masculino,LICENCIADO RAFAEL FIALLOS,Urbana,Tercero de bachillerato,Español,Bachillerato,Menos de $500,Me gusta jugar ajedrez.,Explorar nuevas tecnologías y sus impactos en la sociedad.,Tecnología,"Criminologia, Otro",Familia,3,Neutro,3,Dificultad en las materias,Tecnología,3.0,4.0,No estoy seguro(a),2.0,Salud,3.0,Poco informado/a,1,1,1,3,1,3,1,3,3.0,2,5,1,2.0,3,0,0,0,0,0,0,1,0,0,0,0,0,0,0,0,1,0,0,0,0,0,0,0,0,0,0,0,1,0,0,0,0,0,0,1,0,0,1,0,0,1,0,0,0,0,0,0,0,1,1,0,0,0,0,0,0,0,1,0,0,0,0
17,Masculino,LICENCIADO RAFAEL FIALLOS,Urbana,Tercero de bachillerato,Español,Primaria,$501 - $1000,Me gusta jugar ajedrez.,"Crear obras artísticas como pinturas, dibujos o esculturas.",Arte,"Matemático/a estadístico/a, Otro",Nadie en particular,3,Positivo,3,Dificultad en las materias,Tecnología,3.0,2.0,No estoy seguro(a),5.0,Salud,5.0,Neutro,1,1,1,3,1,1,2,4,3.0,2,5,1,3.0,3,0,0,0,0,0,0,1,0,0,0,0,0,0,0,0,0,0,0,0,1,0,0,0,0,0,0,0,0,1,0,0,0,0,0,1,0,0,1,0,0,1,0,0,0,0,0,0,0,1,1,0,0,0,0,0,0,0,0,1,1,1,0
